{"1": {"time": 5.306179046630859, "steps": 500, "reward": 394.3813449256941}, "2": {"time": 10.677228689193726, "steps": 500, "reward": 384.6333924416401}, "3": {"time": 16.062113761901855, "steps": 500, "reward": 377.4902409472916}, "4": {"time": 21.38163423538208, "steps": 500, "reward": 384.8571431751587}, "5": {"time": 26.715863943099976, "steps": 500, "reward": 385.89719561491484}, "6": {"time": 32.089786767959595, "steps": 500, "reward": 383.76076175890125}, "7": {"time": 37.44852542877197, "steps": 500, "reward": 384.34167097054234}, "8": {"time": 42.80712080001831, "steps": 500, "reward": 387.64482281132456}, "9": {"time": 48.11374616622925, "steps": 500, "reward": 380.071767710595}, "10": {"time": 53.541271686553955, "steps": 500, "reward": 393.661631435649}}