{"0": {"time": 2.7972800731658936, "reward": 0.4921663933987869, "lane_pos": {"dist": 0.04162440727693406, "dot_dir": 0.9632172065468864, "angle_deg": -15.588354272384315, "angle_rad": -0.27206810702043127}, "wheel_vel": [1.8025065814941678e-13, 0.96], "action": [1.877611022389758e-13, 1.0]}, "1": {"time": 2.807363748550415, "reward": 0.06687588427281863, "lane_pos": {"dist": 0.041639113374849164, "dot_dir": 0.9616667392438357, "angle_deg": 15.91558817577719, "angle_rad": 0.27777941605879}, "wheel_vel": [0.9597369575500488, -0.7287847137451172], "action": [0.9997259974479675, -0.7591507434844971]}, "2": {"time": 2.8176116943359375, "reward": -0.22971496597468238, "lane_pos": {"dist": 0.034900930601551305, "dot_dir": 0.8290096624613343, "angle_deg": 34.00285960605936, "angle_rad": 0.5934618552191179}, "wheel_vel": [1.315785453925855e-08, -0.96], "action": [1.3706098478394324e-08, -1.0]}, "3": {"time": 2.827831745147705, "reward": -0.15912677070184825, "lane_pos": {"dist": 0.03490092616745111, "dot_dir": 0.34278846532474705, "angle_deg": 69.95314620546237, "angle_rad": 1.2209127234142962}, "wheel_vel": [0.9599996566772461, -0.96], "action": [0.9999996423721313, -1.0]}, "4": {"time": 2.837951898574829, "reward": -0.24268954292702555, "lane_pos": {"dist": -0.2689009242924634, "dot_dir": 0.27401691166173336, "angle_deg": -74.0965629095257, "angle_rad": -1.2932289871823328}, "wheel_vel": [0.9599998855590821, -0.96], "action": [0.9999998807907104, -1.0]}, "5": {"time": 2.848705530166626, "reward": -0.3080663676274149, "lane_pos": {"dist": 0.050755723709245526, "dot_dir": 0.03542343334655966, "angle_deg": 87.96996206709733, "angle_rad": 1.5353654809253652}, "wheel_vel": [0.0022255524247884752, 0.96], "action": [0.002318283775821328, 1.0]}, "6": {"time": 2.8588521480560303, "reward": -0.2233604852744735, "lane_pos": {"dist": 0.06639649231114486, "dot_dir": 0.3421051706387074, "angle_deg": 69.99481555318913, "angle_rad": 1.2216399907292865}, "wheel_vel": [3.7745058755231303e-29, 0.96], "action": [3.9317769536699277e-29, 1.0]}, "7": {"time": 2.8688347339630127, "reward": -0.26752723758378694, "lane_pos": {"dist": -0.3008992119207825, "dot_dir": 0.2319261856073519, "angle_deg": -76.58949908612955, "angle_rad": -1.3367389315061486}, "wheel_vel": [0.9076398468017578, -0.8769941711425782], "action": [0.945458173751831, -0.9135355949401855]}, "8": {"time": 2.8788771629333496, "reward": -0.38164771340892845, "lane_pos": {"dist": -0.31344514243203037, "dot_dir": 0.07900277447060641, "angle_deg": -85.46875250696168, "angle_rad": -1.491711138818639}, "wheel_vel": [0.14431297302246093, 0.6185279273986817], "action": [0.15032601356506348, 0.6442999243736267]}, "9": {"time": 2.889698028564453, "reward": -0.2543065094838717, "lane_pos": {"dist": 0.09533498776842864, "dot_dir": 0.2324143111728112, "angle_deg": 76.56074587422927, "angle_rad": 1.3362370932879652}, "wheel_vel": [0.00022884418722242115, 0.9599807739257812], "action": [0.00023837936169002205, 0.9999799728393555]}, "10": {"time": 2.899794101715088, "reward": -0.22207018921266003, "lane_pos": {"dist": 0.12011841979011084, "dot_dir": 0.34659177212029757, "angle_deg": 69.72100622480293, "angle_rad": 1.216861116426273}, "wheel_vel": [0.5947095108032227, 0.96], "action": [0.6194890737533569, 1.0]}, "11": {"time": 2.909895181655884, "reward": -0.13577298492401957, "lane_pos": {"dist": 0.13401384049761175, "dot_dir": 0.62376814104661, "angle_deg": 51.408170708071985, "angle_rad": 0.8972418412831608}, "wheel_vel": [1.7268567717110273e-07, 0.96], "action": [1.7988091371989867e-07, 1.0]}, "12": {"time": 2.920665979385376, "reward": -0.031669243605730424, "lane_pos": {"dist": 0.14435966338014294, "dot_dir": 0.8719268457037579, "angle_deg": 29.316670674517702, "angle_rad": 0.5116724289932008}, "wheel_vel": [3.2691638458814953e-13, 0.96], "action": [3.4053790061265576e-13, 1.0]}}