{"0": {"time": 2920, "reward": 1.0244991289464571, "lane_pos": {"dist": -0.16323423351198407, "dot_dir": 0.7596686304214924, "angle_deg": 40.565006217807166, "angle_rad": 0.707992919592707}, "wheel_vel": [0.96, -1.2], "action": [1.0, -1.0]}, "1": {"time": 2920, "reward": 0.22849156112255645, "lane_pos": {"dist": -0.16667897884581562, "dot_dir": 0.15687265888296317, "angle_deg": 80.9745794905631, "angle_rad": 1.4132730225281989}, "wheel_vel": [0.9581664848327637, -1.1999906301498413], "action": [0.9980900883674622, -0.9999921917915344]}, "2": {"time": 2920, "reward": 0.6037275505868303, "lane_pos": {"dist": -0.14288178036426258, "dot_dir": 0.4358671755139312, "angle_deg": 64.15951355427546, "angle_rad": 1.1197947580000365}, "wheel_vel": [0.3019565105438232, 1.2], "action": [0.31453803181648254, 1.0]}, "3": {"time": 2920, "reward": 0.8976635395593242, "lane_pos": {"dist": -0.11839272722774652, "dot_dir": 0.6191755435102795, "angle_deg": 51.74404674136207, "angle_rad": 0.9031039839426108}, "wheel_vel": [0.5369262313842774, 1.2], "action": [0.5592981576919556, 1.0]}, "4": {"time": 2920, "reward": -0.30732139328818775, "lane_pos": {"dist": -0.11188225390286544, "dot_dir": 0.038180727558100876, "angle_deg": -87.81187360234452, "angle_rad": -1.5326063167060058}, "wheel_vel": [0.96, -1.2], "action": [1.0, -1.0]}, "5": {"time": 2920, "reward": 0.4306035956762636, "lane_pos": {"dist": -0.09940647324759455, "dot_dir": 0.2907622066592447, "angle_deg": 73.09640627188698, "angle_rad": 1.2757729608198611}, "wheel_vel": [0.18036706924438478, 1.2], "action": [0.18788236379623413, 1.0]}, "6": {"time": 2920, "reward": 0.7177260820473492, "lane_pos": {"dist": -0.07579866115361567, "dot_dir": 0.5380511218180568, "angle_deg": 57.448931442801324, "angle_rad": 1.0026730054293795}, "wheel_vel": [0.364314136505127, 1.2], "action": [0.3794938921928406, 1.0]}, "7": {"time": 2920, "reward": -0.28043775748676025, "lane_pos": {"dist": -0.1543742147238647, "dot_dir": 0.13732372333237147, "angle_deg": -82.10698890090528, "angle_rad": -1.4330372952192372}, "wheel_vel": [0.96, -1.2], "action": [1.0, -1.0]}, "8": {"time": 2920, "reward": 0.3096005068770795, "lane_pos": {"dist": -0.05590900666678911, "dot_dir": 0.17850092260013975, "angle_deg": 79.71754504730065, "angle_rad": 1.3913336326822952}, "wheel_vel": [0.2293015193939209, 1.2], "action": [0.2388557493686676, 1.0]}, "9": {"time": 2920, "reward": 0.26203783156184723, "lane_pos": {"dist": -0.030332780314307417, "dot_dir": 0.4224132168259686, "angle_deg": 65.01296202995248, "angle_rad": 1.134690243896727}, "wheel_vel": [0.4146712303161621, 1.2], "action": [0.4319491982460022, 1.0]}, "10": {"time": 2920, "reward": -0.3124245182994076, "lane_pos": {"dist": -0.2087675792326471, "dot_dir": 0.059820044928985606, "angle_deg": -86.5705164521064, "angle_rad": -1.5109405472411765}, "wheel_vel": [0.9161884689331055, -0.6014548301696777], "action": [0.9543629884719849, -0.5012123584747314]}, "11": {"time": 2920, "reward": 0.021479719397095753, "lane_pos": {"dist": -0.0006335651580209323, "dot_dir": 0.23614770114268116, "angle_deg": 76.34071452127743, "angle_rad": 1.332396821721338}, "wheel_vel": [0.2873388290405273, 1.2], "action": [0.2993112802505493, 1.0]}, "12": {"time": 2920, "reward": -0.04491194677891697, "lane_pos": {"dist": 0.027577175081843208, "dot_dir": 0.42198864172808975, "angle_deg": 65.03979744142559, "angle_rad": 1.1351586101830604}, "wheel_vel": [0.5964510726928711, 1.2], "action": [0.6213032007217407, 1.0]}, "13": {"time": 2920, "reward": -0.24467926299742732, "lane_pos": {"dist": -0.2576724842305862, "dot_dir": 0.26695545249160596, "angle_deg": -74.51682145653025, "angle_rad": -1.3005638825372094}, "wheel_vel": [0.9599626922607423, -1.2], "action": [0.9999611377716064, -1.0]}, "14": {"time": 2920, "reward": -0.24143207155294472, "lane_pos": {"dist": 0.04809044247061234, "dot_dir": 0.030002550310366985, "angle_deg": 88.2807224912968, "angle_rad": 1.5407892735125401}, "wheel_vel": [0.2812671375274658, 1.2], "action": [0.29298660159111023, 1.0]}, "15": {"time": 2920, "reward": -0.17176067263208072, "lane_pos": {"dist": 0.07293215609035686, "dot_dir": 0.3127097599719914, "angle_deg": 71.77739067433743, "angle_rad": 1.252751795757461}, "wheel_vel": [0.318605318069458, 1.2], "action": [0.3318805396556854, 1.0]}, "16": {"time": 2920, "reward": -0.14910324905168665, "lane_pos": {"dist": 0.10635279572250056, "dot_dir": 0.39122371447211285, "angle_deg": 66.96933606027532, "angle_rad": 1.168835412126372}, "wheel_vel": [0.9432158660888672, 1.2], "action": [0.9825165271759033, 1.0]}, "17": {"time": 2920, "reward": -0.24377514440342574, "lane_pos": {"dist": -0.33784212408480707, "dot_dir": 0.2714040501633357, "angle_deg": -74.25216689367392, "angle_rad": -1.29594478903494}, "wheel_vel": [0.9585905456542969, -1.1124555587768554], "action": [0.9985318183898926, -0.9270462989807129]}, "18": {"time": 2920, "reward": -0.24888125274431389, "lane_pos": {"dist": 0.12789822008058538, "dot_dir": 0.03240707774174997, "angle_deg": 88.14288605963928, "angle_rad": 1.5383835739509164}, "wheel_vel": [0.2597712707519531, 1.2], "action": [0.27059507369995117, 1.0]}}