{"0": {"time": 4.850831508636475, "reward": -0.04670614147454166, "lane_pos": {"dist": 0.05832538990266345, "dot_dir": 0.8433201728957922, "angle_deg": 32.507599507303425, "angle_rad": 0.5673646433221312}, "wheel_vel": [0.96, -0.96], "action": [1.0, -1.0]}, "1": {"time": 4.860727071762085, "reward": 0.037999740878399524, "lane_pos": {"dist": 0.06468435009936169, "dot_dir": 0.968005666948704, "angle_deg": 14.532452993395259, "angle_rad": 0.253639153126053}, "wheel_vel": [5.064400065466111e-18, 0.96], "action": [5.2754167348605324e-18, 1.0]}, "2": {"time": 4.8717122077941895, "reward": -0.13141206085248577, "lane_pos": {"dist": 0.06468434808276369, "dot_dir": 0.6363106151886204, "angle_deg": 50.48274173560274, "angle_rad": 0.8810900587202244}, "wheel_vel": [0.9599997711181641, -0.96], "action": [0.9999997615814209, -1.0]}, "3": {"time": 4.881696462631226, "reward": -0.0467061212790858, "lane_pos": {"dist": 0.07524183757589231, "dot_dir": 0.8433202130930846, "angle_deg": 32.50759522169459, "angle_rad": 0.5673645685241465}, "wheel_vel": [1.891319539133393e-15, 0.96], "action": [1.970124519930618e-15, 1.0]}, "4": {"time": 4.891756534576416, "reward": 0.03799976107385533, "lane_pos": {"dist": 0.08160079667974385, "dot_dir": 0.968005685717635, "angle_deg": 14.532448707786418, "angle_rad": 0.2536390783280683}, "wheel_vel": [2.2045761776761284e-20, 0.96], "action": [2.296433518412634e-20, 1.0]}, "5": {"time": 4.90281867980957, "reward": -0.13141200363202704, "lane_pos": {"dist": 0.08160079667974385, "dot_dir": 0.6363106151886198, "angle_deg": 50.48274173560279, "angle_rad": 0.8810900587202253}, "wheel_vel": [0.96, -0.96], "action": [1.0, -1.0]}, "6": {"time": 4.912796497344971, "reward": -0.30675316266720487, "lane_pos": {"dist": 0.08304075039539782, "dot_dir": 0.2210350288859768, "angle_deg": 77.23016751541293, "angle_rad": 1.347920705010724}, "wheel_vel": [0.7628124618530274, -0.6656893157958985], "action": [0.7945963144302368, -0.6934263706207275]}, "7": {"time": 4.922839641571045, "reward": -0.17295252470195, "lane_pos": {"dist": 0.09787789072367925, "dot_dir": 0.5105742213309502, "angle_deg": 59.2979140914578, "angle_rad": 1.0349438404606806}, "wheel_vel": [0.0022907944768667224, 0.96], "action": [0.002386244246736169, 1.0]}, "8": {"time": 4.9339025020599365, "reward": -0.3505709023313983, "lane_pos": {"dist": 0.09884971515060625, "dot_dir": 0.049667445329838134, "angle_deg": 87.15309370003062, "angle_rad": 1.5211084383646616}, "wheel_vel": [0.7745842552185059, -0.7130794143676759], "action": [0.8068585991859436, -0.7427910566329956]}, "9": {"time": 4.943844556808472, "reward": -0.2195110837830836, "lane_pos": {"dist": 0.11444547943824412, "dot_dir": 0.35546674508744974, "angle_deg": 69.17794718612242, "angle_rad": 1.207382948168583}, "wheel_vel": [2.651148174861508e-32, 0.96], "action": [2.761612682147404e-32, 1.0]}}