{"1": {"time": 5.232724189758301, "steps": 500, "reward": 461.80911882772114}, "2": {"time": 10.427147388458252, "steps": 500, "reward": 455.31387315403407}, "3": {"time": 15.579973459243774, "steps": 500, "reward": 456.8586216862747}, "4": {"time": 20.76935577392578, "steps": 500, "reward": 447.10027102094114}, "5": {"time": 25.966195344924927, "steps": 500, "reward": 444.2184382230179}, "6": {"time": 31.178763151168823, "steps": 500, "reward": 471.4123628790597}, "7": {"time": 36.40402364730835, "steps": 500, "reward": 465.1348103745653}, "8": {"time": 41.63376832008362, "steps": 500, "reward": 379.3856950176393}, "9": {"time": 46.86578702926636, "steps": 500, "reward": 459.10493244109983}, "10": {"time": 52.07312297821045, "steps": 500, "reward": 456.49056255389985}}