{"0": {"time": 7.888531684875488, "reward": 0.7955243250454819, "lane_pos": {"dist": -0.2587599957239906, "dot_dir": 0.7917624520935892, "angle_deg": 37.649478244862955, "angle_rad": 0.6571073570308344}, "wheel_vel": [0.96, -0.9599921035766601], "action": [1.0, -0.999991774559021]}, "1": {"time": 7.899192571640015, "reward": -0.11169509857578452, "lane_pos": {"dist": 0.021310670379055145, "dot_dir": -0.3498524059867662, "angle_deg": -110.47828787385296, "angle_rad": -1.92820987536486}, "wheel_vel": [0.96, -0.96], "action": [1.0, -1.0]}, "2": {"time": 7.909359455108643, "reward": -0.2490893190177323, "lane_pos": {"dist": -0.00169030242480885, "dot_dir": -0.4837922085024287, "angle_deg": -118.93337146450007, "angle_rad": -2.0757789225529963}, "wheel_vel": [0.5604571723937988, 0.96], "action": [0.5838095545768738, 1.0]}, "3": {"time": 7.919445276260376, "reward": -0.372673842981883, "lane_pos": {"dist": -0.02954220977293147, "dot_dir": -0.5013915253198049, "angle_deg": -120.09210535592759, "angle_rad": -2.096002644112853}, "wheel_vel": [0.96, 0.96], "action": [1.0, 1.0]}, "4": {"time": 7.929641962051392, "reward": 1.0648663214772114, "lane_pos": {"dist": -0.18932249500877615, "dot_dir": 0.6569781563533603, "angle_deg": 48.93018501619881, "angle_rad": 0.8539928321426642}, "wheel_vel": [0.2715860652923584, 0.96], "action": [0.28290215134620667, 1.0]}, "5": {"time": 7.939742565155029, "reward": 1.225299206803911, "lane_pos": {"dist": -0.16572728434265685, "dot_dir": 0.6937120906450256, "angle_deg": 46.075323874844536, "angle_rad": 0.8041661055387889}, "wheel_vel": [0.9599988555908203, 0.96], "action": [0.9999988079071045, 1.0]}, "6": {"time": 7.949913024902344, "reward": -0.36269871025451406, "lane_pos": {"dist": -0.06865600271831682, "dot_dir": -0.16613723698527147, "angle_deg": -99.5633052428212, "angle_rad": -1.7377074906553622}, "wheel_vel": [0.96, -0.96], "action": [1.0, -1.0]}, "7": {"time": 7.9599082469940186, "reward": -0.4483281531133504, "lane_pos": {"dist": -0.08375456005523728, "dot_dir": -0.46537412377872467, "angle_deg": -117.73443738307292, "angle_rad": -2.054853575317719}, "wheel_vel": [1.1896541745286388e-16, 0.96], "action": [1.2392230984673323e-16, 1.0]}, "8": {"time": 7.969977855682373, "reward": 1.2351033210330435, "lane_pos": {"dist": -0.13761667901119135, "dot_dir": 0.7147011300998378, "angle_deg": 44.38128895721832, "angle_rad": 0.7745996185824604}, "wheel_vel": [2.2207272641888016e-16, 0.96], "action": [2.313257566863335e-16, 1.0]}, "9": {"time": 7.980286598205566, "reward": 1.184812456293208, "lane_pos": {"dist": -0.1156739378243512, "dot_dir": 0.7326735084846726, "angle_deg": 42.88900554171876, "angle_rad": 0.7485543596090866}, "wheel_vel": [0.96, 0.9599970817565917], "action": [1.0, 0.9999969601631165]}, "10": {"time": 7.991769313812256, "reward": 0.743753631438764, "lane_pos": {"dist": -0.09875423475875866, "dot_dir": 0.5982545722230936, "angle_deg": 53.25500739938147, "angle_rad": 0.9294752222931494}, "wheel_vel": [0.96, 0.4063821601867676], "action": [1.0, 0.42331475019454956]}, "11": {"time": 8.001993417739868, "reward": 0.695772426877542, "lane_pos": {"dist": -0.08763184412364389, "dot_dir": 0.8163406459282109, "angle_deg": 35.27986159345938, "angle_rad": 0.6157497444537593}, "wheel_vel": [3.781146574510786e-08, 0.96], "action": [3.938694348448735e-08, 1.0]}, "12": {"time": 8.012177467346191, "reward": 0.6958025450846808, "lane_pos": {"dist": -0.06915012184311964, "dot_dir": 0.8163215829861923, "angle_deg": 35.28175261838253, "angle_rad": 0.6157827490649055}, "wheel_vel": [0.96, 0.9598990058898926], "action": [1.0, 0.9998947978019714]}, "13": {"time": 8.022331714630127, "reward": 0.6957651341450397, "lane_pos": {"dist": -0.0506687694393233, "dot_dir": 0.8163446528131186, "angle_deg": 35.279464103234744, "angle_rad": 0.6157428069405949}, "wheel_vel": [0.9598738861083985, 0.9599961090087891], "action": [0.999868631362915, 0.9999959468841553]}, "14": {"time": 8.032445192337036, "reward": 0.4907799256027149, "lane_pos": {"dist": -0.043610688953496624, "dot_dir": 0.9547383877345803, "angle_deg": 17.30431759547948, "angle_rad": 0.30201731685190514}, "wheel_vel": [3.2860916654442465e-10, 0.96], "action": [3.423012151504423e-10, 1.0]}, "15": {"time": 8.042526960372925, "reward": 0.6335680266557047, "lane_pos": {"dist": -0.043610688953496624, "dot_dir": 0.5982601212928291, "angle_deg": 53.25461062329583, "angle_rad": 0.9294682972440619}, "wheel_vel": [0.96, -0.96], "action": [1.0, -1.0]}, "16": {"time": 8.052624225616455, "reward": 0.8919822775727049, "lane_pos": {"dist": -0.03248837784912517, "dot_dir": 0.8163446527510949, "angle_deg": 35.27946410938763, "angle_rad": 0.6157428070479831}, "wheel_vel": [5.61026535917671e-28, 0.96], "action": [5.844026415809073e-28, 1.0]}, "17": {"time": 8.06267261505127, "reward": 0.9292468430148562, "lane_pos": {"dist": -0.025430295255298496, "dot_dir": 0.9547383666950364, "angle_deg": 17.304321648227223, "angle_rad": 0.302017387585697}, "wheel_vel": [2.1644540538545697e-07, 0.96], "action": [2.2546396394318435e-07, 1.0]}, "18": {"time": 8.07288932800293, "reward": 0.32729653879633963, "lane_pos": {"dist": -0.025430295255298496, "dot_dir": 0.5982600646137015, "angle_deg": 53.254614676043595, "angle_rad": 0.929468367977854}, "wheel_vel": [0.96, -0.96], "action": [1.0, -1.0]}, "19": {"time": 8.083312749862671, "reward": 0.48192025263966837, "lane_pos": {"dist": -0.014307983343752717, "dot_dir": 0.8163446118968828, "angle_deg": 35.27946816221898, "angle_rad": 0.6157428777832342}, "wheel_vel": [4.462882563505133e-12, 0.96], "action": [4.64883600365118e-12, 1.0]}, "20": {"time": 8.095136642456055, "reward": 0.6817562344743701, "lane_pos": {"dist": -0.0072498907588975925, "dot_dir": 0.9547380211419283, "angle_deg": 17.304388210355054, "angle_rad": 0.3020185493139848}, "wheel_vel": [1.952711245394312e-06, 0.9599983978271485], "action": [2.034074213952408e-06, 0.9999983310699463]}, "21": {"time": 8.10546875, "reward": 0.10102139758671524, "lane_pos": {"dist": -0.0072498907588975925, "dot_dir": 0.5982591337180975, "angle_deg": 53.25468123817142, "angle_rad": 0.9294695297061418}, "wheel_vel": [0.96, -0.96], "action": [1.0, -1.0]}, "22": {"time": 8.115644693374634, "reward": 0.18678955210991688, "lane_pos": {"dist": 0.0038724344085747653, "dot_dir": 0.8163439409234297, "angle_deg": 35.279534724263236, "angle_rad": 0.6157440395100633}, "wheel_vel": [3.3063837840924852e-34, 0.96], "action": [3.4441497750963387e-34, 1.0]}, "23": {"time": 8.125788927078247, "reward": 0.3891411310917667, "lane_pos": {"dist": 0.010930532529234593, "dot_dir": 0.9547380208475577, "angle_deg": 17.30438826705806, "angle_rad": 0.30201855030363894}, "wheel_vel": [3.0283419505394704e-09, 0.96], "action": [3.1545228651452817e-09, 1.0]}, "24": {"time": 8.135744094848633, "reward": 0.021225014115428542, "lane_pos": {"dist": 0.010930532529234593, "dot_dir": 0.5982591329250849, "angle_deg": 53.25468129487443, "angle_rad": 0.929469530695796}, "wheel_vel": [0.96, -0.96], "action": [1.0, -1.0]}, "25": {"time": 8.14575719833374, "reward": 0.05875944604534816, "lane_pos": {"dist": 0.02205285771499277, "dot_dir": 0.8163439402543761, "angle_deg": 35.27953479063477, "angle_rad": 0.6157440406684651}, "wheel_vel": [5.163667360363888e-10, 0.96], "action": [5.378820167045717e-10, 1.0]}, "26": {"time": 8.15591835975647, "reward": 0.12896397161372025, "lane_pos": {"dist": 0.029110955822685636, "dot_dir": 0.954738020797364, "angle_deg": 17.304388276726584, "angle_rad": 0.3020185504723865}, "wheel_vel": [8.970834094235078e-18, 0.96], "action": [9.344618848161539e-18, 1.0]}, "27": {"time": 8.165760278701782, "reward": -0.05588088967824223, "lane_pos": {"dist": 0.029110955822685636, "dot_dir": 0.5982591327898673, "angle_deg": 53.254681304542935, "angle_rad": 0.9294695308645432}, "wheel_vel": [0.96, -0.96], "action": [1.0, -1.0]}, "28": {"time": 8.17631459236145, "reward": -0.22529265438412466, "lane_pos": {"dist": 0.029110955822685636,