{"0": {"time": 16.046228408813477, "reward": 0.1655638157478949, "lane_pos": {"dist": -0.07135676547153169, "dot_dir": 0.9913511370043788, "angle_deg": 7.541029667111613, "angle_rad": 0.1316157966816696}, "wheel_vel": [0.7988612937927246, 0.5383089065551757], "action": [0.8321471810340881, 0.5607384443283081]}, "1": {"time": 16.056315660476685, "reward": 0.1191382048829806, "lane_pos": {"dist": -0.0695376927642708, "dot_dir": 0.9999473801732965, "angle_deg": 0.5877792377940082, "angle_rad": 0.010258682974368135}, "wheel_vel": [0.5847441673278808, 0.9560969352722167], "action": [0.6091085076332092, 0.9959343075752258]}, "2": {"time": 16.066383123397827, "reward": 0.0245462742725725, "lane_pos": {"dist": -0.07186539098345612, "dot_dir": 0.9543062386206467, "angle_deg": -17.387367276114063, "angle_rad": -0.3034668072217084}, "wheel_vel": [4.448190048347386e-19, 0.96], "action": [4.63353130036186e-19, 1.0]}, "3": {"time": 16.076485633850098, "reward": -0.06015960807975618, "lane_pos": {"dist": -0.07894417150963173, "dot_dir": 0.8155066204623483, "angle_deg": -35.362513789892276, "angle_rad": -0.6171922974155185}, "wheel_vel": [6.941088953604791e-12, 0.96], "action": [7.230300993338323e-12, 1.0]}, "4": {"time": 16.08655071258545, "reward": -0.14486757308910891, "lane_pos": {"dist": -0.09008283832550434, "dot_dir": 0.5971013887785682, "angle_deg": -53.33741923830032, "angle_rad": -0.9309135802249066}, "wheel_vel": [6.71318977783688e-16, 0.9599871253967285], "action": [6.992906018580083e-16, 0.9999865889549255]}, "5": {"time": 16.096574068069458, "reward": -0.22957023679123217, "lane_pos": {"dist": -0.10419434157458651, "dot_dir": 0.32040524663970626, "angle_deg": -71.31256575220849, "angle_rad": -1.2446390704209847}, "wheel_vel": [4.617767559390134e-35, 0.96], "action": [4.8101745410313894e-35, 1.0]}, "6": {"time": 16.10661029815674, "reward": -0.3142761191441732, "lane_pos": {"dist": -0.11990100540919046, "dot_dir": 0.012431445961196011, "angle_deg": -89.28771226611664, "angle_rad": -1.5583645606170629}, "wheel_vel": [1.1040552897273349e-31, 0.96], "action": [1.1500575934659739e-31, 1.0]}, "7": {"time": 16.116692781448364, "reward": 0.377563125794697, "lane_pos": {"dist": -0.09833043990758084, "dot_dir": 0.2967559007687795, "angle_deg": 72.73714121997519, "angle_rad": 1.269502602776652}, "wheel_vel": [1.8182293152549746e-34, 0.96], "action": [1.8939888700572653e-34, 1.0]}, "8": {"time": 16.12674641609192, "reward": 0.6951275560543153, "lane_pos": {"dist": -0.08403930583900188, "dot_dir": 0.5769742158389551, "angle_deg": 54.76199470606703, "angle_rad": 0.955777112580574}, "wheel_vel": [0.0, 0.96], "action": [0.0, 1.0]}, "9": {"time": 16.136874675750732, "reward": 0.13759287456923133, "lane_pos": {"dist": -0.09832913668054921, "dot_dir": 0.29678145423998825, "angle_deg": 72.73560804339448, "angle_rad": 1.2694758437973042}, "wheel_vel": [9.564319322492269e-17, -0.9599181175231933], "action": [9.962832627596113e-17, -0.9999147057533264]}, "10": {"time": 16.146974325180054, "reward": 0.6951504420296617, "lane_pos": {"dist": -0.0840381912074526, "dot_dir": 0.5769960713595321, "angle_deg": 54.76046152948631, "angle_rad": 0.955750353601226}, "wheel_vel": [0.0, 0.96], "action": [0.0, 1.0]}, "11": {"time": 16.15704917907715, "reward": 0.13761046208170966, "lane_pos": {"dist": -0.09832836622438279, "dot_dir": 0.296796561223643, "angle_deg": 72.73470163711406, "angle_rad": 1.2694600240233502}, "wheel_vel": [8.426170426277438e-16, -0.9599515914916992], "action": [8.777260860705664e-16, -0.99994957447052]}, "12": {"time": 16.16710615158081, "reward": 0.6951639984139537, "lane_pos": {"dist": -0.08403753225279909, "dot_dir": 0.5770089920390048, "angle_deg": 54.7595551232059, "angle_rad": 0.955734533827272}, "wheel_vel": [0.0, 0.96], "action": [0.0, 1.0]}, "13": {"time": 16.177220106124878, "reward": 0.20057803348996311, "lane_pos": {"dist": -0.09561857288129749, "dot_dir": 0.34992976402921094, "angle_deg": 69.51698076958303, "angle_rad": 1.2133002004748052}, "wheel_vel": [4.3919955563034854e-14, -0.7881509399414063], "action": [4.574995371149464e-14, -0.8209905624389648]}, "14": {"time": 16.187296628952026, "reward": 0.8527616074491207, "lane_pos": {"dist": -0.08174589514746078, "dot_dir": 0.6219430529279676, "angle_deg": 51.541834255674864, "angle_rad": 0.8995747102787272}, "wheel_vel": [0.0, 0.96], "action": [0.0, 1.0]}, "15": {"time": 16.19742774963379, "reward": 0.34377546311382473, "lane_pos": {"dist": -0.08948523365996719, "dot_dir": 0.47019131738843806, "angle_deg": 61.953283924230774, "angle_rad": 1.0812887869007002}, "wheel_vel": [3.471103612873172e-13, -0.5560450744628906], "action": [3.615732930076221e-13, -0.5792136192321777]}, "16": {"time": 16.207483291625977, "reward": 0.006071030315876169, "lane_pos": {"dist": -0.10454619943324195, "dot_dir": 0.1748782630105134, "angle_deg": 79.92842615253005, "angle_rad": 1.3950142022987928}, "wheel_vel": [2.1694156493704714e-17, -0.9599997711181641], "action": [2.259807968094241e-17, -0.9999997615814209]}, "17": {"time": 16.217520475387573, "reward": 0.5837755388392105, "lane_pos": {"dist": -0.08948523029325095, "dot_dir": 0.4701913834024847, "angle_deg": 61.953279638621886, "angle_rad": 1.0812887121027146}, "wheel_vel": [0.0, 0.96], "action": [0.0, 1.0]}, "18": {"time": 16.22759199142456, "reward": 1.2267183912812412, "lane_pos": {"dist": -0.0767654262329791, "dot_dir": 0.7195993061529135, "angle_deg": 43.97859168486505, "angle_rad": 0.7675712252910956}, "wheel_vel": [1.703583124443906e-21, 0.9599755096435547], "action": [1.774565754629069e-21, 0.9999744892120361]}, "19": {"time": 16.238463640213013, "reward": 0.2890622122436849, "lane_pos": {"dist": -0.08303474325675975, "dot_dir": 0.3170378032792636, "angle_deg": 71.51612196243782, "angle_rad": 1.2481917965023686}, "wheel_vel": [0.5108002281188965, -0.9598987197875977], "action": [0.5320835709571838, -0.9998944997787476]}, "20": {"time": 16.24848437309265, "reward": 0.7306629850393791, "lane_pos": {"dist": -0.0688970359107981, "dot_dir": 0.5942477512392921, "angle_deg": 53.540975448529665, "angle_rad": 0.9344663063062905}, "wheel_vel": [0.0, 0.96], "action": [0.0, 1.0]}, "21": {"time": 16.25855255126953, "reward": 0.16136238549463536, "lane_pos": {"dist": -0.08303473327392608, "dot_dir": 0.3170379975997289, "angle_deg": 71.51611022309635, "angle_rad": 1.2481915916122077}, "wheel_vel": [2.4611561855181208e-09, -0.9599993705749511], "action": [2.563704359914709e-09, -0.9999993443489075]}, "22": {"time": 16.26863670349121, "reward": 0.7306634872892556, "lane_pos": {"dist": -0.06889702743404547, "dot_dir": 0.5942479160287575, "angle_deg": 53.54096370918818, "angle_rad": 0.9344661014161295}, "wheel_vel": [0.0, 0.96], "action": [0.0, 1.0]}, "23": {"time": 16.27875065803528, "reward": 0.16487610421915175, "lane_pos": {"dist": -0.08287603484587569, "dot_dir": 0.3199265053096083, "angle_deg": 71.34151970281997, "angle_rad": 1.245144412190615}, "wheel_vel": [0.00038680116645991805, -0.9502888298034669], "action": [0.0004029178817290813, -0.9898841977119446]}, "24": {"time": 16.288836240768433, "reward": 0.7384542535113919, "lane_pos": {"dist": -0.06876079343786978, "dot_dir": 0.5966959446822707, "angle_deg": 53.36637318891181, "angle_rad": 0.9314189219945369}, "wheel_vel": [1.380827235485788e-33, 0.96], "action": [1.4383617036310291e-33, 1.0]}, "25": {"time": 16.298891067504883, "reward": 0.12104401271951143, "lane_pos": {"dist": -0.06875891186988792, "dot_dir": 0.012048296707765343, "angle_deg": 89.30966674600694, "angle_rad": 1.5587477385767115}, "wheel_vel": [0.9598736572265625, -0.9597525215148925], "action": [0.9998683929443359, -0.9997422099113464]}, "26": {"time": 16.308914184570312, "reward": -0.15147416624908863, "lane_pos": {"dist": -0.16524108275566052, "dot_dir": 0.5772870471956011, "angle_deg": -54.74004665459004, "angle_rad": -0.9553940468179033}, "wheel_vel": [0.9599996566772461, -0.96], "action": [0.9999996423721313, -1.0]}, "27": {"time": 16.31897497177124,