{"1": {"time": 21456, "steps": 500, "reward": 447.63100212590086}, "2": {"time": 21462, "steps": 500, "reward": 456.6611126396198}, "3": {"time": 21467, "steps": 500, "reward": 437.4070733445397}, "4": {"time": 21472, "steps": 500, "reward": 415.315295743613}, "5": {"time": 21477, "steps": 500, "reward": 411.3761102550473}, "6": {"time": 21482, "steps": 500, "reward": 407.38488659753125}, "7": {"time": 21488, "steps": 500, "reward": 133.54603223521764}, "8": {"time": 21493, "steps": 500, "reward": 453.6448735901449}, "9": {"time": 21498, "steps": 500, "reward": 419.41596611647765}, "10": {"time": 21503, "steps": 500, "reward": 444.2781388159539}}