{"0": {"time": 5.4798197746276855, "reward": 0.602703810324319, "lane_pos": {"dist": 0.005944499944688708, "dot_dir": 0.9322263058773219, "angle_deg": -21.215441792110347, "angle_rad": -0.3702793115375319}, "wheel_vel": [0.0058425039052963255, 0.96], "action": [0.006085941568017006, 1.0]}, "1": {"time": 5.489947319030762, "reward": 0.5263814885865108, "lane_pos": {"dist": 0.005944499944688708, "dot_dir": 0.9671132208018939, "angle_deg": 14.734851235706001, "angle_rad": 0.2571716688546248}, "wheel_vel": [0.96, -0.96], "action": [1.0, -1.0]}, "2": {"time": 5.500120639801025, "reward": 1.0929792069318276, "lane_pos": {"dist": 0.007543044171332447, "dot_dir": 0.9984135876103232, "angle_deg": -3.2277739155169125, "angle_rad": -0.056335282335759414}, "wheel_vel": [0.0006687293574213982, 0.96], "action": [0.0006965930806472898, 1.0]}, "3": {"time": 5.510647296905518, "reward": 1.0907295523494724, "lane_pos": {"dist": 0.004837474408222242, "dot_dir": 0.99040129078749, "angle_deg": -7.9449661212745575, "angle_rad": -0.13866581777564413}, "wheel_vel": [0.708068561553955, 0.96], "action": [0.7375714182853699, 1.0]}, "4": {"time": 5.520822048187256, "reward": 0.30848547982647306, "lane_pos": {"dist": 0.004513502875846953, "dot_dir": 0.9018378510014096, "angle_deg": 25.599293934549756, "angle_rad": 0.446791965343707}, "wheel_vel": [0.8315009880065918, -0.9599998283386231], "action": [0.8661468625068665, -0.9999998211860657]}, "5": {"time": 5.530979633331299, "reward": 0.00825959008664287, "lane_pos": {"dist": 0.004471362017246516, "dot_dir": 0.4826631238301164, "angle_deg": 61.14052023671016, "angle_rad": 1.067103384512815}, "wheel_vel": [0.9472056198120117, -0.950947322845459], "action": [0.9866725206375122, -0.9905701279640198]}, "6": {"time": 5.541069030761719, "reward": -0.284218025722468, "lane_pos": {"dist": -0.2384713620172465, "dot_dir": 0.12344236585858266, "angle_deg": -82.90918673547348, "angle_rad": -1.4470382886848212}, "wheel_vel": [0.96, -0.96], "action": [1.0, -1.0]}, "7": {"time": 5.552213907241821, "reward": -0.11708124801295583, "lane_pos": {"dist": -0.238393497914414, "dot_dir": 0.6807061630689474, "angle_deg": -47.1011502091846, "angle_rad": -0.8220701526266871}, "wheel_vel": [0.9535815238952636, -0.958820972442627], "action": [0.9933140873908997, -0.9987718462944031]}, "8": {"time": 5.5624840259552, "reward": -0.20018251030857176, "lane_pos": {"dist": -0.2516175502725959, "dot_dir": 0.42141102510375794, "angle_deg": -65.07629650427783, "angle_rad": -1.1357956390037243}, "wheel_vel": [1.1686266248034372e-08, 0.96], "action": [1.2173194008369137e-08, 1.0]}, "9": {"time": 5.5728442668914795, "reward": -0.284888392661513, "lane_pos": {"dist": -0.26693962757624545, "dot_dir": 0.12097813679690096, "angle_deg": -83.051443018186, "angle_rad": -1.4495211291998027}, "wheel_vel": [2.1551427561786913e-35, 0.96], "action": [2.24494037101947e-35, 1.0]}, "10": {"time": 5.583083152770996, "reward": -0.3158060843650896, "lane_pos": {"dist": 0.05835046393778809, "dot_dir": 0.006765176717189721, "angle_deg": 89.61238096967335, "angle_rad": 1.564031098472309}, "wheel_vel": [0.5681962966918945, 0.96], "action": [0.5918711423873901, 1.0]}, "11": {"time": 5.593820810317993, "reward": -0.23111005722453154, "lane_pos": {"dist": 0.074071693509703, "dot_dir": 0.31502257854181986, "angle_deg": 71.6378231551691, "angle_rad": 1.2503158830191334}, "wheel_vel": [3.1165860855253415e-06, 0.9599716758728027], "action": [3.2464438390888972e-06, 0.9999704957008362]}, "12": {"time": 5.6040709018707275, "reward": -0.1470338205189619, "lane_pos": {"dist": 0.08833207206538907, "dot_dir": 0.5907249722191971, "angle_deg": 53.79152867891366, "angle_rad": 0.938839285127999}, "wheel_vel": [0.0067635074257850645, 0.9598818969726564], "action": [0.007045320235192776, 0.9998769760131836]}, "13": {"time": 5.614481687545776, "reward": -0.06870284152234851, "lane_pos": {"dist": 0.10056048208116808, "dot_dir": 0.7967889633370143, "angle_deg": 37.175444233061, "angle_rad": 0.6488339027584527}, "wheel_vel": [0.07258352994918824, 0.96], "action": [0.07560784369707108, 1.0]}, "14": {"time": 5.624741792678833, "reward": -0.23812403918918978, "lane_pos": {"dist": 0.10055974301678683, "dot_dir": 0.29029419473504914, "angle_deg": 73.12443015016562, "angle_rad": 1.2762620697650016}, "wheel_vel": [0.9599376296997071, -0.9599925613403321], "action": [0.9999350309371948, -0.9999922513961792]}, "15": {"time": 5.63588285446167, "reward": -0.552872390657, "lane_pos": {"dist": -0.3188556169032566, "dot_dir": 0.01762984690393019, "angle_deg": -88.98983184568719, "angle_rad": -1.553165566503344}, "wheel_vel": [3.05876470818589e-10, -0.9552249526977539], "action": [3.186213237693636e-10, -0.9950259923934937]}, "16": {"time": 5.6461567878723145, "reward": -0.24263477007183376, "lane_pos": {"dist": 0.10040252480582668, "dot_dir": 0.2872114845186588, "angle_deg": 73.30891490463821, "angle_rad": 1.2794819361502816}, "wheel_vel": [5.612298646651137e-13, 0.9453721618652344], "action": [5.846144423594934e-13, 0.9847626686096191]}, "17": {"time": 5.6565399169921875, "reward": -0.15427192818520097, "lane_pos": {"dist": 0.11476327786734242, "dot_dir": 0.5687948778817143, "angle_deg": 55.33376839073002, "angle_rad": 0.9657564459542031}, "wheel_vel": [5.999712222461528e-25, 0.96], "action": [6.249700231730758e-25, 1.0]}, "18": {"time": 5.666795492172241, "reward": -0.06956604583225984, "lane_pos": {"dist": 0.12629224468328637, "dot_dir": 0.7948530507433383, "angle_deg": 37.35862187682185, "angle_rad": 0.6520309557581248}, "wheel_vel": [1.373960549977735e-17, 0.96], "action": [1.4312089062268073e-17, 1.0]}, "19": {"time": 5.678030252456665, "reward": -0.22288324795152628, "lane_pos": {"dist": 0.12886139502118077, "dot_dir": 0.3567935473520978, "angle_deg": 69.09659313989239, "angle_rad": 1.205963052202049}, "wheel_vel": [0.944977855682373, -0.7500543594360352], "action": [0.9843519330024719, -0.7813066244125366]}}