{"1": {"time": 5.235705137252808, "steps": 500, "reward": 499.1652773095345}, "2": {"time": 10.44154667854309, "steps": 500, "reward": 502.15409859830464}, "3": {"time": 15.682400703430176, "steps": 500, "reward": 505.638283172982}, "4": {"time": 20.883023738861084, "steps": 500, "reward": 510.14707613668105}, "5": {"time": 26.1250319480896, "steps": 500, "reward": 509.5915657166557}, "6": {"time": 31.336187601089478, "steps": 500, "reward": 515.6394057427582}, "7": {"time": 36.47698926925659, "steps": 500, "reward": 499.63114750425103}, "8": {"time": 41.675997734069824, "steps": 500, "reward": 514.1677686661639}, "9": {"time": 46.84623074531555, "steps": 500, "reward": 511.0237922969283}, "10": {"time": 52.01502013206482, "steps": 500, "reward": 512.8359147502604}}