{"0": {"time": 4.522121429443359, "reward": -0.12398655034704283, "lane_pos": {"dist": 0.03217382746230424, "dot_dir": 0.9616953285016947, "angle_deg": 15.909613636321621, "angle_rad": 0.277675140674}, "wheel_vel": [0.00015080425422638657, -0.8362879943847658], "action": [0.00015708776481915265, -0.8711333274841309]}, "1": {"time": 4.532111167907715, "reward": -0.06229826733926225, "lane_pos": {"dist": 0.03217382746230424, "dot_dir": 0.6175863902420543, "angle_deg": 51.85990666413798, "angle_rad": 0.9051261210661569}, "wheel_vel": [0.96, -0.96], "action": [1.0, -1.0]}, "2": {"time": 4.54209303855896, "reward": -0.1831494377346438, "lane_pos": {"dist": 0.05184680709787326, "dot_dir": 0.4921044747633697, "angle_deg": 60.521003307178795, "angle_rad": 1.056290774320647}, "wheel_vel": [0.9422670364379883, 0.47970319747924806], "action": [0.9815281629562378, 0.49969083070755005]}, "3": {"time": 4.552072763442993, "reward": -0.0940106843799644, "lane_pos": {"dist": 0.06432309653035384, "dot_dir": 0.7367354644001113, "angle_deg": 42.54593528610432, "angle_rad": 0.742566654082956}, "wheel_vel": [4.192072665318846e-06, 0.96], "action": [4.366742359707132e-06, 1.0]}, "4": {"time": 4.5620810985565186, "reward": -0.26356423465139145, "lane_pos": {"dist": 0.06432201393665649, "dot_dir": 0.20058468974610597, "angle_deg": 78.42884782813213, "angle_rad": 1.3688416231465095}, "wheel_vel": [0.9581627655029297, -0.958238639831543], "action": [0.9980862140655518, -0.9981652498245239]}, "5": {"time": 4.572191476821899, "reward": -0.2269003341077296, "lane_pos": {"dist": 0.08853781042542774, "dot_dir": 0.32999976846476864, "angle_deg": 70.73123856175667, "angle_rad": 1.2344929969162324}, "wheel_vel": [0.5486150550842285, 0.9597218513488769], "action": [0.571474015712738, 0.9997102618217468]}, "6": {"time": 4.582184076309204, "reward": -0.14598386434442273, "lane_pos": {"dist": 0.10323468435935368, "dot_dir": 0.5941642296498207, "angle_deg": 53.546925166085224, "angle_rad": 0.9345701484671987}, "wheel_vel": [0.04170713782310486, 0.9594710540771485], "action": [0.043444935232400894, 0.9994490146636963]}, "7": {"time": 4.592257738113403, "reward": -0.3152633925695921, "lane_pos": {"dist": 0.10323468435935368, "dot_dir": 0.008775085314939944, "angle_deg": 89.49721819390159, "angle_rad": 1.5620211288593555}, "wheel_vel": [0.96, -0.96], "action": [1.0, -1.0]}, "8": {"time": 4.602215051651001, "reward": -0.4752788365408977, "lane_pos": {"dist": -0.32147548643754886, "dot_dir": 0.30026168708374723, "angle_deg": -72.52667867073151, "angle_rad": -1.2658293383402093}, "wheel_vel": [5.109035409986973e-05, -0.96], "action": [5.321911885403097e-05, -1.0]}, "9": {"time": 4.612210988998413, "reward": -0.06587984442354033, "lane_pos": {"dist": -0.32147548643754886, "dot_dir": 0.8030631400562057, "angle_deg": -36.57638564291515, "angle_rad": -0.6383783579480523}, "wheel_vel": [0.96, -0.96], "action": [1.0, -1.0]}, "10": {"time": 4.6221764087677, "reward": 0.10947819424225783, "lane_pos": {"dist": -0.32147548643754886, "dot_dir": 0.9999402968039636, "angle_deg": -0.6260926150985218, "angle_rad": -0.010927377555890766}, "wheel_vel": [0.96, -0.96], "action": [1.0, -1.0]}, "11": {"time": 4.6323018074035645, "reward": 0.018826037929400796, "lane_pos": {"dist": -0.3241366044782126, "dot_dir": 0.947761511692905, "angle_deg": -18.601239129006974, "angle_rad": -0.32465286775197394}, "wheel_vel": [4.557568967925885e-19, 0.96], "action": [4.747467674922797e-19, 1.0]}, "12": {"time": 4.642305612564087, "reward": -0.061568938770652726, "lane_pos": {"dist": -0.3317761747972727, "dot_dir": 0.8124746100103138, "angle_deg": -35.66158305110199, "angle_rad": -0.622412040715135}, "wheel_vel": [0.04885693073272705, 0.96], "action": [0.05089263617992401, 1.0]}, "13": {"time": 4.652416944503784, "reward": 0.11736540209590826, "lane_pos": {"dist": -0.3317761747972727, "dot_dir": 0.999987304570328, "angle_deg": 0.2887099767149633, "angle_rad": 0.0050389396770322715}, "wheel_vel": [0.96, -0.96], "action": [1.0, -1.0]}, "14": {"time": 4.662524223327637, "reward": 0.023136943582288516, "lane_pos": {"dist": -0.33418612253196933, "dot_dir": 0.9527334274194107, "angle_deg": -17.686436537193813, "angle_rad": -0.3086865505190566}, "wheel_vel": [1.248269065022373e-32, 0.96], "action": [1.300280276064972e-32, 1.0]}, "15": {"time": 4.672630548477173, "reward": -0.06156893875983738, "lane_pos": {"dist": -0.34133932222046903, "dot_dir": 0.8124746100336669, "angle_deg": -35.6615830488069, "angle_rad": -0.622412040675078}, "wheel_vel": [1.2257393766645917e-10, 0.96], "action": [1.2768118506922832e-10, 1.0]}, "16": {"time": 4.682659864425659, "reward": -0.18284333702404204, "lane_pos": {"dist": -0.3495887405862321, "dot_dir": 0.6507247589449456, "angle_deg": -49.403732096713036, "angle_rad": -0.8622577878608441}, "wheel_vel": [7.82751536462456e-06, 0.7339358139038086], "action": [8.153661838150583e-06, 0.7645164728164673]}, "17": {"time": 4.69285249710083, "reward": -0.26207757804331894, "lane_pos": {"dist": -0.3585336711137139, "dot_dir": 0.4884551477429343, "angle_deg": -60.76090659884611, "angle_rad": -1.060477876646614}, "wheel_vel": [0.02452307403087616, 0.631076545715332], "action": [0.025544868782162666, 0.6573714017868042]}}