{"1": {"time": 543, "steps": 500, "reward": 347.66532802708605}, "2": {"time": 548, "steps": 500, "reward": 248.8165710881325}, "3": {"time": 554, "steps": 500, "reward": 356.29663794132074}, "4": {"time": 559, "steps": 500, "reward": 303.14435610244635}, "5": {"time": 565, "steps": 500, "reward": 329.8400910744803}, "6": {"time": 571, "steps": 500, "reward": 315.79067466481024}, "7": {"time": 576, "steps": 500, "reward": 330.8867542384358}, "8": {"time": 582, "steps": 500, "reward": 300.27309319702016}, "9": {"time": 588, "steps": 500, "reward": 339.1099564384327}, "10": {"time": 593, "steps": 500, "reward": 301.8743695996986}}