{"1000": {"time": 1866.2353456020355, "steps": 76, "reward": 164.69532445029677, "actor_loss": -238.41851806640625, "critic_loss": 110.11662292480469}}