{"2000": {"time": 8303.946644306183, "steps": 92, "reward": 455.41462768110057, "actor_loss": -289.86895751953125, "critic_loss": 57.40199661254883}}