{"3000": {"time": 15119.413468837738, "steps": 28, "reward": 36.82086839120091, "actor_loss": -323.7731628417969, "critic_loss": 340.386962890625}}