{"1": {"time": 16411, "steps": 500, "reward": 425.0832736696209}, "2": {"time": 16416, "steps": 500, "reward": 421.09359924865043}, "3": {"time": 16422, "steps": 500, "reward": 412.0262880881515}, "4": {"time": 16427, "steps": 500, "reward": 432.6068668440057}, "5": {"time": 16432, "steps": 500, "reward": 433.91381746334184}, "6": {"time": 16437, "steps": 500, "reward": 422.7229228754453}, "7": {"time": 16442, "steps": 500, "reward": 420.32913303198796}, "8": {"time": 16448, "steps": 500, "reward": 430.903176238339}, "9": {"time": 16453, "steps": 500, "reward": 438.15432087745137}, "10": {"time": 16458, "steps": 500, "reward": 415.67850943332525}}