{"1": {"time": 17669, "steps": 500, "reward": 416.36613382884866}, "2": {"time": 17674, "steps": 500, "reward": 431.2158551048305}, "3": {"time": 17680, "steps": 500, "reward": 436.1500096794862}, "4": {"time": 17685, "steps": 500, "reward": 458.9876792038885}, "5": {"time": 17690, "steps": 500, "reward": 437.72516205606837}, "6": {"time": 17695, "steps": 500, "reward": 440.496531798106}, "7": {"time": 17700, "steps": 500, "reward": 456.06910268132424}, "8": {"time": 17705, "steps": 500, "reward": 421.4405719921234}, "9": {"time": 17711, "steps": 500, "reward": 457.242945706374}, "10": {"time": 17716, "steps": 500, "reward": 448.60935886951404}}