{"1": {"time": 1.9018642902374268, "steps": 174, "reward": 58.73546967082393}, "2": {"time": 5.699032306671143, "steps": 351, "reward": 138.58407269621074}, "3": {"time": 11.165494918823242, "steps": 500, "reward": 183.1486671330366}, "4": {"time": 16.565964221954346, "steps": 500, "reward": 206.45870930871536}, "5": {"time": 18.599076747894287, "steps": 186, "reward": 73.16312107840976}, "6": {"time": 18.884000301361084, "steps": 25, "reward": -6.890317605158116}, "7": {"time": 24.34542727470398, "steps": 500, "reward": 232.4719752977692}, "8": {"time": 29.75734829902649, "steps": 500, "reward": 241.73201805690783}, "9": {"time": 35.13817620277405, "steps": 500, "reward": 196.87778117811038}, "10": {"time": 35.50457811355591, "steps": 32, "reward": -4.729817690277173}}