{"1": {"time": 5.170169115066528, "steps": 500, "reward": 400.9768330194737}, "2": {"time": 10.343976020812988, "steps": 500, "reward": 402.3827222740152}, "3": {"time": 15.595922231674194, "steps": 500, "reward": 409.372228352635}, "4": {"time": 20.808409690856934, "steps": 500, "reward": 405.3635360424771}, "5": {"time": 26.051342487335205, "steps": 500, "reward": 399.0925122888867}, "6": {"time": 31.269529581069946, "steps": 500, "reward": 409.44372214865643}, "7": {"time": 36.437676429748535, "steps": 500, "reward": 410.4593231152672}, "8": {"time": 41.71680164337158, "steps": 500, "reward": 417.67721397051855}, "9": {"time": 46.902177572250366, "steps": 500, "reward": 395.9502649901992}, "10": {"time": 52.0845205783844, "steps": 500, "reward": 407.97451408000853}}