{"0": {"time": 3.350984811782837, "reward": 0.46216849675819716, "lane_pos": {"dist": 0.023205670814902213, "dot_dir": 0.9990250533065492, "angle_deg": 2.5302495506149967, "angle_rad": 0.04416118555533861}, "wheel_vel": [0.9573727798461915, 0.96], "action": [0.9972633123397827, 1.0]}, "1": {"time": 3.360872745513916, "reward": 0.4373710108581814, "lane_pos": {"dist": 0.024616779571422942, "dot_dir": 0.9990288989249922, "angle_deg": 2.5252536020502787, "angle_rad": 0.044073989803623995}, "wheel_vel": [0.9597331809997558, 0.96], "action": [0.9997220635414124, 1.0]}, "2": {"time": 3.370826482772827, "reward": 0.6928569542053283, "lane_pos": {"dist": 0.02315600861489786, "dot_dir": 0.9819555862089123, "angle_deg": -10.900947282747223, "angle_rad": -0.1902574216702683}, "wheel_vel": [0.24294588088989258, 0.96], "action": [0.25306862592697144, 1.0]}, "3": {"time": 3.380793571472168, "reward": 0.6506700509918466, "lane_pos": {"dist": 0.01773524463861209, "dot_dir": 0.8756660964778149, "angle_deg": -28.87609379665539, "angle_rad": -0.5039829118663465}, "wheel_vel": [4.544702986542794e-27, 0.96], "action": [4.7340656109820774e-27, 1.0]}, "4": {"time": 3.3905673027038574, "reward": 0.47546552129632214, "lane_pos": {"dist": 0.018053114426248573, "dot_dir": 0.9958104458663594, "angle_deg": 5.246543463878967, "angle_rad": 0.09156945779367616}, "wheel_vel": [0.8639249610900879, -0.95846529006958], "action": [0.8999218344688416, -0.9984013438224792]}, "5": {"time": 3.4003825187683105, "reward": 0.478527867705435, "lane_pos": {"dist": 0.020565948177733162, "dot_dir": 0.9974812568513789, "angle_deg": 4.067436389885807, "angle_rad": 0.07099015711893912}, "wheel_vel": [0.8970273399353028, 0.96], "action": [0.9344034790992737, 1.0]}, "6": {"time": 3.4103333950042725, "reward": 0.43888475669120436, "lane_pos": {"dist": 0.022831455357865238, "dot_dir": 0.9974967091410427, "angle_deg": 4.054935268750806, "angle_rad": 0.07077197139494269}, "wheel_vel": [0.9593323516845703, 0.96], "action": [0.9993045330047607, 1.0]}, "7": {"time": 3.4201841354370117, "reward": 0.4003746926115942, "lane_pos": {"dist": 0.025075172525893752, "dot_dir": 0.9975653320945391, "angle_deg": 3.9989470027967386, "angle_rad": 0.06979479181156198}, "wheel_vel": [0.9570098304748536, 0.96], "action": [0.9968852400779724, 1.0]}, "8": {"time": 3.430168867111206, "reward": 0.3682522674315817, "lane_pos": {"dist": 0.02721248368121776, "dot_dir": 0.9978901345387083, "angle_deg": 3.722557371394645, "angle_rad": 0.06497088272522193}, "wheel_vel": [0.944908561706543, 0.9596697235107422], "action": [0.9842797517776489, 0.9996559619903564]}, "9": {"time": 3.4401519298553467, "reward": 0.7028376393739486, "lane_pos": {"dist": 0.0257755530965027, "dot_dir": 0.9710096670294807, "angle_deg": -13.829900274184364, "angle_rad": -0.24137729500698368}, "wheel_vel": [0.022574576139450072, 0.96], "action": [0.023515183478593826, 1.0]}, "10": {"time": 3.450902223587036, "reward": 0.2624150629755515, "lane_pos": {"dist": 0.025486689237377735, "dot_dir": 0.9875071350129374, "angle_deg": 9.06612754335784, "angle_rad": 0.15823377603733926}, "wheel_vel": [0.8213156890869141, -0.40149418830871586], "action": [0.8555371761322021, -0.418223112821579]}, "11": {"time": 3.4608612060546875, "reward": 0.2711008943755149, "lane_pos": {"dist": 0.02962479444315136, "dot_dir": 0.9929640945829031, "angle_deg": 6.800683971034675, "angle_rad": 0.11869432668215776}, "wheel_vel": [0.839007740020752, 0.9599984550476075], "action": [0.87396639585495, 0.9999983906745911]}, "12": {"time": 3.470846176147461, "reward": 0.26554710079006605, "lane_pos": {"dist": 0.03256465934333885, "dot_dir": 0.996952449429509, "angle_deg": 4.474282969248294, "angle_rad": 0.07809096947929092}, "wheel_vel": [0.8357537269592284, 0.96], "action": [0.870576798915863, 1.0]}, "13": {"time": 3.4807612895965576, "reward": 0.22831143143166485, "lane_pos": {"dist": 0.03505710912084803, "dot_dir": 0.9969677866705673, "angle_deg": 4.463004318049446, "angle_rad": 0.07789411988068702}, "wheel_vel": [0.9593976402282716, 0.96], "action": [0.9993725419044495, 1.0]}, "14": {"time": 3.490588426589966, "reward": 0.4482501256890334, "lane_pos": {"dist": 0.0345765836269587, "dot_dir": 0.9925610906370769, "angle_deg": -6.992973055592778, "angle_rad": -0.12205040432334244}, "wheel_vel": [0.34816975593566896, 0.96], "action": [0.36267682909965515, 1.0]}, "15": {"time": 3.5004186630249023, "reward": -0.08607075967748486, "lane_pos": {"dist": 0.03408782989757819, "dot_dir": 0.98297768417053, "angle_deg": 10.586805688915048, "angle_rad": 0.18477461654043412}, "wheel_vel": [3.971100515087756e-10, -0.938884563446045], "action": [4.136563036549745e-10, -0.9780047535896301]}, "16": {"time": 3.510369300842285, "reward": -0.046411400540283476, "lane_pos": {"dist": 0.03402248008466646, "dot_dir": 0.6898900042883218, "angle_deg": 46.37859761470265, "angle_rad": 0.8094592308341497}, "wheel_vel": [0.9515888786315918, -0.9599460411071777], "action": [0.9912384152412415, -0.9999437928199768]}, "17": {"time": 3.5202362537384033, "reward": -0.21372038490406386, "lane_pos": {"dist": 0.03402248008466646, "dot_dir": 0.13348647817401635, "angle_deg": 82.32889064251904, "angle_rad": 1.436910211226307}, "wheel_vel": [0.96, -0.96], "action": [1.0, -1.0]}, "18": {"time": 3.530090808868408, "reward": -0.1937585719299677, "lane_pos": {"dist": 0.04928816701433725, "dot_dir": 0.43281367287344347, "angle_deg": 64.35374412861087, "angle_rad": 1.1231847210302288}, "wheel_vel": [5.888967712704288e-32, 0.96], "action": [6.134341367400299e-32, 1.0]}, "19": {"time": 3.540030002593994, "reward": -0.1120717149767409, "lane_pos": {"dist": 0.06239906190833233, "dot_dir": 0.6898899491398935, "angle_deg": 46.378601979545934, "angle_rad": 0.8094593070150363}, "wheel_vel": [1.7589305116416655e-07, 0.9599999427795409], "action": [1.832219282960068e-07, 0.9999999403953552]}, "20": {"time": 3.5498571395874023, "reward": -0.2814810907284604, "lane_pos": {"dist": 0.06239946952922537, "dot_dir": 0.13349585406429132, "angle_deg": 82.32834859222866, "angle_rad": 1.4369007506640286}, "wheel_vel": [0.9599991989135743, -0.9599716186523437], "action": [0.9999991655349731, -0.9999704360961914]}, "21": {"time": 3.559810161590576, "reward": -0.1967750081082557, "lane_pos": {"dist": 0.07766511324386327, "dot_dir": 0.43282220137944444, "angle_deg": 64.3532020792421, "angle_rad": 1.1231752604840353}, "wheel_vel": [4.921990148787359e-11, 0.96], "action": [5.1270730716534985e-11, 1.0]}, "22": {"time": 3.56972599029541, "reward": -0.1310278988073057, "lane_pos": {"dist": 0.09411631363347928, "dot_dir": 0.6374077461107884, "angle_deg": 50.401207875125955, "angle_rad": 0.8796670244030429}, "wheel_vel": [0.2148643398284912, 0.9599995422363281], "action": [0.22381702065467834, 0.9999995231628418]}, "23": {"time": 3.579653263092041, "reward": -0.051190203061857925, "lane_pos": {"dist": 0.10452772293063362, "dot_dir": 0.8415524521930609, "angle_deg": 32.69558035066327, "angle_rad": 0.5706455279694362}, "wheel_vel": [1.3299829879542813e-06, 0.9456071090698243], "action": [1.3853989457857097e-06, 0.9850074052810669]}, "24": {"time": 3.5895447731018066, "reward": -0.015317021101695943, "lane_pos": {"dist": 0.11556373616369697, "dot_dir": 0.9129273803123199, "angle_deg": 24.086918668104794, "angle_rad": 0.4203960374185159}, "wheel_vel": [0.4670669460296631, 0.9268303871154785], "action": [0.48652806878089905, 0.9654483199119568]}, "25": {"time": 3.5993614196777344, "reward": -0.3311638411075143, "lane_pos": {"dist": 0.10689231162670687, "dot_dir": 0.7416565932683146, "angle_deg": 42.12727625826257, "angle_rad": 0.7352596756039189}, "wheel_vel": [0.0034958363324403764, -0.9599868965148927], "action": [0.003641496179625392, -0.9999863505363464]}, "26": {"time": 3.6091599464416504, "reward": -0.007331917837744117, "lane_pos": {"dist": 0.11560340194791596, "dot_dir": 0.9124622858407838, "angle_deg": 24.152129744367326, "angle_rad": 0.4215341854080662},