{"0": {"time": 8.430440664291382, "reward": 0.008994973509893422, "lane_pos": {"dist": -0.07352262734289328, "dot_dir": 0.9355213973820695, "angle_deg": -20.687455793299574, "angle_rad": -0.36106421745385303}, "wheel_vel": [4.1614409834744846e-13, 0.96], "action": [4.3348343577859216e-13, 1.0]}, "1": {"time": 8.440505504608154, "reward": -0.15028916713755025, "lane_pos": {"dist": -0.0701834805675045, "dot_dir": 0.998093118670246, "angle_deg": -3.538901704885959, "angle_rad": -0.061765486654700684}, "wheel_vel": [1.412506986375739e-12, -0.9599999427795409], "action": [1.4713614441413947e-12, -0.9999999403953552]}, "2": {"time": 8.450599193572998, "reward": 0.008994968461773889, "lane_pos": {"dist": -0.07352262767980511, "dot_dir": 0.9355213907770719, "angle_deg": -20.687456864543798, "angle_rad": -0.36106423615059186}, "wheel_vel": [7.0255751216663495e-12, 0.96], "action": [7.318307418402448e-12, 1.0]}, "3": {"time": 8.460682392120361, "reward": -0.1498013501291523, "lane_pos": {"dist": -0.07019205884744649, "dot_dir": 0.9981210718200509, "angle_deg": -3.5128592104443586, "angle_rad": -0.061310959381262436}, "wheel_vel": [0.001390853449702263, -0.96], "action": [0.0014488056767731905, -1.0]}, "4": {"time": 8.47069525718689, "reward": 0.6445754561218655, "lane_pos": {"dist": -0.07018119697060839, "dot_dir": 0.8489670805106769, "angle_deg": 31.900499522040256, "angle_rad": 0.5567687496904798}, "wheel_vel": [0.9470122718811036, -0.944311637878418], "action": [0.9864711165428162, -0.983657956123352]}, "5": {"time": 8.480661869049072, "reward": 0.3322846686688844, "lane_pos": {"dist": -0.06389461466574023, "dot_dir": 0.96521833344546, "angle_deg": 15.155829784262398, "angle_rad": 0.2645191306072007}, "wheel_vel": [0.006905791908502578, 0.9405406379699708], "action": [0.0071935332380235195, 0.9797298312187195]}, "6": {"time": 8.490900754928589, "reward": 0.09437618375540646, "lane_pos": {"dist": -0.06215679109267391, "dot_dir": 0.998865478085734, "angle_deg": -2.729512848866628, "angle_rad": -0.04763898618821303}, "wheel_vel": [1.3477371248882263e-06, 0.96], "action": [1.4038928384252358e-06, 1.0]}, "7": {"time": 8.500945091247559, "reward": 0.008914635775636337, "lane_pos": {"dist": -0.06539275810116374, "dot_dir": 0.9354162414748276, "angle_deg": -20.704503989998003, "angle_rad": -0.36136176461776826}, "wheel_vel": [8.29800555948168e-06, 0.96], "action": [8.64375579112675e-06, 1.0]}, "8": {"time": 8.511000633239746, "reward": -0.14562285909313144, "lane_pos": {"dist": -0.06215684044821179, "dot_dir": 0.998865607219014, "angle_deg": -2.7293574760861086, "angle_rad": -0.04763627442162499}, "wheel_vel": [1.9663892909804748e-13, -0.96], "action": [2.0483221781046612e-13, -1.0]}, "9": {"time": 8.521132230758667, "reward": 0.0017986238708177435, "lane_pos": {"dist": -0.06241416174500802, "dot_dir": 0.9903188305061768, "angle_deg": 7.979074844212937, "angle_rad": 0.13926112729456935}, "wheel_vel": [0.117143132686615, -0.4547629165649414], "action": [0.12202409654855728, -0.47371137142181396]}, "10": {"time": 8.53111219406128, "reward": 0.05962173947553778, "lane_pos": {"dist": -0.06268819309890539, "dot_dir": 0.9849766347557898, "angle_deg": -9.944122385047807, "angle_rad": -0.17355767684035558}, "wheel_vel": [0.002774459347128868, 0.96], "action": [0.0028900618199259043, 1.0]}, "11": {"time": 8.541190147399902, "reward": -0.02508039951420843, "lane_pos": {"dist": -0.06785810848011131, "dot_dir": 0.8836147041947747, "angle_deg": -27.918474532614276, "angle_rad": -0.48726930272830415}, "wheel_vel": [4.2424782877787946e-05, 0.96], "action": [4.4192482164362445e-05, 1.0]}, "12": {"time": 8.551409721374512, "reward": -0.11422614114478818, "lane_pos": {"dist": -0.07709979877410822, "dot_dir": 0.7024057162074029, "angle_deg": -45.37966497171838, "angle_rad": -0.7920245672084251}, "wheel_vel": [1.6098070409498178e-06, 0.9325527191162108], "action": [1.6768823343227268e-06, 0.9714090824127197]}, "13": {"time": 8.562233686447144, "reward": -0.19207020327678231, "lane_pos": {"dist": -0.09005081826591255, "dot_dir": 0.44846415754457586, "angle_deg": -63.35481148562657, "angle_rad": -1.1057500574045038}, "wheel_vel": [9.43915384621165e-19, 0.96], "action": [9.832451923137137e-19, 1.0]}, "14": {"time": 8.572237014770508, "reward": -0.27677608562972333, "lane_pos": {"dist": -0.10523454884980099, "dot_dir": 0.150743950017352, "angle_deg": -81.32995799953474, "angle_rad": -1.419475547600582}, "wheel_vel": [0.0, 0.96], "action": [0.0, 1.0]}, "15": {"time": 8.582422018051147, "reward": 0.23346217754197532, "lane_pos": {"dist": -0.11283123095949144, "dot_dir": 0.16169173999653175, "angle_deg": 80.6948954865571, "angle_rad": 1.408391615793133}, "wheel_vel": [2.221209376316617e-32, 0.96], "action": [2.3137597669964762e-32, 1.0]}, "16": {"time": 8.59253191947937, "reward": 0.5175696636593735, "lane_pos": {"dist": -0.09516625202213191, "dot_dir": 0.41392695048729367, "angle_deg": 65.54824039452959, "angle_rad": 1.1440326137732881}, "wheel_vel": [0.1509523344039917, 0.9598908805847168], "action": [0.15724201500415802, 0.9998863339424133]}, "17": {"time": 8.602575302124023, "reward": 1.1594109725863921, "lane_pos": {"dist": -0.08186942279857234, "dot_dir": 0.6746490921219251, "angle_deg": 47.57309388075205, "angle_rad": 0.8303071235794899}, "wheel_vel": [6.977392830176399e-12, 0.96], "action": [7.268117531433749e-12, 1.0]}, "18": {"time": 8.612659931182861, "reward": 0.6142883127598964, "lane_pos": {"dist": -0.07178401689100822, "dot_dir": 0.867601261646249, "angle_deg": 29.818924092026123, "angle_rad": 0.5204384048081164}, "wheel_vel": [0.01179617017507553, 0.9599944496154785], "action": [0.012287677265703678, 0.9999942183494568]}, "19": {"time": 8.622821807861328, "reward": 0.5134608317871425, "lane_pos": {"dist": -0.07179243748376107, "dot_dir": 0.41061966613985945, "angle_deg": 65.75623279630503, "angle_rad": 1.1476627660034004}, "wheel_vel": [0.9593065452575684, -0.96], "action": [0.999277651309967, -1.0]}, "20": {"time": 8.63278865814209, "reward": 0.4628833244652777, "lane_pos": {"dist": -0.044685190462705915, "dot_dir": 0.4450760113800241, "angle_deg": 63.57179794604376, "angle_rad": 1.109537185571032}, "wheel_vel": [0.8414842987060548, 0.9581485748291015], "action": [0.8765461444854736, 0.9980714321136475]}, "21": {"time": 8.643062591552734, "reward": 0.26953511187277646, "lane_pos": {"dist": -0.02378718826334536, "dot_dir": 0.5741306459906521, "angle_deg": 54.961226489023254, "angle_rad": 0.9592543631677788}, "wheel_vel": [0.5001326751708984, 0.9599981117248535], "action": [0.5209715366363525, 0.9999980330467224]}, "22": {"time": 8.653209924697876, "reward": 0.4136450844591829, "lane_pos": {"dist": -0.012329984631458846, "dot_dir": 0.7987816975962682, "angle_deg": 36.98607997511526, "angle_rad": 0.6455288729717037}, "wheel_vel": [1.0297887217437797e-14, 0.96], "action": [1.0726965851497704e-14, 1.0]}, "23": {"time": 8.663205623626709, "reward": 0.04622298944716996, "lane_pos": {"dist": -0.021680539522142883, "dot_dir": 0.6129713356656765, "angle_deg": 52.19533863078824, "angle_rad": 0.9109805133006438}, "wheel_vel": [0.005390463620424271, -0.8068915557861329], "action": [0.005615066271275282, -0.8405120372772217]}, "24": {"time": 8.673242330551147, "reward": 0.02597354796153567, "lane_pos": {"dist": -0.005420686672576114, "dot_dir": 0.39628608572667295, "angle_deg": 66.65379189756193, "angle_rad": 1.1633281275515748}, "wheel_vel": [0.9541695213317871, 0.18198582172393798], "action": [0.9939265847206116, 0.18956856429576874]}, "25": {"time": 8.683898210525513, "reward": -0.25824326741950776, "lane_pos": {"dist": -0.22857902752702008, "dot_dir": 0.21820723506051623, "angle_deg": -77.39624292370188, "angle_rad": -1.3508192676919601}, "wheel_vel": [0.9599824905395508, -0.96], "action": [0.9999817609786987, -1.0]}, "26": {"time": 8.69390320777893, "reward": -0.1400425038458669, "lane_pos": {"dist": 0.012078477891990236, "dot_dir": 0.06206699558328223,