{"1": {"time": 4.015050172805786, "steps": 397, "reward": 145.04687375555875}, "2": {"time": 6.132452964782715, "steps": 208, "reward": 83.23462818637776}, "3": {"time": 7.99807071685791, "steps": 183, "reward": 82.81395681561601}, "4": {"time": 8.779625415802002, "steps": 76, "reward": 31.397475635219582}, "5": {"time": 12.052529573440552, "steps": 322, "reward": 133.76865096983397}, "6": {"time": 12.346791744232178, "steps": 28, "reward": 6.97567708483699}, "7": {"time": 16.374773740768433, "steps": 402, "reward": 173.0038132255223}, "8": {"time": 16.85225558280945, "steps": 47, "reward": 14.675479568884487}, "9": {"time": 19.927546739578247, "steps": 309, "reward": 120.55997080029974}, "10": {"time": 21.312068939208984, "steps": 139, "reward": 46.67690762746767}}