{"0": {"time": 2912, "reward": 0.13320638394073492, "lane_pos": {"dist": -0.3084876253121951, "dot_dir": 0.9924150442275255, "angle_deg": -7.061371296005041, "angle_rad": -0.12324417882110708}, "wheel_vel": [0.9599732208251953, 1.2], "action": [0.9999721050262451, 1.0]}, "1": {"time": 2912, "reward": 0.09457310245736528, "lane_pos": {"dist": -0.31481207245204423, "dot_dir": 0.9647432010837611, "angle_deg": -15.259608250590185, "angle_rad": -0.2663304065372907}, "wheel_vel": [0.7621561431884766, 1.2], "action": [0.7939126491546631, 1.0]}, "2": {"time": 2912, "reward": 0.017856711679328507, "lane_pos": {"dist": -0.3249087078154802, "dot_dir": 0.8522812824187255, "angle_deg": -31.539331995248908, "angle_rad": -0.550465187196686}, "wheel_vel": [0.330547571182251, 1.2], "action": [0.3443203866481781, 1.0]}, "3": {"time": 2912, "reward": -0.0693952433810694, "lane_pos": {"dist": -0.34020886227316105, "dot_dir": 0.6420550156707736, "angle_deg": -50.05477191830789, "angle_rad": -0.8736205763092708}, "wheel_vel": [0.21114450931549072, 1.2], "action": [0.21994219720363617, 1.0]}, "4": {"time": 2912, "reward": -0.15025441642650833, "lane_pos": {"dist": -0.3612431465949948, "dot_dir": 0.38729641391842157, "angle_deg": -67.21362136431395, "angle_rad": -1.1730989949960815}, "wheel_vel": [0.2835960388183594, 1.2], "action": [0.295412540435791, 1.0]}}