{"0": {"time": 16.11539649963379, "reward": 0.6860883970966986, "lane_pos": {"dist": -0.10749465657550772, "dot_dir": 0.8237513539003473, "angle_deg": 34.53789880465317, "angle_rad": 0.6028000508618115}, "wheel_vel": [0.96, -0.96], "action": [1.0, -1.0]}, "1": {"time": 16.125857830047607, "reward": 0.6861911566403336, "lane_pos": {"dist": -0.08935430431570213, "dot_dir": 0.823676148777913, "angle_deg": 34.54549826061911, "angle_rad": 0.6029326863897777}, "wheel_vel": [0.96, 0.9595941352844238], "action": [1.0, 0.9995772242546082]}, "2": {"time": 16.13675570487976, "reward": 0.6861911566403336, "lane_pos": {"dist": -0.07120836856190849, "dot_dir": 0.823676148777913, "angle_deg": 34.54549826061911, "angle_rad": 0.6029326863897777}, "wheel_vel": [0.96, 0.96], "action": [1.0, 1.0]}, "3": {"time": 16.14677405357361, "reward": 0.67931494800722, "lane_pos": {"dist": -0.053429480964551246, "dot_dir": 0.8286071811546304, "angle_deg": 34.04407344915569, "angle_rad": 0.5941811724785492}, "wheel_vel": [0.9332203674316406, 0.96], "action": [0.972104549407959, 1.0]}, "4": {"time": 16.156896591186523, "reward": 0.43120575170933356, "lane_pos": {"dist": -0.053429480964551246, "dot_dir": 0.34211253556347454, "angle_deg": 69.99436647697206, "angle_rad": 1.2216321528707061}, "wheel_vel": [0.96, -0.96], "action": [1.0, -1.0]}, "5": {"time": 16.16694450378418, "reward": 0.592145686109585, "lane_pos": {"dist": -0.03949196811742617, "dot_dir": 0.6153971011933749, "angle_deg": 52.01921996306389, "angle_rad": 0.9079066626746279}, "wheel_vel": [8.298059732000394e-25, 0.96], "action": [8.643812220833744e-25, 1.0]}, "6": {"time": 16.176904439926147, "reward": 0.7421743687334064, "lane_pos": {"dist": -0.028618254039402213, "dot_dir": 0.8286071811546302, "angle_deg": 34.04407344915571, "angle_rad": 0.5941811724785495}, "wheel_vel": [1.7916984099491464e-21, 0.96], "action": [1.8663525103636944e-21, 1.0]}, "7": {"time": 16.186896324157715, "reward": 1.0890378080666174, "lane_pos": {"dist": -0.021869820461875467, "dot_dir": 0.960929408161441, "angle_deg": 16.06892693548661, "angle_rad": 0.28045568228664375}, "wheel_vel": [1.2767297219440367e-11, 0.96], "action": [1.3299267936917047e-11, 1.0]}, "8": {"time": 16.19687557220459, "reward": 1.030788429544886, "lane_pos": {"dist": -0.01301242667638558, "dot_dir": 0.960929408161441, "angle_deg": 16.06892693548661, "angle_rad": 0.28045568228664375}, "wheel_vel": [0.96, 0.96], "action": [1.0, 1.0]}, "9": {"time": 16.20688247680664, "reward": 0.6595138792011555, "lane_pos": {"dist": -0.004155032511800716, "dot_dir": 0.9609294029855407, "angle_deg": 16.06892800688883, "angle_rad": 0.28045570098614014}, "wheel_vel": [0.96, 0.9599999427795409], "action": [1.0, 0.9999999403953552]}, "10": {"time": 16.217092752456665, "reward": 0.5222567262902602, "lane_pos": {"dist": 0.004702400838812348, "dot_dir": 0.9609208208807801, "angle_deg": 16.07070439177415, "angle_rad": 0.28048670475117166}, "wheel_vel": [0.96, 0.9599051284790039], "action": [1.0, 0.9999011754989624]}, "11": {"time": 16.22754716873169, "reward": 0.36714517915886613, "lane_pos": {"dist": 0.013560749080613999, "dot_dir": 0.9609207069986331, "angle_deg": 16.070727962623035, "angle_rad": 0.2804871161400922}, "wheel_vel": [0.96, 0.9599987411499024], "action": [1.0, 0.9999986886978149]}, "12": {"time": 16.23809242248535, "reward": 0.25939657025094687, "lane_pos": {"dist": 0.021627503776711965, "dot_dir": 0.967726838384281, "angle_deg": 14.595983516296117, "angle_rad": 0.25474796992618665}, "wheel_vel": [0.8758146858215332, 0.954576473236084], "action": [0.9123069643974304, 0.9943504929542542]}, "13": {"time": 16.249213457107544, "reward": 0.5742759394296513, "lane_pos": {"dist": 0.023184762854926433, "dot_dir": 0.9982613301139646, "angle_deg": -3.3791629976120205, "angle_rad": -0.05897752026989104}, "wheel_vel": [1.8593966672963916e-18, 0.96], "action": [1.936871528433741e-18, 1.0]}, "14": {"time": 16.259385347366333, "reward": 0.0667219232153844, "lane_pos": {"dist": 0.023184762854926433, "dot_dir": 0.8427237637331902, "angle_deg": 32.57113003020431, "angle_rad": 0.5684734601222653}, "wheel_vel": [0.96, -0.96], "action": [1.0, -1.0]}, "15": {"time": 16.26952886581421, "reward": -0.10268984149049804, "lane_pos": {"dist": 0.023184762854926433, "dot_dir": 0.3661533152880452, "angle_deg": 68.52142305802067, "angle_rad": 1.1959244405144223}, "wheel_vel": [0.96, -0.96], "action": [1.0, -1.0]}, "16": {"time": 16.279662609100342, "reward": -0.24943634060203412, "lane_pos": {"dist": -0.257184762854926, "dot_dir": 0.24990204997447032, "angle_deg": -75.52828391416298, "angle_rad": -1.3182172326832142}, "wheel_vel": [0.96, -0.96], "action": [1.0, -1.0]}, "17": {"time": 16.28971028327942, "reward": -0.25466684398857714, "lane_pos": {"dist": 0.03904629070444843, "dot_dir": 0.06110830001615039, "angle_deg": 86.49656957192902, "angle_rad": 1.5096499307105036}, "wheel_vel": [8.879466985908106e-15, 0.96], "action": [9.249444776987612e-15, 1.0]}, "18": {"time": 16.29984426498413, "reward": -0.30092030571275585, "lane_pos": {"dist": 0.07094672179172301, "dot_dir": 0.06186710821561888, "angle_deg": 86.45301064316102, "angle_rad": 1.5088896839848602}, "wheel_vel": [0.9576640319824219, 0.9599903869628906], "action": [0.9975666999816895, 0.9999899864196777]}, "19": {"time": 16.30994415283203, "reward": -0.21621457444192432, "lane_pos": {"dist": 0.08650188222542132, "dot_dir": 0.3668518595337125, "angle_deg": 68.47840617733031, "angle_rad": 1.1951736543124378}, "wheel_vel": [2.8949202387593687e-05, 0.96], "action": [3.0155419153743424e-05, 1.0]}, "20": {"time": 16.32029891014099, "reward": -0.24963905287656996, "lane_pos": {"dist": -0.32050188222542175, "dot_dir": 0.24917501501231681, "angle_deg": -75.57130079485334, "angle_rad": -1.3189680188851987}, "wheel_vel": [0.96, -0.96], "action": [1.0, -1.0]}, "21": {"time": 16.331031560897827, "reward": -0.3009204567948657, "lane_pos": {"dist": 0.1023645489474525, "dot_dir": 0.06185766581181407, "angle_deg": 86.4535526912385, "angle_rad": 1.5088991445085165}, "wheel_vel": [5.016298859042597e-16, 0.96], "action": [5.225311311502705e-16, 1.0]}, "22": {"time": 16.341894388198853, "reward": -0.21707492140960755, "lane_pos": {"dist": 0.11807098590499399, "dot_dir": 0.36402638629432477, "angle_deg": 68.65232286564985, "angle_rad": 1.1982090731477786}, "wheel_vel": [0.009125246107578278, 0.9598368644714355], "action": [0.00950546469539404, 0.9998300671577454]}}