{"1": {"time": 7067, "steps": 500, "reward": 403.88694389888747}, "2": {"time": 7072, "steps": 500, "reward": 440.99697805276804}, "3": {"time": 7077, "steps": 500, "reward": 427.6788124688271}, "4": {"time": 7082, "steps": 500, "reward": 421.92099788544715}, "5": {"time": 7087, "steps": 500, "reward": 373.61462904567554}, "6": {"time": 7092, "steps": 500, "reward": 386.336084765369}, "7": {"time": 7097, "steps": 500, "reward": 130.61450651013362}, "8": {"time": 7102, "steps": 500, "reward": 407.9925338607414}, "9": {"time": 7108, "steps": 500, "reward": 433.77143596959115}, "10": {"time": 7113, "steps": 500, "reward": 435.1223222169477}}