{"1": {"time": 2.073453426361084, "steps": 199, "reward": 83.56780863983528}, "2": {"time": 3.211364984512329, "steps": 110, "reward": 27.563330352486883}, "3": {"time": 4.840948581695557, "steps": 158, "reward": 41.48081675942092}, "4": {"time": 4.9530768394470215, "steps": 10, "reward": -1.3300244987695222}, "5": {"time": 7.474832773208618, "steps": 244, "reward": 98.1070783606396}, "6": {"time": 7.81561279296875, "steps": 32, "reward": -0.5649843088488642}, "7": {"time": 8.420268297195435, "steps": 58, "reward": 20.782713694638968}, "8": {"time": 8.842616319656372, "steps": 39, "reward": 1.4084006173364174}, "9": {"time": 11.377943754196167, "steps": 247, "reward": 101.4221569593577}, "10": {"time": 14.354573488235474, "steps": 287, "reward": 131.59832960166594}}