{"0": {"time": 3.6507370471954346, "reward": 0.472242699146707, "lane_pos": {"dist": 0.04522499597907581, "dot_dir": 0.952113393160993, "angle_deg": -17.802998520922028, "angle_rad": -0.31072094091776997}, "wheel_vel": [1.1110143077530666e-07, 0.96], "action": [1.157306570576111e-07, 1.0]}, "1": {"time": 3.6606523990631104, "reward": 0.04121822619562662, "lane_pos": {"dist": 0.04522499686877346, "dot_dir": 0.9502610116571479, "angle_deg": 18.14691737331193, "angle_rad": 0.31672345725165413}, "wheel_vel": [0.9599989700317383, -0.9599808883666993], "action": [0.999998927116394, -0.999980092048645]}, "2": {"time": 3.67061710357666, "reward": 0.13254613777535335, "lane_pos": {"dist": 0.04776145608536586, "dot_dir": 0.9999955061001327, "angle_deg": 0.17177085940457232, "angle_rad": 0.0029979670555900536}, "wheel_vel": [9.44901193762724e-29, 0.96], "action": [9.842720768361708e-29, 1.0]}, "3": {"time": 3.6805686950683594, "reward": -0.06151383385722112, "lane_pos": {"dist": 0.047504144710335705, "dot_dir": 0.81760365054167, "angle_deg": 35.15437554243941, "angle_rad": 0.6135595996981353}, "wheel_vel": [0.9083185958862304, -0.96], "action": [0.9461652040481567, -1.0]}, "4": {"time": 3.6903395652770996, "reward": -0.21800524753466127, "lane_pos": {"dist": 0.047504144710335705, "dot_dir": 0.323840328269222, "angle_deg": 71.10466857025577, "angle_rad": 1.2410105800902922}, "wheel_vel": [0.96, -0.96], "action": [1.0, -1.0]}, "5": {"time": 3.700150728225708, "reward": -0.1438846620490039, "lane_pos": {"dist": 0.06158870119381765, "dot_dir": 0.6000081024551452, "angle_deg": 53.12952205634758, "angle_rad": 0.9272850898942135}, "wheel_vel": [7.376888726159673e-36, 0.96], "action": [7.684259089749659e-36, 1.0]}, "6": {"time": 3.709991455078125, "reward": -0.14834307741702785, "lane_pos": {"dist": 0.08669224854719282, "dot_dir": 0.593732108598886, "angle_deg": 53.57770032014492, "angle_rad": 0.9351072762333488}, "wheel_vel": [0.95061429977417, 0.926678409576416], "action": [0.990223228931427, 0.9652900099754333]}, "7": {"time": 3.719916582107544, "reward": -0.3298664459158862, "lane_pos": {"dist": 0.085308308030144, "dot_dir": 0.03752409532446921, "angle_deg": 87.84952284038121, "angle_rad": 1.533263419870613}, "wheel_vel": [0.8705294609069824, -0.9598283386230468], "action": [0.9068015217781067, -0.9998211860656738]}, "8": {"time": 3.729827880859375, "reward": -0.2229573791319371, "lane_pos": {"dist": 0.10093798980379143, "dot_dir": 0.34389850922743004, "angle_deg": 69.88542882365286, "angle_rad": 1.21973083214089}, "wheel_vel": [0.0001408148417249322, 0.9595505332946778], "action": [0.00014668212679680437, 0.9995318055152893]}, "9": {"time": 3.7399063110351562, "reward": -0.21925372602075968, "lane_pos": {"dist": 0.13024268471607758, "dot_dir": 0.35672306436781714, "angle_deg": 69.10091597409074, "angle_rad": 1.206038499891828}, "wheel_vel": [0.9176788902282715, 0.9595774269104004], "action": [0.9559155106544495, 0.9995598196983337]}}