{"0": {"time": 10.29480242729187, "reward": 0.4647402209931598, "lane_pos": {"dist": -0.28593487869141465, "dot_dir": 0.9289897865990702, "angle_deg": 21.722115160250798, "angle_rad": 0.3791224300437521}, "wheel_vel": [0.9595367431640625, -0.2871499729156494], "action": [0.9995174407958984, -0.29911455512046814]}, "1": {"time": 10.305840969085693, "reward": 0.6543568647526785, "lane_pos": {"dist": -0.28593487869141465, "dot_dir": 0.534759338434645, "angle_deg": 57.67240818806717, "angle_rad": 1.0065734104359092}, "wheel_vel": [0.96, -0.96], "action": [1.0, -1.0]}, "2": {"time": 10.31592321395874, "reward": 0.6543569296962128, "lane_pos": {"dist": -0.2588947414809373, "dot_dir": 0.534759401639271, "angle_deg": 57.67240390245827, "angle_rad": 1.0065733356379234}, "wheel_vel": [0.9599997711181641, 0.96], "action": [0.9999997615814209, 1.0]}, "3": {"time": 10.325854539871216, "reward": 0.6543569296962128, "lane_pos": {"dist": -0.23185460169699745, "dot_dir": 0.534759401639271, "angle_deg": 57.67240390245827, "angle_rad": 1.0065733356379234}, "wheel_vel": [0.96, 0.96], "action": [1.0, 1.0]}, "4": {"time": 10.33585238456726, "reward": 0.65436621649106, "lane_pos": {"dist": -0.20481501438062166, "dot_dir": 0.5347684398699942, "angle_deg": 57.67179106038686, "angle_rad": 1.0065626395259826}, "wheel_vel": [0.959967269897461, 0.96], "action": [0.9999659061431885, 1.0]}, "5": {"time": 10.345776796340942, "reward": 0.9542614724097007, "lane_pos": {"dist": -0.19283041357867936, "dot_dir": 0.7691958053006259, "angle_deg": 39.71827230281903, "angle_rad": 0.6932146248878623}, "wheel_vel": [0.0011550752073526383, 0.96], "action": [0.0012032033409923315, 1.0]}, "6": {"time": 10.355731010437012, "reward": 0.3515290894664882, "lane_pos": {"dist": -0.19166946676743113, "dot_dir": 0.2741587764941133, "angle_deg": 74.08811098400113, "angle_rad": 1.2930814732537956}, "wheel_vel": [0.96, -0.8755925559997559], "action": [1.0, -0.9120755791664124]}, "7": {"time": 10.365689754486084, "reward": 0.6754559515372218, "lane_pos": {"dist": -0.17722432803402355, "dot_dir": 0.5564683383169335, "angle_deg": 56.1880900576797, "angle_rad": 0.9806671719136013}, "wheel_vel": [0.0015720142051577567, 0.9575597763061523], "action": [0.00163751479703933, 0.9974581003189087]}, "8": {"time": 10.375662565231323, "reward": 0.8345134031618511, "lane_pos": {"dist": -0.1655326376152706, "dot_dir": 0.7857171700562358, "angle_deg": 38.212943543808755, "angle_rad": 0.6669416817181728}, "wheel_vel": [1.9890041697001594e-12, 0.96], "action": [2.071879343437666e-12, 1.0]}, "9": {"time": 10.38553237915039, "reward": 0.3500969090386318, "lane_pos": {"dist": -0.16553250510992046, "dot_dir": 0.2729006495142191, "angle_deg": 74.16305443324725, "angle_rad": 1.2943894831959417}, "wheel_vel": [0.96, -0.9599902725219727], "action": [1.0, -0.9999898672103882]}, "10": {"time": 10.396017074584961, "reward": 0.6760685723083972, "lane_pos": {"dist": -0.15107041827659873, "dot_dir": 0.5564709795702129, "angle_deg": 56.187907919628756, "angle_rad": 0.9806639930049192}, "wheel_vel": [1.54716089939555e-11, 0.96], "action": [1.6116259368703645e-11, 1.0]}, "11": {"time": 10.406201124191284, "reward": 0.4233873082100187, "lane_pos": {"dist": -0.13429912665085209, "dot_dir": 0.3404302122839063, "angle_deg": 70.09691291310884, "angle_rad": 1.223421925817479}, "wheel_vel": [0.9367801666259765, 0.19394089221954347], "action": [0.9758126735687256, 0.2020217627286911]}, "12": {"time": 10.416204690933228, "reward": -0.26850238420590045, "lane_pos": {"dist": -0.09913159275097749, "dot_dir": 0.24364983127354958, "angle_deg": -75.89794300830995, "angle_rad": -1.3246690009860185}, "wheel_vel": [0.8907037353515626, -0.925411548614502], "action": [0.9278163909912109, -0.9639703631401062]}, "13": {"time": 10.426147937774658, "reward": 0.1556211496775371, "lane_pos": {"dist": -0.11899736105793124, "dot_dir": 0.06754623052187098, "angle_deg": 86.12693711571092, "angle_rad": 1.503198627327264}, "wheel_vel": [1.422653876943514e-06, 0.96], "action": [1.4819311218161602e-06, 1.0]}, "14": {"time": 10.4360990524292, "reward": 0.2385103096065822, "lane_pos": {"dist": -0.09355404433750558, "dot_dir": 0.17394386101023762, "angle_deg": 79.98279678818537, "angle_rad": 1.3959631489073803}, "wheel_vel": [0.6052399635314941, 0.9333805274963379], "action": [0.6304582953453064, 0.9722713828086853]}, "15": {"time": 10.445980072021484, "reward": 0.5828141203668855, "lane_pos": {"dist": -0.07848814432109508, "dot_dir": 0.46935366525357997, "angle_deg": 62.00765027427719, "angle_rad": 1.0822376587113018}, "wheel_vel": [6.483864223722367e-27, 0.96], "action": [6.754025233044131e-27, 1.0]}, "16": {"time": 10.455905199050903, "reward": -0.2896128365414229, "lane_pos": {"dist": -0.15545430886990497, "dot_dir": 0.12471952922594454, "angle_deg": -82.83544075787292, "angle_rad": -1.4457511785655894}, "wheel_vel": [0.9370306777954102, -0.9405970001220704], "action": [0.9760736227035522, -0.9797885417938232]}, "17": {"time": 10.465795516967773, "reward": 0.2585490279411822, "lane_pos": {"dist": -0.06261928608237388, "dot_dir": 0.18756272221078907, "angle_deg": 79.1894184980711, "angle_rad": 1.3821160855310437}, "wheel_vel": [3.0815092941338665e-07, 0.96], "action": [3.2099055147227773e-07, 1.0]}, "18": {"time": 10.475696325302124, "reward": 0.5586498237887134, "lane_pos": {"dist": -0.04762668067802289, "dot_dir": 0.48153537719806305, "angle_deg": 61.21427198416294, "angle_rad": 1.0683905953349655}, "wheel_vel": [4.0690226965026547e-16, 0.96], "action": [4.2385653088569317e-16, 1.0]}, "19": {"time": 10.485947847366333, "reward": 0.6686028184802236, "lane_pos": {"dist": -0.03503143381351059, "dot_dir": 0.7285010019924202, "angle_deg": 43.23912547025475, "angle_rad": 0.7546651051388868}, "wheel_vel": [1.6200821816597173e-25, 0.96], "action": [1.6875856058955388e-25, 1.0]}, "20": {"time": 10.496590614318848, "reward": 0.09479973690596288, "lane_pos": {"dist": -0.03503143381351059, "dot_dir": 0.18756272221078907, "angle_deg": 79.1894184980711, "angle_rad": 1.3821160855310437}, "wheel_vel": [0.96, -0.96], "action": [1.0, -1.0]}, "21": {"time": 10.506822109222412, "reward": -0.19916477820665138, "lane_pos": {"dist": -0.19896857270196644, "dot_dir": 0.4248266460777291, "angle_deg": -64.86030883075479, "angle_rad": -1.1320259429570245}, "wheel_vel": [0.9599996566772461, -0.9599992561340331], "action": [0.9999996423721313, -0.9999992251396179]}, "22": {"time": 10.516860961914062, "reward": -0.20247778051252363, "lane_pos": {"dist": -0.2274519048816509, "dot_dir": 0.4136872658413853, "angle_deg": -65.56332547024364, "angle_rad": -1.144295898012411}, "wheel_vel": [0.9224531364440919, 0.9599991989135743], "action": [0.960888683795929, 0.9999991655349731]}, "23": {"time": 10.526803970336914, "reward": -0.26548654247945336, "lane_pos": {"dist": -0.24654991268385096, "dot_dir": 0.19193546752588472, "angle_deg": -78.93424253604843, "angle_rad": -1.377662424821804}, "wheel_vel": [0.24589842796325684, 0.96], "action": [0.2561441957950592, 1.0]}, "24": {"time": 10.536768436431885, "reward": -0.18312864864786366, "lane_pos": {"dist": -0.24362806600068765, "dot_dir": 0.6631939979697254, "angle_deg": -48.456077433790625, "angle_rad": -0.8457180938209711}, "wheel_vel": [0.714931697845459, -0.9128179550170898], "action": [0.7447205185890198, -0.9508520364761353]}, "25": {"time": 10.546743392944336, "reward": 0.04755019159665391, "lane_pos": {"dist": -0.24362806600068765, "dot_dir": 0.9762741510657684, "angle_deg": -12.505784405974278, "angle_rad": -0.21826711342881439}, "wheel_vel": [0.96, -0.96], "action": [1.0, -1.0]}, "26": {"time": 10.556691884994507, "reward": -0.03715569075628711, "lane_pos": {"dist": -0.24946634813733848, "dot_dir": 0.8617980307392809, "angle_deg": -30.48093091988241, "angle_rad": -0.531992603624892}, "wheel_vel": [1.8652035482531056e-15, 0.96], "action": [1.9429203627636515e-15, 1.0]}, "27": {"time": 10.566577196121216, "reward": -0.036378613361913725,