{"0": {"time": 0.009850502014160156, "reward": 0.12775520222614264, "lane_pos": {"dist": 0.054995959348878465, "dot_dir": 0.9997115700761898, "angle_deg": -1.3761577714964561, "angle_rad": -0.024018484139520933}, "wheel_vel": [0.9030027580261231, 0.96], "action": [0.9406278729438782, 1.0]}, "1": {"time": 0.019792795181274414, "reward": 0.3020826094589585, "lane_pos": {"dist": 0.0522714256367256, "dot_dir": 0.9732973706601711, "angle_deg": -13.270454901383381, "angle_rad": -0.2316131312665594}, "wheel_vel": [0.32476037979125977, 0.96], "action": [0.33829206228256226, 1.0]}, "2": {"time": 0.02960205078125, "reward": -0.00040213332393390644, "lane_pos": {"dist": 0.052271359010770624, "dot_dir": 0.9226807941097829, "angle_deg": 22.678803151885813, "angle_rad": 0.3958197854120751}, "wheel_vel": [0.9599475860595703, -0.9599971389770507], "action": [0.9999454021453857, -0.9999970197677612]}, "3": {"time": 0.03943371772766113, "reward": -0.26466992782749044, "lane_pos": {"dist": 0.05030673309430522, "dot_dir": 0.8838558071295158, "angle_deg": 27.888956240120493, "angle_rad": 0.4867541113347209}, "wheel_vel": [0.0010854800418019295, -0.2771735572814941], "action": [0.0011307083768770099, -0.2887224555015564]}, "4": {"time": 0.049277544021606445, "reward": 0.05975728859585633, "lane_pos": {"dist": 0.05546919965415009, "dot_dir": 0.9850632056665047, "angle_deg": 9.915357968340532, "angle_rad": 0.17305564306139795}, "wheel_vel": [8.268708363175392e-05, 0.96], "action": [8.6132378783077e-05, 1.0]}, "5": {"time": 0.059145212173461914, "reward": -0.10965451313502891, "lane_pos": {"dist": 0.05546919789882665, "dot_dir": 0.6963432442147736, "angle_deg": 45.86564671054801, "angle_rad": 0.8005065486555695}, "wheel_vel": [0.9599997711181641, -0.96], "action": [0.9999997615814209, -1.0]}, "6": {"time": 0.06896662712097168, "reward": -0.2790662946704582, "lane_pos": {"dist": 0.055469191162674125, "dot_dir": 0.1423537196076574, "angle_deg": 81.8159311671466, "angle_rad": 1.4279573794517553}, "wheel_vel": [0.9599995422363281, -0.96], "action": [0.9999995231628418, -1.0]}, "7": {"time": 0.07883501052856445, "reward": -0.1954197252343708, "lane_pos": {"dist": 0.07066233470296002, "dot_dir": 0.439781836324177, "angle_deg": 63.910037732483765, "angle_rad": 1.1154405835056527}, "wheel_vel": [0.0007662847638130188, 0.9570676803588867], "action": [0.0007982132956385612, 0.9969455003738403]}, "8": {"time": 0.08872532844543457, "reward": -0.10998076297115122, "lane_pos": {"dist": 0.08370270403411917, "dot_dir": 0.6954753526214225, "angle_deg": 45.934891218575586, "angle_rad": 0.8017150933095742}, "wheel_vel": [1.599258330106894e-20, 0.96], "action": [1.665894093861348e-20, 1.0]}, "9": {"time": 0.09863948822021484, "reward": -0.2793925276770337, "lane_pos": {"dist": 0.08370270403411917, "dot_dir": 0.14115723118632056, "angle_deg": 81.88518424639194, "angle_rad": 1.429166073701731}, "wheel_vel": [0.96, -0.96], "action": [1.0, -1.0]}, "10": {"time": 0.10849761962890625, "reward": -0.2671425002308479, "lane_pos": {"dist": 0.0971222749676941, "dot_dir": 0.3601917178605449, "angle_deg": 68.88802946197497, "angle_rad": 1.202322929322321}, "wheel_vel": [0.0698694920539856, 0.7640095138549805], "action": [0.07278072088956833, 0.795843243598938]}, "11": {"time": 0.11837267875671387, "reward": -0.13343975795072588, "lane_pos": {"dist": 0.11090819977265154, "dot_dir": 0.6304991081089564, "angle_deg": 50.913044566531944, "angle_rad": 0.8886002599005917}, "wheel_vel": [8.631569507997482e-06, 0.96], "action": [8.991218237497378e-06, 1.0]}, "12": {"time": 0.12836098670959473, "reward": -0.06523212179071691, "lane_pos": {"dist": 0.12407447177187647, "dot_dir": 0.8044903611571825, "angle_deg": 36.43893463122669, "angle_rad": 0.6359793852338914}, "wheel_vel": [0.18698012351989746, 0.96], "action": [0.1947709619998932, 1.0]}, "13": {"time": 0.13832664489746094, "reward": -0.2503413904279815, "lane_pos": {"dist": 0.12279342719187403, "dot_dir": 0.3326178431503986, "angle_deg": 70.57225484332403, "angle_rad": 1.2317182075725193}, "wheel_vel": [0.8629608535766602, -0.9599999427795409], "action": [0.898917555809021, -0.9999999403953552]}}