{"1": {"time": 483, "steps": 500, "reward": 287.67356970815445}, "2": {"time": 489, "steps": 500, "reward": 286.88710458643163}, "3": {"time": 495, "steps": 500, "reward": 150.41851130635618}, "4": {"time": 501, "steps": 500, "reward": 141.36043733182817}, "5": {"time": 507, "steps": 500, "reward": 290.4495993990716}, "6": {"time": 512, "steps": 500, "reward": 273.44590707443217}, "7": {"time": 518, "steps": 500, "reward": 144.75904502608162}, "8": {"time": 524, "steps": 500, "reward": 298.57437154438196}, "9": {"time": 530, "steps": 500, "reward": 196.22855456370146}, "10": {"time": 535, "steps": 500, "reward": 301.52008467995336}}