{"1": {"time": 5870, "steps": 500, "reward": 398.7605750736465}, "2": {"time": 5876, "steps": 500, "reward": 373.823411216244}, "3": {"time": 5881, "steps": 500, "reward": 364.5809124072497}, "4": {"time": 5886, "steps": 500, "reward": 400.59348886686655}, "5": {"time": 5891, "steps": 500, "reward": 389.0916270203968}, "6": {"time": 5896, "steps": 500, "reward": 395.6025972367942}, "7": {"time": 5902, "steps": 500, "reward": 409.55766916258324}, "8": {"time": 5907, "steps": 500, "reward": 408.8502121746478}, "9": {"time": 5912, "steps": 500, "reward": 414.88392750416796}, "10": {"time": 5917, "steps": 500, "reward": 400.71872769602334}}