{"0": {"time": 2917, "reward": 0.13044835985186926, "lane_pos": {"dist": -0.22509130310377432, "dot_dir": 0.9911075472298629, "angle_deg": -7.646642185217677, "angle_rad": -0.13345908285394253}, "wheel_vel": [0.9591204071044922, 1.2], "action": [0.9990837574005127, 1.0]}, "1": {"time": 2917, "reward": 0.07674187272740929, "lane_pos": {"dist": -0.232890825467934, "dot_dir": 0.9452710533985438, "angle_deg": -19.04351272116307, "angle_rad": -0.33237199812972035}, "wheel_vel": [0.8243623352050782, 1.2], "action": [0.858710765838623, 1.0]}, "2": {"time": 2917, "reward": -0.012991857225739756, "lane_pos": {"dist": -0.24524496920572578, "dot_dir": 0.7870900575518566, "angle_deg": -38.08560163331898, "angle_rad": -0.6647191461043462}, "wheel_vel": [0.3464578628540039, 1.2], "action": [0.3608936071395874, 1.0]}, "3": {"time": 2917, "reward": -0.10702142036105583, "lane_pos": {"dist": -0.26321818991627194, "dot_dir": 0.5293375303007549, "angle_deg": -58.03929465966167, "angle_rad": -1.0129767873462578}, "wheel_vel": [0.25467135429382326, 1.2], "action": [0.26528266072273254, 1.0]}, "4": {"time": 2917, "reward": -0.19382550881507932, "lane_pos": {"dist": -0.2856625499896515, "dot_dir": 0.23412933572701627, "angle_deg": -76.4596943370536, "angle_rad": -1.3344734112500485}, "wheel_vel": [0.2659915351867676, 1.2], "action": [0.27707451581954956, 1.0]}, "5": {"time": 2917, "reward": -0.27767426355591424, "lane_pos": {"dist": -0.30992376898203433, "dot_dir": -0.0741598831159645, "angle_deg": -94.25295272252541, "angle_rad": -1.6450243547346217}, "wheel_vel": [0.2660661506652832, 1.2], "action": [0.27715224027633667, 1.0]}, "6": {"time": 2917, "reward": -0.3427430455524441, "lane_pos": {"dist": -0.33650122317242687, "dot_dir": -0.31002898246570654, "angle_deg": -108.06097711681429, "angle_rad": -1.8860198436106583}, "wheel_vel": [0.4297307682037354, 1.2], "action": [0.447636216878891, 1.0]}, "7": {"time": 2917, "reward": -0.4002637888866208, "lane_pos": {"dist": -0.3619873252097732, "dot_dir": -0.5040341485385578, "angle_deg": -120.26725795942019, "angle_rad": -2.099059633737239}, "wheel_vel": [0.48101823806762695, 1.2], "action": [0.5010606646537781, 1.0]}, "8": {"time": 2917, "reward": -0.03795435462368585, "lane_pos": {"dist": 0.14405159649622498, "dot_dir": 0.7267808024368384, "angle_deg": 43.38280810372124, "angle_rad": 0.7571728401708132}, "wheel_vel": [0.4752502727508545, 1.2], "action": [0.49505236744880676, 1.0]}}