{"1": {"time": 9554, "steps": 500, "reward": 409.14114358140205}, "2": {"time": 9559, "steps": 500, "reward": 414.52970007541387}, "3": {"time": 9565, "steps": 500, "reward": 411.91113440081483}, "4": {"time": 9570, "steps": 500, "reward": 407.2939714897081}, "5": {"time": 9575, "steps": 500, "reward": 412.477663847139}, "6": {"time": 9580, "steps": 500, "reward": 417.60959276286775}, "7": {"time": 9585, "steps": 500, "reward": 398.61562056700774}, "8": {"time": 9590, "steps": 500, "reward": 413.33282433105757}, "9": {"time": 9596, "steps": 500, "reward": 385.4625128841263}, "10": {"time": 9601, "steps": 500, "reward": 424.37197196825787}}