{"0": {"time": 9.302058219909668, "reward": 0.4114627413798222, "lane_pos": {"dist": 0.09856062059181475, "dot_dir": 0.9455208169275424, "angle_deg": -18.999605551311216, "angle_rad": -0.3316056734505732}, "wheel_vel": [0.002199203073978424, 0.9599998283386231], "action": [0.0022908365353941917, 0.9999998211860657]}, "1": {"time": 9.312024593353271, "reward": 0.6992729612819474, "lane_pos": {"dist": 0.09125512406904449, "dot_dir": 0.8143957904762738, "angle_deg": -35.4723372395168, "angle_rad": -0.6191090782073645}, "wheel_vel": [1.3960262731416152e-06, 0.96], "action": [1.4541940345225157e-06, 1.0]}, "2": {"time": 9.321996688842773, "reward": 0.8298202525320709, "lane_pos": {"dist": 0.08023142874404594, "dot_dir": 0.617699526880835, "angle_deg": -51.85166433366549, "angle_rad": -0.9049822652613745}, "wheel_vel": [0.0021881479024887084, 0.9599847221374512], "action": [0.0022793207317590714, 0.999984085559845]}, "3": {"time": 9.332032442092896, "reward": 0.3513280089366031, "lane_pos": {"dist": 0.08023142874404594, "dot_dir": 0.9617347523880273, "angle_deg": -15.901371305849155, "angle_rad": -0.277531284869218}, "wheel_vel": [0.96, -0.96], "action": [1.0, -1.0]}, "4": {"time": 9.34201979637146, "reward": 0.6465369788314618, "lane_pos": {"dist": 0.07378223926806637, "dot_dir": 0.8495462146569372, "angle_deg": -31.837652556078947, "angle_rad": -0.5556718632095662}, "wheel_vel": [3.1028014291223374e-09, 0.9587462425231933], "action": [3.2320848220024345e-09, 0.9986940026283264]}, "5": {"time": 9.35208797454834, "reward": 0.5753610924400993, "lane_pos": {"dist": 0.05786168390364573, "dot_dir": 0.8863983077491968, "angle_deg": -27.575908252214607, "angle_rad": -0.4812903932290198}, "wheel_vel": [0.9598267936706544, 0.9597772979736329], "action": [0.9998195767402649, 0.9997680187225342]}, "6": {"time": 9.362138986587524, "reward": 0.06583729146546838, "lane_pos": {"dist": 0.057881801098250946, "dot_dir": 0.9896823971878482, "angle_deg": 8.23760849644365, "angle_rad": 0.1437733907532013}, "wheel_vel": [0.9526951789855956, -0.96], "action": [0.9923908114433289, -1.0]}, "7": {"time": 9.372062683105469, "reward": 0.20523986686084125, "lane_pos": {"dist": 0.05798993413785644, "dot_dir": 0.9914435264295529, "angle_deg": -7.500585964394143, "angle_rad": -0.13090992090755196}, "wheel_vel": [7.409788637639955e-32, 0.96], "action": [7.718529830874953e-32, 1.0]}, "8": {"time": 9.381989479064941, "reward": 0.2242074647835933, "lane_pos": {"dist": 0.05632861802210365, "dot_dir": 0.9651701578587828, "angle_deg": -15.166383889079517, "angle_rad": -0.26470333448586003}, "wheel_vel": [1.887207361050969e-08, 0.5074333190917969], "action": [1.965841001094759e-08, 0.5285763740539551]}, "9": {"time": 9.391966342926025, "reward": 0.2892793016900307, "lane_pos": {"dist": 0.04912602302358448, "dot_dir": 0.9789434522796847, "angle_deg": -11.778669488957405, "angle_rad": -0.2055765640865046}, "wheel_vel": [0.8617900657653809, 0.9598552894592286], "action": [0.8976979851722717, 0.999849259853363]}, "10": {"time": 9.401841402053833, "reward": -0.12396051244550421, "lane_pos": {"dist": 0.050064766724155746, "dot_dir": 0.9984734879777891, "angle_deg": 3.1662339878807946, "angle_rad": 0.055261207977070105}, "wheel_vel": [0.09704139232635497, -0.8294666290283202], "action": [0.10108478367328644, -0.864027738571167]}, "11": {"time": 9.411750316619873, "reward": 0.2964164338111494, "lane_pos": {"dist": 0.04884602459715627, "dot_dir": 0.9784357351685582, "angle_deg": -11.920336060162823, "angle_rad": -0.20804911219405012}, "wheel_vel": [3.1530315492931452e-22, 0.96], "action": [3.2844078638470266e-22, 1.0]}, "12": {"time": 9.421658754348755, "reward": 0.3074874626435178, "lane_pos": {"dist": 0.04357644342775235, "dot_dir": 0.9907710606506243, "angle_deg": -7.790190881208365, "angle_rad": -0.13596448023592442}, "wheel_vel": [0.8644851493835449, 0.9595767974853515], "action": [0.9005053639411926, 0.9995591640472412]}, "13": {"time": 9.431490421295166, "reward": 0.3399066043447282, "lane_pos": {"dist": 0.04008080888639787, "dot_dir": 0.9929540021488232, "angle_deg": -6.805565475756267, "angle_rad": -0.11877952501200119}, "wheel_vel": [0.7144167709350586, 0.927187328338623], "action": [0.744184136390686, 0.9658201336860657]}, "14": {"time": 9.441373825073242, "reward": 0.011123466478419275, "lane_pos": {"dist": 0.040080767530835976, "dot_dir": 0.8737594840713809, "angle_deg": 29.1015007579811, "angle_rad": 0.5079170054983957}, "wheel_vel": [0.958839168548584, -0.9588522148132325], "action": [0.9987908005714417, -0.9988043904304504]}, "15": {"time": 9.451313734054565, "reward": -0.04997450197258968, "lane_pos": {"dist": 0.05636638395046477, "dot_dir": 0.8367531591258884, "angle_deg": 33.20116714606424, "angle_rad": 0.5794696822037901}, "wheel_vel": [0.9168462181091309, 0.96], "action": [0.955048143863678, 1.0]}, "16": {"time": 9.46122145652771, "reward": 0.02116723431909545, "lane_pos": {"dist": 0.06328662899619189, "dot_dir": 0.9504917522189922, "angle_deg": 18.10442182478189, "angle_rad": 0.31598177001236394}, "wheel_vel": [1.890078578981047e-08, 0.96], "action": [1.9688318531052573e-08, 1.0]}, "17": {"time": 9.471019983291626, "reward": -0.14824454889928834, "lane_pos": {"dist": 0.06328662789127411, "dot_dir": 0.5870124403956638, "angle_deg": 54.054712709793804, "angle_rad": 0.943432713005528}, "wheel_vel": [0.9599998855590821, -0.96], "action": [0.9999998807907104, -1.0]}, "18": {"time": 9.480934143066406, "reward": -0.3177260291611471, "lane_pos": {"dist": 0.06327997735921276, "dot_dir": 5.873256255212178e-05, "angle_deg": 89.99663487204384, "angle_rad": 1.5707375942323107}, "wheel_vel": [0.9595632362365722, -0.9599897003173828], "action": [0.9995450377464294, -0.9999892711639404]}, "19": {"time": 9.490872383117676, "reward": -0.16412636550227855, "lane_pos": {"dist": -0.3202053751038619, "dot_dir": 0.5388179917256285, "angle_deg": -57.39678938035426, "angle_rad": -1.0017629547608977}, "wheel_vel": [0.9594692802429199, -0.9544270133972168], "action": [0.9994471669197083, -0.9941948056221008]}, "20": {"time": 9.50066614151001, "reward": -0.3955028358821112, "lane_pos": {"dist": -0.31888950131074445, "dot_dir": 0.5647942760075035, "angle_deg": -55.61199331116371, "angle_rad": -0.9706123868768701}, "wheel_vel": [0.00032078540883958336, -0.09499995231628418], "action": [0.0003341514675412327, -0.09895828366279602]}, "21": {"time": 9.51061224937439, "reward": -0.2785599915981668, "lane_pos": {"dist": -0.32976891309360795, "dot_dir": 0.34469074438686625, "angle_deg": -69.83708119693304, "angle_rad": -1.218887006869104}, "wheel_vel": [1.787751079973532e-07, 0.7362287521362304], "action": [1.8622407083057624e-07, 0.7669049501419067]}, "22": {"time": 9.520522117614746, "reward": -0.3384882611095208, "lane_pos": {"dist": 0.08815892109308704, "dot_dir": -0.07716604561855384, "angle_deg": 94.42568836828701, "angle_rad": 1.6480391604887203}, "wheel_vel": [5.626353049592581e-07, 0.96], "action": [5.860784426658938e-07, 1.0]}, "23": {"time": 9.53045105934143, "reward": -0.47601643181249303, "lane_pos": {"dist": -0.34074218455670174, "dot_dir": 0.1958485412350795, "angle_deg": -78.7057027342441, "angle_rad": -1.373673652808463}, "wheel_vel": [0.11357256889343262, -0.39631808280944825], "action": [0.11830475926399231, -0.4128313362598419]}, "24": {"time": 9.541301965713501, "reward": -0.2965283645776766, "lane_pos": {"dist": 0.0993928464506886, "dot_dir": 0.07808462228912394, "angle_deg": 85.52152177539708, "angle_rad": 1.4926321362967054}, "wheel_vel": [0.00023692438378930091, 0.96], "action": [0.0002467962331138551, 1.0]}, "25": {"time": 9.551168441772461, "reward": -0.18862708903692477, "lane_pos": {"dist": -0.3575659936730981, "dot_dir": 0.4675809561019259, "angle_deg": -62.12261460687521, "angle_rad": -1.0842441648374952}, "wheel_vel": [0.9505460929870606, -0.8948712158203125], "action": [0.9901521801948547, -0.9321575164794922]}, "26": {"time": 9.561128616333008, "reward": -0.2750762422998786,