{"1": {"time": 1.864631175994873, "steps": 183, "reward": 86.11619590862566}, "2": {"time": 1.9948503971099854, "steps": 12, "reward": -0.7410885171964057}, "3": {"time": 2.28873610496521, "steps": 27, "reward": 4.188533944800572}, "4": {"time": 2.482999324798584, "steps": 18, "reward": -3.5319825189644853}, "5": {"time": 2.712682008743286, "steps": 21, "reward": -3.1620470379358694}, "6": {"time": 3.1629772186279297, "steps": 44, "reward": 16.07399382467874}, "7": {"time": 4.832409620285034, "steps": 159, "reward": 85.27325341629385}, "8": {"time": 5.83014178276062, "steps": 98, "reward": 49.558544788850796}, "9": {"time": 6.732428073883057, "steps": 88, "reward": 26.016907880327434}, "10": {"time": 7.545411825180054, "steps": 80, "reward": 17.769513881913685}}