{"0": {"time": 8.343559265136719, "reward": -0.07490502559325796, "lane_pos": {"dist": 0.07454114226000608, "dot_dir": 0.7826995380150216, "angle_deg": 38.49158857019575, "angle_rad": 0.6718049548729323}, "wheel_vel": [0.96, -0.96], "action": [1.0, -1.0]}, "1": {"time": 8.353557825088501, "reward": -0.24431679029914033, "lane_pos": {"dist": 0.07454114226000608, "dot_dir": 0.2682157041762405, "angle_deg": 74.44188159801209, "angle_rad": 1.2992559352650888}, "wheel_vel": [0.96, -0.96], "action": [1.0, -1.0]}, "2": {"time": 8.363548994064331, "reward": -0.22153683701935417, "lane_pos": {"dist": -0.30854114226000595, "dot_dir": 0.3484440314612284, "angle_deg": -69.60782537417158, "angle_rad": -1.214885737932548}, "wheel_vel": [0.96, -0.96], "action": [1.0, -1.0]}, "3": {"time": 8.373924732208252, "reward": -0.3062427193557873, "lane_pos": {"dist": -0.3241609858896015, "dot_dir": 0.042172587863041656, "angle_deg": -87.58297188457666, "angle_rad": -1.5286112280674857}, "wheel_vel": [1.8708949056644997e-10, 0.96], "action": [1.9488488600671872e-10, 1.0]}, "4": {"time": 8.38464617729187, "reward": -0.24431679031576203, "lane_pos": {"dist": 0.10599078878062296, "dot_dir": 0.2682157041169339, "angle_deg": 74.44188160153935, "angle_rad": 1.299255935326651}, "wheel_vel": [1.2924737322062008e-12, 0.96], "action": [1.3463268043814591e-12, 1.0]}, "5": {"time": 8.395425796508789, "reward": -0.22153683700273202, "lane_pos": {"dist": -0.33999078878062283, "dot_dir": 0.3484440315189334, "angle_deg": -69.60782537064426, "angle_rad": -1.2148857378709847}, "wheel_vel": [0.96, -0.96], "action": [1.0, -1.0]}, "6": {"time": 8.405669927597046, "reward": -0.05212507229684976, "lane_pos": {"dist": -0.33999078878062283, "dot_dir": 0.8323651444997168, "angle_deg": -33.65753234282791, "angle_rad": -0.587434757478828}, "wheel_vel": [0.96, -0.96], "action": [1.0, -1.0]}, "7": {"time": 8.41585898399353, "reward": 0.1373483873500041, "lane_pos": {"dist": -0.33999078878062283, "dot_dir": 0.9991994577859892, "angle_deg": 2.2927606849884503, "angle_rad": 0.040016222913328986}, "wheel_vel": [0.96, -0.96], "action": [1.0, -1.0]}}