{"0": {"time": 3.6594865322113037, "reward": 0.6414420886923491, "lane_pos": {"dist": -0.11932090565689857, "dot_dir": 0.844720677294466, "angle_deg": 32.357978897630346, "angle_rad": 0.5647532710544947}, "wheel_vel": [0.9065002441406249, -0.9329494285583496], "action": [0.9442710876464844, -0.9718223214149475]}, "1": {"time": 3.6695477962493896, "reward": 0.3226227448105136, "lane_pos": {"dist": -0.11300012091613787, "dot_dir": 0.9686576329356531, "angle_deg": 14.38283238807334, "angle_rad": 0.25102778093435857}, "wheel_vel": [2.3238451163365424e-10, 0.96], "action": [2.4206719961838985e-10, 1.0]}, "2": {"time": 3.6795551776885986, "reward": 0.94998034001859, "lane_pos": {"dist": -0.11300012794528291, "dot_dir": 0.638323085819139, "angle_deg": 50.33311041625859, "angle_rad": 0.878478499533566}, "wheel_vel": [0.9599991989135743, -0.96], "action": [0.9999991655349731, -1.0]}, "3": {"time": 3.68945574760437, "reward": 0.20883633410890173, "lane_pos": {"dist": -0.12189976624456178, "dot_dir": 0.29422517431578904, "angle_deg": 72.88891874357638, "angle_rad": 1.2721516202940164}, "wheel_vel": [0.2968648052215576, -0.9077749443054199], "action": [0.3092341721057892, -0.9455989003181458]}, "4": {"time": 3.699451208114624, "reward": 0.6931391323250738, "lane_pos": {"dist": -0.10759001274999025, "dot_dir": 0.5748085761701315, "angle_deg": 54.9137722296682, "angle_rad": 0.9584261300979378}, "wheel_vel": [6.916866654294954e-30, 0.96], "action": [7.205069431557245e-30, 1.0]}, "5": {"time": 3.709503650665283, "reward": 0.8788368598189537, "lane_pos": {"dist": -0.09736346726737, "dot_dir": 0.7753290758246464, "angle_deg": 39.165122746069066, "angle_rad": 0.6835603438666282}, "wheel_vel": [9.878418916198228e-12, 0.8410893058776856], "action": [1.0290019704373154e-11, 0.8761346936225891]}, "6": {"time": 3.7195088863372803, "reward": 0.8279964988160464, "lane_pos": {"dist": -0.08589941788874123, "dot_dir": 0.6241604068307396, "angle_deg": 51.37940995296225, "angle_rad": 0.8967398714111361}, "wheel_vel": [0.8111660957336425, 0.15883674144744872], "action": [0.8449646830558777, 0.1654549390077591]}, "7": {"time": 3.729583263397217, "reward": 0.40997369905867886, "lane_pos": {"dist": -0.09067536445686952, "dot_dir": 0.5305143954576829, "angle_deg": 57.95978295339892, "angle_rad": 1.0115890462780943}, "wheel_vel": [4.3774101676774536e-10, -0.3514384746551514], "action": [4.5598022579973474e-10, -0.36608174443244934]}, "8": {"time": 3.7396414279937744, "reward": 0.9764829102602521, "lane_pos": {"dist": -0.0786545433243715, "dot_dir": 0.7662167584744519, "angle_deg": 39.98463797343202, "angle_rad": 0.6978635828543418}, "wheel_vel": [2.4702857785996458e-08, 0.9599999427795409], "action": [2.5732143527079643e-08, 0.9999999403953552]}, "9": {"time": 3.7497200965881348, "reward": 0.5961101068739518, "lane_pos": {"dist": -0.0664946358440206, "dot_dir": 0.8735172712319128, "angle_deg": 29.13002206068326, "angle_rad": 0.5084147961375063}, "wheel_vel": [0.3542259407043457, 0.9339392280578613], "action": [0.3689853549003601, 0.9728533625602722]}, "10": {"time": 3.7597110271453857, "reward": 0.5279915059905654, "lane_pos": {"dist": -0.0665105321417252, "dot_dir": 0.4235386386169054, "angle_deg": 64.94180099493622, "angle_rad": 1.1334482495365663}, "wheel_vel": [0.9556387710571289, -0.9569635963439942], "action": [0.9954570531845093, -0.9968370795249939]}, "11": {"time": 3.7697715759277344, "reward": -0.31783193884739425, "lane_pos": {"dist": -0.16501317333823318, "dot_dir": 0.13985832925686978, "angle_deg": -81.96035154217373, "angle_rad": -1.4304779905029437}, "wheel_vel": [0.8076592254638671, -0.96], "action": [0.8413116931915283, -1.0]}, "12": {"time": 3.779772996902466, "reward": -0.11033498050747859, "lane_pos": {"dist": -0.16501317333823318, "dot_dir": 0.694532076636787, "angle_deg": -46.01005851435736, "angle_rad": -0.8030270101107867}, "wheel_vel": [0.96, -0.96], "action": [1.0, -1.0]}, "13": {"time": 3.789829730987549, "reward": -0.19504086281135274, "lane_pos": {"dist": -0.17806554505177752, "dot_dir": 0.4386032198049667, "angle_deg": -63.985205017853154, "angle_rad": -1.1167525001251346}, "wheel_vel": [5.560958094008583e-10, 0.96], "action": [5.792664681258941e-10, 1.0]}, "14": {"time": 3.7999024391174316, "reward": -0.025629098105470205, "lane_pos": {"dist": -0.17806554505177752, "dot_dir": 0.8826613662455064, "angle_deg": -28.034911990036782, "angle_rad": -0.4893015197329776}, "wheel_vel": [0.96, -0.96], "action": [1.0, -1.0]}, "15": {"time": 3.8099136352539062, "reward": 0.05925872436911456, "lane_pos": {"dist": -0.17809435946894148, "dot_dir": 0.9999916936140724, "angle_deg": -0.23353070127539008, "angle_rad": -0.004075879641746878}, "wheel_vel": [0.7459701347351074, -0.7388203239440918], "action": [0.7770522236824036, -0.769604504108429]}, "16": {"time": 3.8198471069335938, "reward": 0.11216885570638913, "lane_pos": {"dist": -0.1782440542138467, "dot_dir": 0.9999859638267061, "angle_deg": -0.303572550184045, "angle_rad": -0.0052983405193873035}, "wheel_vel": [0.9562592697143555, 0.96], "action": [0.9961034059524536, 1.0]}, "17": {"time": 3.830587148666382, "reward": 0.08361755507249857, "lane_pos": {"dist": -0.17949561310900197, "dot_dir": 0.9964544089908639, "angle_deg": -4.826255968011344, "angle_rad": -0.08423405718582408}, "wheel_vel": [0.7184567070007325, 0.96], "action": [0.7483924031257629, 1.0]}, "18": {"time": 3.8405489921569824, "reward": 0.07439551061878724, "lane_pos": {"dist": -0.18251012381786436, "dot_dir": 0.9933782883761357, "angle_deg": -6.597246343134572, "angle_rad": -0.11514367025285388}, "wheel_vel": [0.8614245414733886, 0.9560079574584961], "action": [0.8973172307014465, 0.9958416223526001]}, "19": {"time": 3.850550651550293, "reward": 0.00032245681001408233, "lane_pos": {"dist": -0.18697628127426302, "dot_dir": 0.9236936047841119, "angle_deg": -22.52782099574334, "angle_rad": -0.3931846496756288}, "wheel_vel": [0.1091946029663086, 0.96], "action": [0.11374437808990479, 1.0]}, "20": {"time": 3.860501766204834, "reward": -0.07621804521929282, "lane_pos": {"dist": -0.1958892934970814, "dot_dir": 0.780131952335042, "angle_deg": -38.727341578886374, "angle_rad": -0.6759196210960665}, "wheel_vel": [0.0940227484703064, 0.9591917610168457], "action": [0.0979403629899025, 0.9991580843925476]}, "21": {"time": 3.8705334663391113, "reward": -0.17837511766171213, "lane_pos": {"dist": -0.20625246069651726, "dot_dir": 0.5885260312104176, "angle_deg": -53.94751947216413, "angle_rad": -0.9415618380730175}, "wheel_vel": [0.024591881632804874, 0.8374570655822754], "action": [0.025616543367505074, 0.8723511099815369]}, "22": {"time": 3.880600690841675, "reward": -0.1320119443587462, "lane_pos": {"dist": -0.013551569821425052, "dot_dir": -0.30580275285325487, "angle_deg": 107.80646595117798, "angle_rad": 1.8815777857872162}, "wheel_vel": [3.4893524020769302e-31, 0.96], "action": [3.6347420854968024e-31, 1.0]}, "23": {"time": 3.8906502723693848, "reward": -0.11408757496597977, "lane_pos": {"dist": 0.002194515948594249, "dot_dir": 0.0029440269508517383, "angle_deg": 89.83131943727548, "angle_rad": 1.5678522955912368}, "wheel_vel": [3.035101076714897e-13, 0.96], "action": [3.1615636215780174e-13, 1.0]}, "24": {"time": 3.9005250930786133, "reward": -0.09610104282389476, "lane_pos": {"dist": 0.01792594466850101, "dot_dir": 0.3114034136156893, "angle_deg": 71.8561729233673, "angle_rad": 1.2541268053951584}, "wheel_vel": [2.2480638897555256e-22, 0.96], "action": [2.341733218495339e-22, 1.0]}, "25": {"time": 3.910545825958252, "reward": -0.072933690290099, "lane_pos": {"dist": 0.03213484861555682, "dot_dir": 0.5856384377901654, "angle_deg": 54.15189447220886, "angle_rad": 0.9451288547325616}, "wheel_vel": [1.6404823869773863e-15, 0.96], "action": [1.7088358197681107e-15, 1.0]}, "26": {"time": 3.9206504821777344, "reward": -0.31715114876313644, "lane_pos": {"dist": -0.2661348486155569, "dot_dir": 0.0017835073842942708, "angle_deg": -89.89781249997479,