{"0": {"time": 2.0047073364257812, "reward": 0.3287064413712084, "lane_pos": {"dist": 0.07370548082810213, "dot_dir": 0.9672332044807236, "angle_deg": -14.707798605651295, "angle_rad": -0.25669951138884617}, "wheel_vel": [0.0001639809412881732, 0.9599998283386231], "action": [0.00017081348050851375, 0.9999998211860657]}, "1": {"time": 2.014859914779663, "reward": 0.6402739663546803, "lane_pos": {"dist": 0.06703854923688846, "dot_dir": 0.8532351113073388, "angle_deg": -31.43469898695435, "angle_rad": -0.5486389966956794}, "wheel_vel": [0.06553604364395142, 0.9588708686828613], "action": [0.06826671212911606, 0.9988238215446472]}, "2": {"time": 2.0257418155670166, "reward": 0.04457135896333961, "lane_pos": {"dist": 0.06906000927742628, "dot_dir": 0.9984473638259661, "angle_deg": -3.193218878556716, "angle_rad": -0.05573218316765565}, "wheel_vel": [0.548298797607422, -0.9599960517883301], "action": [0.5711445808410645, -0.9999958872795105]}, "3": {"time": 2.0356972217559814, "reward": 0.4539776152133939, "lane_pos": {"dist": 0.06569777204982463, "dot_dir": 0.9325367679414731, "angle_deg": -21.166231905373635, "angle_rad": -0.36942043698944277}, "wheel_vel": [0.00011377164395526051, 0.9599998283386231], "action": [0.00011851212912006304, 0.9999998211860657]}, "4": {"time": 2.0456619262695312, "reward": 0.9066313011075541, "lane_pos": {"dist": 0.057693524481261305, "dot_dir": 0.775590737185329, "angle_deg": -39.1413784192818, "angle_rad": -0.6831459271855209}, "wheel_vel": [1.2070834105119349e-33, 0.96], "action": [1.2573785526165988e-33, 1.0]}, "5": {"time": 2.0556089878082275, "reward": 0.1474717831173261, "lane_pos": {"dist": 0.057693524481261305, "dot_dir": 0.998449437324046, "angle_deg": -3.1910853914654354, "angle_rad": -0.055694946793364}, "wheel_vel": [0.96, -0.96], "action": [1.0, -1.0]}, "6": {"time": 2.065570116043091, "reward": 0.45397765812873814, "lane_pos": {"dist": 0.054331978342750054, "dot_dir": 0.9325367679414731, "angle_deg": -21.166231905373635, "angle_rad": -0.36942043698944277}, "wheel_vel": [1.475468660169079e-31, 0.96], "action": [1.5369465210094573e-31, 1.0]}, "7": {"time": 2.075652599334717, "reward": -0.07749826687871444, "lane_pos": {"dist": 0.0569915080428699, "dot_dir": 0.9993794915833221, "angle_deg": -2.0185240493521244, "angle_rad": -0.035229890691883085}, "wheel_vel": [0.11240962028503419, -0.910213451385498], "action": [0.11709335446357727, -0.9481390118598938]}, "8": {"time": 2.085688591003418, "reward": 0.4309629114564058, "lane_pos": {"dist": 0.05394939044692593, "dot_dir": 0.9397328134554781, "angle_deg": -19.99326577024983, "angle_rad": -0.3489483159171397}, "wheel_vel": [2.1618810715153815e-05, 0.96], "action": [2.251959449495189e-05, 1.0]}, "9": {"time": 2.0958287715911865, "reward": 0.03128659281417928, "lane_pos": {"dist": 0.05394939044692593, "dot_dir": 0.9614681579367567, "angle_deg": 15.957027257566509, "angle_rad": 0.2785026644750168}, "wheel_vel": [0.96, -0.96], "action": [1.0, -1.0]}, "10": {"time": 2.105822801589966, "reward": 0.13439502450204718, "lane_pos": {"dist": 0.055882881152849784, "dot_dir": 0.9993797404051495, "angle_deg": -2.0181192561751016, "angle_rad": -0.035222825718154424}, "wheel_vel": [8.891107017294786e-12, 0.96], "action": [9.261569809682069e-12, 1.0]}, "11": {"time": 2.1158015727996826, "reward": 0.4141818413177937, "lane_pos": {"dist": 0.052818483098014624, "dot_dir": 0.944717324726828, "angle_deg": -19.14050955416756, "angle_rad": -0.3340649122296559}, "wheel_vel": [0.04536800622940064, 0.9598247909545898], "action": [0.04725833982229233, 0.9998174905776978]}, "12": {"time": 2.125842809677124, "reward": 0.027268055306057082, "lane_pos": {"dist": 0.05281848313617321, "dot_dir": 0.957270141106114, "angle_deg": 16.80978133084434, "angle_rad": 0.293386030763508}, "wheel_vel": [0.9599998855590821, -0.96], "action": [0.9999998807907104, -1.0]}, "13": {"time": 2.1357946395874023, "reward": 0.12565632990190156, "lane_pos": {"dist": 0.054987157116378804, "dot_dir": 0.9997931603258305, "angle_deg": -1.1653651830638125, "angle_rad": -0.020339459432569987}, "wheel_vel": [0.0, 0.96], "action": [0.0, 1.0]}, "14": {"time": 2.145771026611328, "reward": 0.41418346000617967, "lane_pos": {"dist": 0.052178244406038354, "dot_dir": 0.9447296330300129, "angle_deg": -19.13835864763514, "angle_rad": -0.33402737182876246}, "wheel_vel": [0.00011498806765303015, 0.96], "action": [0.00011977923713857308, 1.0]}, "15": {"time": 2.1556830406188965, "reward": 0.013543676574832297, "lane_pos": {"dist": 0.052226482132827656, "dot_dir": 0.9660486172386864, "angle_deg": 14.972793181071317, "angle_rad": 0.26132453922985}, "wheel_vel": [0.870475959777832, -0.9513008880615235], "action": [0.9067457914352417, -0.9909384250640869]}, "16": {"time": 2.165621280670166, "reward": 0.02996758497677038, "lane_pos": {"dist": 0.05875345668159615, "dot_dir": 0.9762380184192373, "angle_deg": 12.515341473605194, "angle_rad": 0.2184339157258096}, "wheel_vel": [0.7586044120788574, 0.8898497200012208], "action": [0.7902129292488098, 0.9269267916679382]}, "17": {"time": 2.1756882667541504, "reward": 0.17607082511808234, "lane_pos": {"dist": 0.05973394056026482, "dot_dir": 0.9954631925107782, "angle_deg": -5.459805040302951, "angle_rad": -0.0952915744702682}, "wheel_vel": [2.2421385785391323e-21, 0.96], "action": [2.335561019311596e-21, 1.0]}, "18": {"time": 2.185624122619629, "reward": 0.49812234590280224, "lane_pos": {"dist": 0.055758439265905846, "dot_dir": 0.917512187558992, "angle_deg": -23.434951459671645, "angle_rad": -0.40901706301632135}, "wheel_vel": [5.0490781688949934e-09, 0.96], "action": [5.259456425932285e-09, 1.0]}, "19": {"time": 2.1956627368927, "reward": -0.05037895886306164, "lane_pos": {"dist": 0.05789655796078552, "dot_dir": 0.9999766166938792, "angle_deg": 0.39182436111406344, "angle_rad": 0.006838625190963644}, "wheel_vel": [0.31279289245605474, -0.959725513458252], "action": [0.32582592964172363, -0.9997140765190125]}, "20": {"time": 2.2056825160980225, "reward": -0.06924599907837367, "lane_pos": {"dist": 0.05775571070345609, "dot_dir": 0.8108151848333596, "angle_deg": 35.82434619375481, "angle_rad": 0.6252527934553199}, "wheel_vel": [0.9323597717285156, -0.9599875831604004], "action": [0.9712080955505371, -0.9999870657920837]}, "21": {"time": 2.215632915496826, "reward": -0.24301835173176484, "lane_pos": {"dist": 0.06103704801253551, "dot_dir": 0.8253689348132986, "angle_deg": 34.37408650242431, "angle_rad": 0.5999409868326461}, "wheel_vel": [0.1324794816970825, 0.20993360996246338], "action": [0.13799946010112762, 0.21868084371089935]}, "22": {"time": 2.225541830062866, "reward": -0.22492549146782825, "lane_pos": {"dist": 0.06103608765088264, "dot_dir": 0.33671743118945396, "angle_deg": 70.32299206436224, "angle_rad": 1.2273677513769652}, "wheel_vel": [0.9599259567260743, -0.9599999427795409], "action": [0.9999228715896606, -0.9999999403953552]}, "23": {"time": 2.235501527786255, "reward": -0.14020136912821612, "lane_pos": {"dist": 0.07501771897222453, "dot_dir": 0.6108653118586552, "angle_deg": 52.347903022749236, "angle_rad": 0.9136432642616663}, "wheel_vel": [3.06942718452774e-06, 0.96], "action": [3.1973199838830624e-06, 1.0]}, "24": {"time": 2.24544620513916, "reward": -0.14337520202158754, "lane_pos": {"dist": 0.0999911386776573, "dot_dir": 0.6016465057218688, "angle_deg": 53.01208883147904, "angle_rad": 0.9252354934690227}, "wheel_vel": [0.9598242759704589, 0.9243520545959473], "action": [0.9998169541358948, 0.9628667235374451]}, "25": {"time": 2.25532603263855, "reward": -0.1093888428180246, "lane_pos": {"dist": 0.11941001061611045, "dot_dir": 0.6970505884189562, "angle_deg": 45.80915132835703, "angle_rad": 0.7995205182241643}, "wheel_vel": [0.5753097152709962, 0.9599975395202637], "action": [0.5992809534072876, 0.9999974370002747]}, "26": {"time": 2.2654850482940674, "reward": -0.02468234534514946, "lane_pos": {"dist": 0.1289599356699327, "dot_dir": 0.884304020846844, "angle_deg": 27.83400481444886,