{"0": {"time": 20.061187028884888, "reward": 1.040606753062165, "lane_pos": {"dist": 0.01956904537728832, "dot_dir": 0.9281718153130486, "angle_deg": -21.84839558165722, "angle_rad": -0.38132643917810005}, "wheel_vel": [1.013819087347656e-07, 0.96], "action": [1.056061549320475e-07, 1.0]}, "1": {"time": 20.07121777534485, "reward": 0.3194851705268456, "lane_pos": {"dist": 0.01985571792139451, "dot_dir": 0.9833097250492957, "angle_deg": 10.482751093623909, "angle_rad": 0.18295852125077358}, "wheel_vel": [0.7753412246704101, -0.9513707542419434], "action": [0.8076471090316772, -0.9910112023353577]}, "2": {"time": 20.081355333328247, "reward": 0.6821174762664852, "lane_pos": {"dist": 0.02027167936478458, "dot_dir": 0.9914647897992118, "angle_deg": -7.491247139720585, "angle_rad": -0.1307469276687319}, "wheel_vel": [6.13263063132763e-05, 0.96], "action": [6.388156907632947e-05, 1.0]}, "3": {"time": 20.091349601745605, "reward": 0.09529122487533354, "lane_pos": {"dist": 0.02007086864583485, "dot_dir": 0.8900997029469286, "angle_deg": 27.114221818103616, "angle_rad": 0.4732324448419911}, "wheel_vel": [0.8881927871704102, -0.9599840927124024], "action": [0.9252008199691772, -0.9999834299087524]}, "4": {"time": 20.101408004760742, "reward": -0.06025236745347373, "lane_pos": {"dist": 0.02109496004829925, "dot_dir": 0.4790532988557407, "angle_deg": 61.37641028955298, "angle_rad": 1.0712204426076257}, "wheel_vel": [0.9596169090270996, -0.8702263641357422], "action": [0.9996009469032288, -0.9064857959747314]}, "5": {"time": 20.111517667770386, "reward": -0.028985973961015488, "lane_pos": {"dist": 0.03371777710599977, "dot_dir": 0.7265595156733955, "angle_deg": 43.4012637756448, "angle_rad": 0.7574949524115473}, "wheel_vel": [1.1560783829046813e-23, 0.96], "action": [1.2042483155257096e-23, 1.0]}, "6": {"time": 20.12165856361389, "reward": -0.14928120504172457, "lane_pos": {"dist": 0.05051798612811442, "dot_dir": 0.5879338934389875, "angle_deg": 53.98947231150081, "angle_rad": 0.9422940532500028}, "wheel_vel": [0.9546235084533691, 0.3891382598876953], "action": [0.9943994879722595, 0.4053523540496826]}, "7": {"time": 20.131742000579834, "reward": -0.31738186390726064, "lane_pos": {"dist": 0.05051480433867406, "dot_dir": 0.0011179940234972976, "angle_deg": 89.93594364758863, "angle_rad": 1.5696783325385004}, "wheel_vel": [0.9597958946228028, -0.96], "action": [0.9997873902320862, -1.0]}, "8": {"time": 20.14172887802124, "reward": -0.23262495521002013, "lane_pos": {"dist": 0.066250836947372, "dot_dir": 0.30966765301757443, "angle_deg": 71.96079713368046, "angle_rad": 1.255952842342422}, "wheel_vel": [1.390609290401297e-29, 0.96], "action": [1.4485513441680177e-29, 1.0]}, "9": {"time": 20.151716947555542, "reward": -0.14791908207518994, "lane_pos": {"dist": 0.08044516853435724, "dot_dir": 0.5879878196370177, "angle_deg": 53.985652575916156, "angle_rad": 0.9422273862874949}, "wheel_vel": [1.0447192380524939e-07, 0.96], "action": [1.0882492063046811e-07, 1.0]}, "10": {"time": 20.16185760498047, "reward": -0.3460608029311271, "lane_pos": {"dist": 0.08366228253001484, "dot_dir": 0.4893877985333828, "angle_deg": 60.6996487105731, "angle_rad": 1.0594087248034312}, "wheel_vel": [0.29398896217346193, -0.06458593368530273], "action": [0.3062385022640228, -0.06727701425552368]}, "11": {"time": 20.17188549041748, "reward": -0.0948526845014141, "lane_pos": {"dist": 0.09616944265673011, "dot_dir": 0.7346232018556781, "angle_deg": 42.72461326132125, "angle_rad": 0.7456851730512883}, "wheel_vel": [5.931638443144039e-06, 0.96], "action": [6.178790044941707e-06, 1.0]}, "12": {"time": 20.181870937347412, "reward": -0.21753451674482852, "lane_pos": {"dist": 0.10489606216249969, "dot_dir": 0.5076022263795397, "angle_deg": 59.49575317965432, "angle_rad": 1.0383967839388533}, "wheel_vel": [0.7854012107849121, -0.11029631853103637], "action": [0.8181262612342834, -0.11489199846982956]}, "13": {"time": 20.19182848930359, "reward": -0.08917926543445776, "lane_pos": {"dist": 0.11719298811015033, "dot_dir": 0.7487165521560701, "angle_deg": 41.52067634300402, "angle_rad": 0.7246725098403386}, "wheel_vel": [3.7212585448287428e-06, 0.96], "action": [3.876310984196607e-06, 1.0]}, "14": {"time": 20.201848030090332, "reward": -0.2585890964254172, "lane_pos": {"dist": 0.11719329767538422, "dot_dir": 0.21694124720619304, "angle_deg": 77.47055902376906, "angle_rad": 1.352116328325374}, "wheel_vel": [0.96, -0.959978084564209], "action": [1.0, -0.999977171421051]}}