{"0": {"time": 13.083302974700928, "reward": 0.1100172748218416, "lane_pos": {"dist": -0.23130832582094207, "dot_dir": 0.9654625485720603, "angle_deg": 15.102217359794354, "angle_rad": 0.2635834172802566}, "wheel_vel": [0.055525234937667846, -0.9426026916503907], "action": [0.05783878639340401, -0.9818778038024902]}, "1": {"time": 13.093409776687622, "reward": 0.8909733516251968, "lane_pos": {"dist": -0.23130832582094207, "dot_dir": 0.6286078887814464, "angle_deg": 51.05251038761072, "angle_rad": 0.8910343976724135}, "wheel_vel": [0.96, -0.96], "action": [1.0, -1.0]}, "2": {"time": 13.103513956069946, "reward": 0.9316848313143251, "lane_pos": {"dist": -0.20685338522415897, "dot_dir": 0.6353580372639264, "angle_deg": 50.55345551786401, "angle_rad": 0.882324247047222}, "wheel_vel": [0.933346939086914, 0.96], "action": [0.9722363948822021, 1.0]}, "3": {"time": 13.113601207733154, "reward": 1.1023301644999979, "lane_pos": {"dist": -0.18395880994850655, "dot_dir": 0.6634887074160117, "angle_deg": 48.43351265299879, "angle_rad": 0.8453242641011628}, "wheel_vel": [0.8467800521850587, 0.96], "action": [0.882062554359436, 1.0]}, "4": {"time": 13.123667001724243, "reward": 1.2368637838218808, "lane_pos": {"dist": -0.16278067987290923, "dot_dir": 0.7029599664154025, "angle_deg": 45.33503242444531, "angle_rad": 0.7912455823049581}, "wheel_vel": [0.7877299690246583, 0.9532107353210448], "action": [0.8205520510673523, 0.9929278492927551]}, "5": {"time": 13.133719205856323, "reward": 1.2390149262606014, "lane_pos": {"dist": -0.14052745033892178, "dot_dir": 0.7105179465635558, "angle_deg": 44.72292747776322, "angle_rad": 0.7805623356176113}, "wheel_vel": [0.9273065185546875, 0.9599972534179687], "action": [0.9659442901611328, 0.9999971389770508]}, "6": {"time": 13.14378023147583, "reward": 1.101038592079186, "lane_pos": {"dist": -0.12072824064904886, "dot_dir": 0.7481023554120222, "angle_deg": 41.573735639202674, "angle_rad": 0.725598569257796}, "wheel_vel": [0.7845415306091309, 0.952730655670166], "action": [0.817230761051178, 0.9924277663230896]}, "7": {"time": 13.15390133857727, "reward": 0.9191351132244381, "lane_pos": {"dist": -0.10203952084944445, "dot_dir": 0.7725994370429112, "angle_deg": 39.4121066566548, "angle_rad": 0.6878710263058005}, "wheel_vel": [0.8057423400878906, 0.9211886215209961], "action": [0.8393149375915527, 0.9595714807510376]}, "8": {"time": 13.164084911346436, "reward": 0.4382821317680945, "lane_pos": {"dist": -0.11183742304572197, "dot_dir": 0.5356914524197242, "angle_deg": 57.60918382875865, "angle_rad": 1.0054699371985116}, "wheel_vel": [0.09187422037124635, -0.8799784469604492], "action": [0.09570231288671494, -0.9166442155838013]}, "9": {"time": 13.17423391342163, "reward": 0.5711259935066013, "lane_pos": {"dist": -0.10854097475998614, "dot_dir": 0.6002815045231419, "angle_deg": 53.10993841628883, "angle_rad": 0.9269432908956629}, "wheel_vel": [8.591707097366451e-05, 0.24037745475769046], "action": [8.949694893090054e-05, 0.25039318203926086]}, "10": {"time": 13.184282302856445, "reward": 1.019721338402237, "lane_pos": {"dist": -0.10422503070893896, "dot_dir": 0.6789779459295715, "angle_deg": 47.236172332385735, "angle_rad": 0.8244267332395804}, "wheel_vel": [0.011818943023681642, 0.32551960945129393], "action": [0.012311398983001709, 0.3390829265117645]}, "11": {"time": 13.194336414337158, "reward": 0.9565817849424096, "lane_pos": {"dist": -0.10045952702189398, "dot_dir": 0.7452750942600626, "angle_deg": 41.81726711579381, "angle_rad": 0.7298489953565549}, "wheel_vel": [0.01644906520843506, 0.30585694313049316], "action": [0.017134442925453186, 0.31860098242759705]}, "12": {"time": 13.204492568969727, "reward": 0.5519673724860628, "lane_pos": {"dist": -0.09273481126126937, "dot_dir": 0.8691620573580175, "angle_deg": 29.638589301026403, "angle_rad": 0.5172909689492755}, "wheel_vel": [0.07239472389221192, 0.7228222846984863], "action": [0.07541117072105408, 0.7529398798942566]}, "13": {"time": 13.214599847793579, "reward": 0.6155066225959903, "lane_pos": {"dist": -0.07766366127517488, "dot_dir": 0.8622584055747636, "angle_deg": 30.428889865395792, "angle_rad": 0.5310843158778907}, "wheel_vel": [0.9244587707519532, 0.8822511291503906], "action": [0.9629778861999512, 0.9190115928649902]}, "14": {"time": 13.224717378616333, "reward": 0.6135235819485121, "lane_pos": {"dist": -0.06267930045924475, "dot_dir": 0.858988610617151, "angle_deg": 30.79678688924047, "angle_rad": 0.5375053302522684}, "wheel_vel": [0.8925840568542481, 0.8729357528686523], "action": [0.929775059223175, 0.9093080759048462]}, "15": {"time": 13.234835147857666, "reward": 0.5763525477953048, "lane_pos": {"dist": -0.060438638615806894, "dot_dir": 0.47167742406382096, "angle_deg": 61.85676304033219, "angle_rad": 1.0796041796797347}, "wheel_vel": [0.9234952926635742, -0.7353271865844727], "action": [0.9619742631912231, -0.7659658193588257]}, "16": {"time": 13.244855403900146, "reward": 1.2292046314448968, "lane_pos": {"dist": -0.04773473598654698, "dot_dir": 0.7207735540493192, "angle_deg": 43.88161652642401, "angle_rad": 0.7658786894836563}, "wheel_vel": [0.0, 0.96], "action": [0.0, 1.0]}, "17": {"time": 13.25495195388794, "reward": 1.0436039709057499, "lane_pos": {"dist": -0.04557677658393944, "dot_dir": 0.759627088643335, "angle_deg": 40.56866613142438, "angle_rad": 0.708056797135666}, "wheel_vel": [0.007876863777637482, 0.1848118543624878], "action": [0.008205066435039043, 0.19251234829425812]}, "18": {"time": 13.264995813369751, "reward": 0.4155692022176153, "lane_pos": {"dist": -0.037750559888796165, "dot_dir": 0.5422067506817633, "angle_deg": 57.16601135062536, "angle_rad": 0.9977351183008631}, "wheel_vel": [0.7560238265991212, -0.13039183616638184], "action": [0.7875248193740845, -0.13582482933998108]}, "19": {"time": 13.275070667266846, "reward": 0.6020656878575381, "lane_pos": {"dist": -0.02587579648630678, "dot_dir": 0.7750452487697775, "angle_deg": 39.19086483671718, "angle_rad": 0.6840096281047847}, "wheel_vel": [5.236621779244156e-38, 0.96], "action": [5.454814353379329e-38, 1.0]}, "20": {"time": 13.285170555114746, "reward": 0.3702914963222592, "lane_pos": {"dist": -0.01496304639377799, "dot_dir": 0.7998230606816279, "angle_deg": 36.88679078585065, "angle_rad": 0.6437959497074004}, "wheel_vel": [0.4698054885864258, 0.5928593444824218], "action": [0.48938071727752686, 0.6175618171691895]}, "21": {"time": 13.295294046401978, "reward": 0.49237388340252697, "lane_pos": {"dist": -0.009829253494456847, "dot_dir": 0.9004543963065736, "angle_deg": 25.78213996906273, "angle_rad": 0.4499832306701736}, "wheel_vel": [9.214499266818167e-05, 0.593159065246582], "action": [9.598436736268923e-05, 0.617874026298523]}, "22": {"time": 13.306180715560913, "reward": 1.0624646515815055, "lane_pos": {"dist": -0.005327739190815084, "dot_dir": 0.9887127015572127, "angle_deg": 8.616720048939502, "angle_rad": 0.15039013557660125}, "wheel_vel": [3.469886840321124e-05, 0.9167895698547364], "action": [3.614465458667837e-05, 0.9549891352653503]}, "23": {"time": 13.316419839859009, "reward": 0.537157101524979, "lane_pos": {"dist": -0.003921207290373374, "dot_dir": 0.9709532413598284, "angle_deg": 13.843418519201412, "angle_rad": 0.2416132328916225}, "wheel_vel": [0.35631474494934084, 0.07717206716537475], "action": [0.37116119265556335, 0.08038756996393204]}, "24": {"time": 13.32650113105774, "reward": 1.1628190884195395, "lane_pos": {"dist": -0.0018648617887846441, "dot_dir": 0.9999253379828232, "angle_deg": -0.7001485472504234, "angle_rad": -0.01221989740257498}, "wheel_vel": [0.15212289333343507, 0.9288522720336914], "action": [0.15846134722232819, 0.9675544500350952]}, "25": {"time": 13.33662486076355, "reward": 0.2698652311431663, "lane_pos": {"dist": -0.0018520120892655534, "dot_dir": 0.8171384021481888, "angle_deg": 35.20064569787479, "angle_rad": 0.6143671662558923}, "wheel_vel": [0.9599996566772461, -0.9573567581176758], "action": [0.9999996423721313, -0.9972466230392456]},