{"1": {"time": 13290, "steps": 500, "reward": 402.69797618704655}, "2": {"time": 13295, "steps": 500, "reward": 431.2597324061024}, "3": {"time": 13300, "steps": 500, "reward": 473.8394577505146}, "4": {"time": 13300, "steps": 2, "reward": 0.13160284443370132}, "5": {"time": 13305, "steps": 500, "reward": 402.4004072555761}, "6": {"time": 13310, "steps": 500, "reward": 406.22379579694956}, "7": {"time": 13315, "steps": 500, "reward": 441.29921250634254}, "8": {"time": 13320, "steps": 500, "reward": 426.17297334334364}, "9": {"time": 13326, "steps": 500, "reward": 460.4635706813429}, "10": {"time": 13331, "steps": 500, "reward": 466.91200751593135}}