{"0": {"time": 4.045348882675171, "reward": 0.028707738260147275, "lane_pos": {"dist": -0.05211850018657582, "dot_dir": 0.9587985301503028, "angle_deg": -16.504277190618804, "angle_rad": -0.2880539776380979}, "wheel_vel": [1.1263768779680939e-30, 0.96], "action": [1.173309247883431e-30, 1.0]}, "1": {"time": 4.055370330810547, "reward": -0.11170917182393217, "lane_pos": {"dist": -0.050034668141723415, "dot_dir": 0.9996933002022941, "angle_deg": 1.4190754128899887, "angle_rad": 0.024767538289028283}, "wheel_vel": [0.00041335076093673706, -0.9568204879760742], "action": [0.0004305737093091011, -0.9966880083084106]}, "2": {"time": 4.065385818481445, "reward": 0.028463665362132018, "lane_pos": {"dist": -0.05213341856179721, "dot_dir": 0.9585413313314537, "angle_deg": -16.556071068210674, "angle_rad": -0.28895795133445096}, "wheel_vel": [1.7521485062843568e-09, 0.96], "action": [1.8251546940462049e-09, 1.0]}, "3": {"time": 4.075422286987305, "reward": -0.09015777982279273, "lane_pos": {"dist": -0.05026034966243209, "dot_dir": 0.9991754149061225, "angle_deg": 2.3269401724173218, "angle_rad": 0.0406127675056068}, "wheel_vel": [0.048486399650573726, -0.96], "action": [0.05050666630268097, -1.0]}, "4": {"time": 4.085425853729248, "reward": 0.14829072884937677, "lane_pos": {"dist": -0.048961296204208526, "dot_dir": 0.9991758597546492, "angle_deg": 2.326312330714767, "angle_rad": 0.04060180960071589}, "wheel_vel": [0.9599664688110351, 0.96], "action": [0.9999650716781616, 1.0]}, "5": {"time": 4.095488548278809, "reward": 0.5521781673961734, "lane_pos": {"dist": -0.04680027956148747, "dot_dir": 0.9093200117757123, "angle_deg": 24.588449308777534, "angle_rad": 0.42914939839789185}, "wheel_vel": [0.8748127555847168, -0.3141428661346436], "action": [0.9112632870674133, -0.32723215222358704]}, "6": {"time": 4.105529069900513, "reward": 0.47386410899494685, "lane_pos": {"dist": -0.04009580277698044, "dot_dir": 0.9689820154288892, "angle_deg": 14.30781892302775, "angle_rad": 0.24971854898598336}, "wheel_vel": [0.33037336349487306, 0.8794317626953125], "action": [0.3441389203071594, 0.9160747528076172]}, "7": {"time": 4.115660905838013, "reward": 0.610692179631046, "lane_pos": {"dist": -0.032436168861436965, "dot_dir": 0.9711453631634921, "angle_deg": 13.797337548575443, "angle_rad": 0.24080896823168454}, "wheel_vel": [0.9327366828918456, 0.96], "action": [0.9716007113456726, 1.0]}, "8": {"time": 4.12571120262146, "reward": 0.6135307706144879, "lane_pos": {"dist": -0.026946762602794383, "dot_dir": 0.9876180465009433, "angle_deg": 9.025709538684485, "angle_rad": 0.15752834877870275}, "wheel_vel": [0.7051611328125, 0.9599998283386231], "action": [0.7345428466796875, 0.9999998211860657]}, "9": {"time": 4.13570761680603, "reward": 0.6698348107678175, "lane_pos": {"dist": -0.022201597211906066, "dot_dir": 0.9893844080929677, "angle_deg": 8.35592779614526, "angle_rad": 0.1458384521016483}, "wheel_vel": [0.9242289161682129, 0.96], "action": [0.9627384543418884, 1.0]}, "10": {"time": 4.145683765411377, "reward": 0.6589786472548278, "lane_pos": {"dist": -0.018940642854112788, "dot_dir": 0.9966640430403008, "angle_deg": 4.681323521756189, "angle_rad": 0.0817045088057019}, "wheel_vel": [0.7637501335144044, 0.96], "action": [0.7955730557441711, 1.0]}, "11": {"time": 4.1557207107543945, "reward": 0.33837810768645643, "lane_pos": {"dist": -0.020006870049803283, "dot_dir": 0.9790112723090203, "angle_deg": -11.759618534893427, "angle_rad": -0.20524406221244199}, "wheel_vel": [0.08091942071914672, 0.958982048034668], "action": [0.08429106324911118, 0.9989396333694458]}, "12": {"time": 4.165786027908325, "reward": 0.8805079044317623, "lane_pos": {"dist": -0.020006927026567478, "dot_dir": 0.9121911374735037, "angle_deg": 24.19007129347155, "angle_rad": 0.422196390363242}, "wheel_vel": [0.9599678421020508, -0.9599999427795409], "action": [0.9999665021896362, -0.9999999403953552]}, "13": {"time": 4.1758036613464355, "reward": 0.7552510216368276, "lane_pos": {"dist": -0.015828593875467423, "dot_dir": 0.994119238475459, "angle_deg": 6.216808304671701, "angle_rad": 0.10850377388184795}, "wheel_vel": [4.140007997879836e-14, 0.9598994064331055], "action": [4.3125083311248286e-14, 0.9998952150344849]}, "14": {"time": 4.185723304748535, "reward": 0.9851136555895555, "lane_pos": {"dist": -0.01236374923383865, "dot_dir": 0.9941215993740924, "angle_deg": 6.215559049680011, "angle_rad": 0.10848197026904599}, "wheel_vel": [0.9599332809448242, 0.96], "action": [0.9999305009841919, 1.0]}, "15": {"time": 4.195687532424927, "reward": 1.1957577926772793, "lane_pos": {"dist": -0.008924178442040631, "dot_dir": 0.9942476490409505, "angle_deg": 6.148493556144905, "angle_rad": 0.10731145659238342}, "wheel_vel": [0.956418228149414, 0.96], "action": [0.9962689876556396, 1.0]}, "16": {"time": 4.205725193023682, "reward": 1.2244898644179933, "lane_pos": {"dist": -0.005523734524442325, "dot_dir": 0.994382053350289, "angle_deg": 6.076170691902836, "angle_rad": 0.10604918448688644}, "wheel_vel": [0.9561374473571778, 0.96], "action": [0.9959765076637268, 1.0]}, "17": {"time": 4.215772867202759, "reward": 0.6574086241145547, "lane_pos": {"dist": -0.005738709689379284, "dot_dir": 0.9918827993881073, "angle_deg": -7.305248258489313, "angle_rad": -0.1275006347862203}, "wheel_vel": [0.245337553024292, 0.96], "action": [0.2555599510669708, 1.0]}, "18": {"time": 4.225828170776367, "reward": 0.25380015829340397, "lane_pos": {"dist": -0.010209067318037501, "dot_dir": 0.9042287282379462, "angle_deg": -25.280394772397507, "angle_rad": -0.44122612498229896}, "wheel_vel": [5.869773153047587e-16, 0.96], "action": [6.11434703442457e-16, 1.0]}, "19": {"time": 4.235835075378418, "reward": 0.4191757312653799, "lane_pos": {"dist": -0.005767980350226853, "dot_dir": 0.9920511624915836, "angle_deg": -7.228988568631397, "angle_rad": -0.12616965211164996}, "wheel_vel": [0.004074294716119766, -0.9599985122680663], "action": [0.00424405699595809, -0.9999984502792358]}, "20": {"time": 4.24580454826355, "reward": 0.2549571827313022, "lane_pos": {"dist": -0.010217977274640244, "dot_dir": 0.904796322708493, "angle_deg": -25.204134889709174, "angle_rad": -0.43989513894220295}, "wheel_vel": [1.0298508072992262e-08, 0.96], "action": [1.0727612576033607e-08, 1.0]}, "21": {"time": 4.255816459655762, "reward": 0.7414057738282094, "lane_pos": {"dist": -0.008490425213870889, "dot_dir": 0.9997453265597515, "angle_deg": 1.2931195424915989, "angle_rad": 0.02256919363836112}, "wheel_vel": [0.45514085769653323, -0.96], "action": [0.4741050601005554, -1.0]}, "22": {"time": 4.265888929367065, "reward": 0.4067516716130003, "lane_pos": {"dist": -0.010623846131866177, "dot_dir": 0.9579260189424407, "angle_deg": -16.6793462945437, "angle_rad": -0.2911095099201034}, "wheel_vel": [0.00014316711109131576, 0.96], "action": [0.00014913240738678724, 1.0]}, "23": {"time": 4.276388168334961, "reward": 0.6959433081648005, "lane_pos": {"dist": -0.010623846768290424, "dot_dir": 0.9439686110229794, "angle_deg": 19.270914591205983, "angle_rad": 0.3363409094871615}, "wheel_vel": [0.9599982833862305, -0.96], "action": [0.9999982118606567, -1.0]}, "24": {"time": 4.286380052566528, "reward": 0.2664432184973602, "lane_pos": {"dist": -0.01804337743047002, "dot_dir": 0.7916858088280351, "angle_deg": 37.65666679961913, "angle_rad": 0.6572328209797896}, "wheel_vel": [0.021929249167442322, -0.96], "action": [0.02284296788275242, -1.0]}, "25": {"time": 4.2964537143707275, "reward": 0.6879676798765311, "lane_pos": {"dist": -0.010398813454266076, "dot_dir": 0.9415792196247742, "angle_deg": 19.681520315773643, "angle_rad": 0.3435073313084041}, "wheel_vel": [1.6055602714004635e-09, 0.96], "action": [1.6724586160421495e-09, 1.0]}, "26": {"time": 4.306444883346558, "reward": 0.9784849169411811, "lane_pos": {"dist": -0.007441959361595973, "dot_dir": 0.9995565364764144, "angle_deg": 1.706407034294305, "angle_rad": 0.029782421127627415}, "wheel_vel": [1.7748468235367909e-06, 0.96],