{"0": {"time": 9.793392181396484, "reward": 0.7641559109618722, "lane_pos": {"dist": -0.25148449973018083, "dot_dir": 0.7965710579763471, "angle_deg": 37.196101133403474, "angle_rad": 0.6491944336826851}, "wheel_vel": [0.9457411766052246, -0.9598774337768555], "action": [0.9851470589637756, -0.9998723268508911]}, "1": {"time": 9.803380489349365, "reward": 0.3861610810694891, "lane_pos": {"dist": -0.2533839152087487, "dot_dir": 0.334373334733389, "angle_deg": 70.46556473293096, "angle_rad": 1.229856113866844}, "wheel_vel": [0.8168249702453614, -0.9599997711181641], "action": [0.8508593440055847, -0.9999997615814209]}, "2": {"time": 9.813345670700073, "reward": 0.7865362475730864, "lane_pos": {"dist": -0.23938281528493066, "dot_dir": 0.6088852996534301, "angle_deg": 52.491053557075034, "angle_rad": 0.9161417124116406}, "wheel_vel": [3.393154707737267e-05, 0.96], "action": [3.5345361538929865e-05, 1.0]}, "3": {"time": 9.823407649993896, "reward": 0.1296049424123931, "lane_pos": {"dist": -0.23938281528493066, "dot_dir": 0.027200278829449923, "angle_deg": 88.44134658489139, "angle_rad": 1.5435926928037975}, "wheel_vel": [0.96, -0.96], "action": [1.0, -1.0]}, "4": {"time": 9.833369493484497, "reward": -0.2995532302532838, "lane_pos": {"dist": 0.0075088684020161445, "dot_dir": 0.030214467967367393, "angle_deg": -88.26857499668766, "angle_rad": -1.5405772597357426}, "wheel_vel": [0.024066302776336673, -0.15164716243743895], "action": [0.025069065392017365, -0.1579657942056656]}, "5": {"time": 9.84333062171936, "reward": 0.08234535150179431, "lane_pos": {"dist": -0.22946977518433087, "dot_dir": 0.10184716952177568, "angle_deg": 84.15445134160932, "angle_rad": 1.468772256120442}, "wheel_vel": [0.15933717727661134, 0.5640011787414551], "action": [0.16597622632980347, 0.5875012278556824]}, "6": {"time": 9.853350162506104, "reward": -0.06427613665511574, "lane_pos": {"dist": -0.22981941512305992, "dot_dir": 0.09441711853156717, "angle_deg": 84.5822276305142, "angle_rad": 1.4762383608237946}, "wheel_vel": [0.0008830440603196622, -0.021963236331939695], "action": [0.0009198375628329813, -0.02287837117910385]}, "7": {"time": 9.86332082748413, "reward": 0.35897403345468026, "lane_pos": {"dist": -0.21175599387009347, "dot_dir": 0.2992286553087456, "angle_deg": 72.58871972620307, "angle_rad": 1.2669121590296004}, "wheel_vel": [0.23357872009277345, 0.8741168975830078], "action": [0.24331116676330566, 0.9105384349822998]}, "8": {"time": 9.873290300369263, "reward": -0.06128685612482031, "lane_pos": {"dist": -0.22169752899972162, "dot_dir": 0.09271693493477866, "angle_deg": 84.68007022429993, "angle_rad": 1.4779460362340469}, "wheel_vel": [0.01810483932495117, -0.6276588249206543], "action": [0.01885920763015747, -0.6538112759590149]}, "9": {"time": 9.883336305618286, "reward": 0.49542483692881384, "lane_pos": {"dist": -0.20625729738436505, "dot_dir": 0.39546657445156985, "angle_deg": 66.70492371039174, "angle_rad": 1.1642205460379682}, "wheel_vel": [1.6512662792133516e-18, 0.96], "action": [1.720069040847241e-18, 1.0]}, "10": {"time": 9.893356561660767, "reward": -0.26055731228603973, "lane_pos": {"dist": -0.021871031454990586, "dot_dir": 0.10295318763720582, "angle_deg": -84.09074628886786, "angle_rad": -1.4676603931999468}, "wheel_vel": [0.599718017578125, -0.9599998283386231], "action": [0.6247062683105469, -0.9999998211860657]}, "11": {"time": 9.903339147567749, "reward": -0.26047191365297506, "lane_pos": {"dist": -0.006472126713024551, "dot_dir": 0.4048924963032001, "angle_deg": -66.11560941757968, "angle_rad": -1.153935071299336}, "wheel_vel": [6.534970873289949e-26, -0.9599994850158692], "action": [6.807261326343697e-26, -0.999999463558197]}, "12": {"time": 9.913288831710815, "reward": 0.2234276688151754, "lane_pos": {"dist": -0.006302686345489139, "dot_dir": 0.8622569845905782, "angle_deg": -30.42905061811029, "angle_rad": -0.5310871215420402}, "wheel_vel": [0.9460349464416504, -0.9598797798156737], "action": [0.9854530692100525, -0.9998747706413269]}, "13": {"time": 9.923326969146729, "reward": 1.2397068255202361, "lane_pos": {"dist": -0.006302686345489139, "dot_dir": 0.9953605951447956, "angle_deg": 5.5212424097060415, "angle_rad": 0.09636385885011615}, "wheel_vel": [0.96, -0.96], "action": [1.0, -1.0]}, "14": {"time": 9.933295011520386, "reward": 0.5937343736320331, "lane_pos": {"dist": -0.006716614347934691, "dot_dir": 0.9887798530430638, "angle_deg": -8.591001826642188, "angle_rad": -0.1499412679197533}, "wheel_vel": [0.08793017148971559, 0.8416238594055175], "action": [0.09159392863512039, 0.8766915202140808]}, "15": {"time": 9.94323182106018, "reward": 0.5029469000735102, "lane_pos": {"dist": -0.006716614959779044, "dot_dir": 0.8881421685246099, "angle_deg": 27.359286915565296, "angle_rad": 0.47750963767441823}, "wheel_vel": [0.9599997711181641, -0.96], "action": [0.9999997615814209, -1.0]}, "16": {"time": 9.95329761505127, "reward": 0.260782394402034, "lane_pos": {"dist": -0.0063749212499377705, "dot_dir": 0.886990538125706, "angle_deg": 27.502518192227537, "angle_rad": 0.48000949504400925}, "wheel_vel": [0.026076335906982422, 0.018426772356033325], "action": [0.02716284990310669, 0.019194554537534714]}, "17": {"time": 9.963371515274048, "reward": 0.7290674759009228, "lane_pos": {"dist": -0.001256339811507523, "dot_dir": 0.9856991819765348, "angle_deg": 9.70145774863406, "angle_rad": 0.16932237995678073}, "wheel_vel": [0.007973346412181854, 0.9586759185791016], "action": [0.008305569179356098, 0.9986207485198975]}, "18": {"time": 9.973291158676147, "reward": 0.706542451191375, "lane_pos": {"dist": -0.0010577036273908824, "dot_dir": 0.9895937098821502, "angle_deg": -8.272998236536417, "angle_rad": -0.1443910582392451}, "wheel_vel": [3.687912016175688e-05, 0.96], "action": [3.841575016849674e-05, 1.0]}, "19": {"time": 9.983489036560059, "reward": 0.3972755601297442, "lane_pos": {"dist": -0.0010577836216687508, "dot_dir": 0.8855821590871262, "angle_deg": 27.676752661755238, "angle_rad": 0.4830504602077334}, "wheel_vel": [0.9599710464477539, -0.96], "action": [0.9999698400497437, -1.0]}, "20": {"time": 9.993418216705322, "reward": 0.04999738232849865, "lane_pos": {"dist": -0.005642433009023673, "dot_dir": 0.7921158256769094, "angle_deg": 37.61631935929167, "angle_rad": 0.6565286253013235}, "wheel_vel": [0.01014147162437439, -0.5207017135620118], "action": [0.010564032942056656, -0.5423976182937622]}, "21": {"time": 10.003360748291016, "reward": 0.5006414925932186, "lane_pos": {"dist": 0.001992283710013254, "dot_dir": 0.9418161535011657, "angle_deg": 19.641172845383533, "angle_rad": 0.3428031351052458}, "wheel_vel": [2.316851138023379e-15, 0.96], "action": [2.4133866021076866e-15, 1.0]}, "22": {"time": 10.013535499572754, "reward": 0.8490657900733104, "lane_pos": {"dist": 0.004925989129883845, "dot_dir": 0.9993387813081465, "angle_deg": 2.083694879422357, "angle_rad": 0.036367336252866374}, "wheel_vel": [8.2148500951007e-06, 0.937701759338379], "action": [8.557135515729897e-06, 0.976772665977478]}, "23": {"time": 10.023533582687378, "reward": 0.20450270995012243, "lane_pos": {"dist": 0.0026435086069458436, "dot_dir": 0.8917168455496364, "angle_deg": 26.91021593519472, "angle_rad": 0.4696718704917929}, "wheel_vel": [0.38726609230041503, -0.9386457824707032], "action": [0.403402179479599, -0.9777560234069824]}, "24": {"time": 10.03353214263916, "reward": 0.3417761912692236, "lane_pos": {"dist": 0.005616340117428287, "dot_dir": 0.949998829857435, "angle_deg": 18.19508705091953, "angle_rad": 0.31756417672553094}, "wheel_vel": [3.525741398334503e-05, 0.4654848003387451], "action": [3.672647289931774e-05, 0.4848800003528595]}, "25": {"time": 10.043632507324219, "reward": 0.7816683548259876, "lane_pos": {"dist": 0.008166024039911512, "dot_dir": 0.9999926322518244, "angle_deg": 0.2199405383122995, "angle_rad": 0.003838686552158359}, "wheel_vel": [6.947926900480184e-11, 0.96], "action": [7.237423854666858e-11, 1.0]}, "26": {"time": 10.05366587638855,