{"0": {"time": 13300, "reward": 0.08143694818674876, "lane_pos": {"dist": 0.10479274463690047, "dot_dir": 0.9957471830520791, "angle_deg": 5.286034702861432, "angle_rad": 0.0922587099396121}, "wheel_vel": [0.959457950592041, 0.8294630527496337], "action": [0.9994353652000427, 0.6912192106246948]}, "1": {"time": 13300, "reward": 0.05016589624695256, "lane_pos": {"dist": 0.10869684213264785, "dot_dir": 0.9783261047073428, "angle_deg": 11.950708568343698, "angle_rad": 0.2085792124638953}, "wheel_vel": [0.9599998855590821, 0.6040591478347778], "action": [0.9999998807907104, 0.5033826231956482]}}