{"500": {"time": 1735.2918248176575, "steps": 39, "reward": 79.28751263334786, "actor_loss": 