{"1": {"time": 18273, "steps": 500, "reward": 427.26215002670324}, "2": {"time": 18278, "steps": 500, "reward": 449.0197332715063}, "3": {"time": 18283, "steps": 500, "reward": 425.16895061344036}, "4": {"time": 18288, "steps": 500, "reward": 442.872939142485}, "5": {"time": 18294, "steps": 500, "reward": 449.6309876682649}, "6": {"time": 18299, "steps": 500, "reward": 433.1939821628666}, "7": {"time": 18304, "steps": 500, "reward": 429.235989378449}, "8": {"time": 18309, "steps": 500, "reward": 451.355344371791}, "9": {"time": 18314, "steps": 500, "reward": 432.9894169316932}, "10": {"time": 18320, "steps": 500, "reward": 432.66227042737955}}