{"0": {"time": 7.484989881515503, "reward": 0.07341910647942668, "lane_pos": {"dist": -0.2079733297105273, "dot_dir": 0.9925115898998926, "angle_deg": -7.016230171285222, "angle_rad": -0.12245631756669283}, "wheel_vel": [0.7213200187683105, 0.96], "action": [0.7513750195503235, 1.0]}, "1": {"time": 7.4948883056640625, "reward": -0.011232129753381698, "lane_pos": {"dist": -0.21236753698389998, "dot_dir": 0.9064875891969365, "angle_deg": -24.975612485126653, "angle_rad": -0.4359066705676634}, "wheel_vel": [0.000763356126844883, 0.9599214363098144], "action": [0.0007951626321300864, 0.9999181628227234]}, "2": {"time": 7.505376100540161, "reward": -0.022814814550780965, "lane_pos": {"dist": -0.22553022649971544, "dot_dir": 0.887513074620146, "angle_deg": -27.437614437832785, "angle_rad": -0.4788767108329151}, "wheel_vel": [0.8285100173950196, 0.9599983406066895], "action": [0.863031268119812, 0.9999982714653015]}, "3": {"time": 7.51542067527771, "reward": -0.005477891824570397, "lane_pos": {"dist": -0.22982647814888058, "dot_dir": 0.9742076833684088, "angle_deg": -13.041294631868334, "angle_rad": -0.22761353004876425}, "wheel_vel": [0.7579817962646486, -0.010883536934852599], "action": [0.7895643711090088, -0.011337017640471458]}, "4": {"time": 7.52571439743042, "reward": 0.028783575772493353, "lane_pos": {"dist": -0.23719784721182746, "dot_dir": 0.9589013955633773, "angle_deg": -16.483518192556893, "angle_rad": -0.28769166477250246}, "wheel_vel": [0.7760729598999023, 0.959912052154541], "action": [0.8084093332290649, 0.9999083876609802]}, "5": {"time": 7.536350965499878, "reward": -0.05573576584949286, "lane_pos": {"dist": -0.2440595829949599, "dot_dir": 0.8248792859607293, "angle_deg": -34.42374531201882, "angle_rad": -0.6008076965626912}, "wheel_vel": [0.0018649427220225334, 0.96], "action": [0.0019426486687734723, 1.0]}, "6": {"time": 7.5462846755981445, "reward": 0.08106794767352193, "lane_pos": {"dist": -0.24547914820272343, "dot_dir": 0.9973509058542493, "angle_deg": -4.171403941858322, "angle_rad": -0.07280473321609782}, "wheel_vel": [0.9382198333740234, -0.6774692344665527], "action": [0.9773123264312744, -0.7056971192359924]}, "7": {"time": 7.556486368179321, "reward": 0.06989200850129043, "lane_pos": {"dist": -0.24846997571482898, "dot_dir": 0.9908661070044619, "angle_deg": -7.749910936682538, "angle_rad": -0.13526146258142807}, "wheel_vel": [0.768603572845459, 0.9597211647033691], "action": [0.8006287217140198, 0.9997095465660095]}, "8": {"time": 7.566831111907959, "reward": -0.014744015038102354, "lane_pos": {"dist": -0.25305889980241636, "dot_dir": 0.9008875219784578, "angle_deg": -25.725025621853497, "angle_rad": -0.4489863972612453}, "wheel_vel": [1.6998797582346015e-06, 0.96], "action": [1.7707080814943765e-06, 1.0]}, "9": {"time": 7.576767683029175, "reward": -0.09943846792032635, "lane_pos": {"dist": -0.2621339019945741, "dot_dir": 0.7229943157087836, "angle_deg": -43.697746726746246, "angle_rad": -0.7626695560842969}, "wheel_vel": [0.00012953400146216152, 0.96], "action": [0.00013493125152308494, 1.0]}, "10": {"time": 7.587040662765503, "reward": 0.06997329678555597, "lane_pos": {"dist": -0.2621339019945741, "dot_dir": 0.9908718893640779, "angle_deg": -7.747453698929894, "angle_rad": -0.13521857569214013}, "wheel_vel": [0.96, -0.96], "action": [1.0, -1.0]}, "11": {"time": 7.597254991531372, "reward": -0.014732584752823408, "lane_pos": {"dist": -0.26672216771767143, "dot_dir": 0.9009058965238245, "angle_deg": -25.722600039982694, "angle_rad": -0.44894406287132305}, "wheel_vel": [9.231699777956237e-09, 0.96], "action": [9.61635393537108e-09, 1.0]}, "12": {"time": 7.6077516078948975, "reward": -0.17002893295984783, "lane_pos": {"dist": -0.26213395891058866, "dot_dir": 0.9908707756692525, "angle_deg": -7.7479270283987365, "angle_rad": -0.13522683684981815}, "wheel_vel": [3.0686770458032695e-09, -0.959974708557129], "action": [3.196538589378406e-09, -0.9999736547470093]}, "13": {"time": 7.617913484573364, "reward": -0.01473481607995819, "lane_pos": {"dist": -0.26672235067391536, "dot_dir": 0.900902309721661, "angle_deg": -25.723073542306896, "angle_rad": -0.4489523270458962}, "wheel_vel": [1.509814483567902e-29, 0.96], "action": [1.572723420383231e-29, 1.0]}, "14": {"time": 7.628154277801514, "reward": -0.09944069838370806, "lane_pos": {"dist": -0.2757959494438862, "dot_dir": 0.7229886085563327, "angle_deg": -43.69822004577635, "angle_rad": -0.7626778170597845}, "wheel_vel": [5.575018846570857e-10, 0.96], "action": [5.807311298511308e-10, 1.0]}, "15": {"time": 7.638468503952026, "reward": 0.015641865409250028, "lane_pos": {"dist": -0.2767719086834064, "dot_dir": 0.9708479108208363, "angle_deg": -13.868618636438482, "angle_rad": -0.24205305790929793}, "wheel_vel": [0.8580555152893067, -0.7350562477111817], "action": [0.8938078284263611, -0.7656835913658142]}, "16": {"time": 7.648399353027344, "reward": -0.04357788786091743, "lane_pos": {"dist": -0.2829611659693878, "dot_dir": 0.8494899474724518, "angle_deg": -31.843763472832237, "angle_rad": -0.5557785188272264}, "wheel_vel": [8.959113984019496e-08, 0.96], "action": [9.332410400020308e-08, 1.0]}, "17": {"time": 7.658891201019287, "reward": -0.1282837494044814, "lane_pos": {"dist": -0.2933796714299821, "dot_dir": 0.6452056270480357, "angle_deg": -49.818905570853445, "angle_rad": -0.8695039319515379}, "wheel_vel": [2.3583960683026818e-07, 0.96], "action": [2.456662571148627e-07, 1.0]}, "18": {"time": 7.6701459884643555, "reward": -0.02374465178682722, "lane_pos": {"dist": -0.29166181730834273, "dot_dir": 0.9537354786305544, "angle_deg": -17.49646939564326, "angle_rad": -0.30537099842839727}, "wheel_vel": [0.768892822265625, -0.9573539543151856], "action": [0.8009300231933594, -0.9972437024116516]}, "19": {"time": 7.68004035949707, "reward": -0.06067373970615786, "lane_pos": {"dist": -0.29876776880871114, "dot_dir": 0.8144030962704504, "angle_deg": -35.47161590954787, "angle_rad": -0.6190964886244135}, "wheel_vel": [1.9000894607712481e-13, 0.96], "action": [1.9792598549700502e-13, 1.0]}, "20": {"time": 7.6904425621032715, "reward": -0.14537962197998866, "lane_pos": {"dist": -0.30992828475942735, "dot_dir": 0.5955694505867286, "angle_deg": -53.446762406668306, "angle_rad": -0.9328219785274905}, "wheel_vel": [8.965841402641672e-10, 0.96], "action": [9.339418127751742e-10, 1.0]}, "21": {"time": 7.700589418411255, "reward": 0.024031977796335424, "lane_pos": {"dist": -0.3099282814931281, "dot_dir": 0.9537354224991659, "angle_deg": -17.49648009287418, "angle_rad": -0.3053711851302977}, "wheel_vel": [0.9599995422363281, -0.9599998855590821], "action": [0.9999995231628418, -0.9999998807907104]}, "22": {"time": 7.710585355758667, "reward": -0.06067379011568774, "lane_pos": {"dist": -0.3170342356562892, "dot_dir": 0.8144029879273667, "angle_deg": -35.47162660678235, "angle_rad": -0.619096675326376}, "wheel_vel": [0.0, 0.96], "action": [0.0, 1.0]}, "23": {"time": 7.7210798263549805, "reward": 0.11910154568279269, "lane_pos": {"dist": -0.3170342356562892, "dot_dir": 0.9999651029964026, "angle_deg": 0.47866642103408436, "angle_rad": 0.008354305065782212}, "wheel_vel": [0.96, -0.96], "action": [1.0, -1.0]}, "24": {"time": 7.7311389446258545, "reward": 0.02403209223725339, "lane_pos": {"dist": -0.31939194936164883, "dot_dir": 0.9537354224991659, "angle_deg": -17.49648009287418, "angle_rad": -0.3053711851302977}, "wheel_vel": [2.8156761728234734e-20, 0.96], "action": [2.932996013357785e-20, 1.0]}, "25": {"time": 7.74158787727356, "reward": -0.06067379011568774, "lane_pos": {"dist": -0.32649790352481034, "dot_dir": 0.8144029879273667, "angle_deg": -35.47162660678235, "angle_rad": -0.619096675326376}, "wheel_vel": [0.0, 0.96], "action": [0.0, 1.0]}, "26": {"time": 7.75197434425354, "reward": 0.11910154568279269, "lane_pos": {"dist": -0.32649790352481034, "dot_dir": 0.9999651029964026, "angle_deg": 0.47866642103408436, "angle_rad": 0.008354305065782212}, "wheel_vel": [0.96, -0.96], "action": [1.0, -1.0]},