{"0": {"time": 6.39736270904541, "reward": 0.6920334541217416, "lane_pos": {"dist": -0.08006418990752517, "dot_dir": 0.8193198832059597, "angle_deg": 34.983230705938844, "angle_rad": 0.610572558803413}, "wheel_vel": [0.96, -0.96], "action": [1.0, -1.0]}, "1": {"time": 6.407649278640747, "reward": 0.6920178151832406, "lane_pos": {"dist": -0.061718294426538645, "dot_dir": 0.8193317512957154, "angle_deg": 34.982044663678266, "angle_rad": 0.6105518584608981}, "wheel_vel": [0.9599365997314453, 0.9599999427795409], "action": [0.9999339580535889, 0.9999999403953552]}, "2": {"time": 6.417897939682007, "reward": 0.3726023666650423, "lane_pos": {"dist": -0.05473446675172744, "dot_dir": 0.9562695488039828, "angle_deg": 17.006898152201842, "angle_rad": 0.29682636830726183}, "wheel_vel": [1.2987296571509432e-10, 0.96], "action": [1.352843392865566e-10, 1.0]}, "3": {"time": 6.4289610385894775, "reward": 0.4540411739933908, "lane_pos": {"dist": -0.045374896987806945, "dot_dir": 0.956269636313645, "angle_deg": 17.006881009766282, "angle_rad": 0.2968260691153195}, "wheel_vel": [0.9599990844726562, 0.96], "action": [0.9999990463256836, 1.0]}, "4": {"time": 6.4391703605651855, "reward": 0.6104909927564821, "lane_pos": {"dist": -0.0360154119182261, "dot_dir": 0.9562703145106246, "angle_deg": 17.006748155890666, "angle_rad": 0.296823750377766}, "wheel_vel": [0.9599914169311523, 0.9599985122680663], "action": [0.9999910593032837, 0.9999984502792358]}, "5": {"time": 6.449323892593384, "reward": 0.8203844791753735, "lane_pos": {"dist": -0.026656072575162337, "dot_dir": 0.9562718568426782, "angle_deg": 17.00644602046385, "angle_rad": 0.29681847711978115}, "wheel_vel": [0.9599838638305664, 0.96], "action": [0.9999831914901733, 1.0]}, "6": {"time": 6.459400415420532, "reward": 1.2139999280724574, "lane_pos": {"dist": -0.01729823029198263, "dot_dir": 0.9562863272162108, "angle_deg": 17.003611090182467, "angle_rad": 0.2967689982523065}, "wheel_vel": [0.9598485946655273, 0.96], "action": [0.9998422861099243, 1.0]}, "7": {"time": 6.469495058059692, "reward": 0.20753383205943524, "lane_pos": {"dist": -0.017263380399239248, "dot_dir": 0.6034250336070046, "angle_deg": 52.884406541418116, "angle_rad": 0.9230070171109731}, "wheel_vel": [0.9599996566772461, -0.9562886810302734], "action": [0.9999996423721313, -0.9961340427398682]}, "8": {"time": 6.47957706451416, "reward": 0.3471836245506105, "lane_pos": {"dist": -0.006215027911643856, "dot_dir": 0.8200593961088746, "angle_deg": 34.909260027509944, "angle_rad": 0.6092815269148948}, "wheel_vel": [2.2268159355370123e-18, 0.96], "action": [2.3195999328510546e-18, 1.0]}, "9": {"time": 6.489748001098633, "reward": 0.5720772070890736, "lane_pos": {"dist": 0.0007505998385178847, "dot_dir": 0.956640332386514, "angle_deg": 16.93411351360456, "angle_rad": 0.29555603671886516}, "wheel_vel": [1.5021974549694893e-13, 0.96], "action": [1.5647890155932181e-13, 1.0]}, "10": {"time": 6.49997878074646, "reward": 0.18145261615222227, "lane_pos": {"dist": 0.008542707665970095, "dot_dir": 0.8530850308940651, "angle_deg": 31.45118319598476, "angle_rad": 0.5489267004178471}, "wheel_vel": [0.9596099281311036, 0.18429569721221925], "action": [0.9995936751365662, 0.1919746845960617]}, "11": {"time": 6.510257005691528, "reward": 0.13479894136034237, "lane_pos": {"dist": 0.01934430293005196, "dot_dir": 0.9130875172331185, "angle_deg": 24.064427356310464, "angle_rad": 0.42000348997461223}, "wheel_vel": [0.49900680541992193, 0.8935118293762208], "action": [0.519798755645752, 0.9307414889335632]}, "12": {"time": 6.521470069885254, "reward": 0.3874149002943513, "lane_pos": {"dist": 0.023489344480623897, "dot_dir": 0.9943564384899897, "angle_deg": 6.0900200243362645, "angle_rad": 0.10629090093705301}, "wheel_vel": [3.781815175898373e-05, 0.9599983406066895], "action": [3.939390808227472e-05, 0.9999982714653015]}, "13": {"time": 6.531749486923218, "reward": 0.02080816994101592, "lane_pos": {"dist": 0.02348939994833077, "dot_dir": 0.7426756600059925, "angle_deg": 42.04015769883032, "angle_rad": 0.7337391699022318}, "wheel_vel": [0.96, -0.9599917030334473], "action": [1.0, -0.9999913573265076]}, "14": {"time": 6.541925668716431, "reward": 0.06865509564766364, "lane_pos": {"dist": 0.032180192759393655, "dot_dir": 0.9130833621836945, "angle_deg": 24.065011184922145, "angle_rad": 0.4200136797061534}, "wheel_vel": [6.352870212146856e-22, 0.96], "action": [6.617573137652974e-22, 1.0]}, "15": {"time": 6.55194354057312, "reward": 0.06855259950057249, "lane_pos": {"dist": 0.04002484090966962, "dot_dir": 0.9641141542385449, "angle_deg": 15.395954023366327, "angle_rad": 0.2687100891934104}, "wheel_vel": [0.466274471282959, 0.9292634582519531], "action": [0.4857025742530823, 0.9679827690124512]}, "16": {"time": 6.562012195587158, "reward": 0.24414469464876218, "lane_pos": {"dist": 0.04180342136162274, "dot_dir": 0.9989871993241802, "angle_deg": -2.5789105734506426, "angle_rad": -0.04501048062120877}, "wheel_vel": [1.4884705888107418e-05, 0.9599998283386231], "action": [1.550490196677856e-05, 0.9999998211860657]}, "17": {"time": 6.571993112564087, "reward": -0.016013796200064878, "lane_pos": {"dist": 0.04180344701458094, "dot_dir": 0.8351262360010425, "angle_deg": 33.371014963403304, "angle_rad": 0.5824340858436826}, "wheel_vel": [0.9599931335449219, -0.9599872398376464], "action": [0.999992847442627, -0.9999867081642151]}, "18": {"time": 6.5820207595825195, "reward": 0.04079380387766324, "lane_pos": {"dist": 0.04838185106708459, "dot_dir": 0.9641145507560132, "angle_deg": 15.395868449495143, "angle_rad": 0.2687085956476046}, "wheel_vel": [9.660720989252227e-17, 0.96], "action": [1.006325103047107e-16, 1.0]}, "19": {"time": 6.592061996459961, "reward": -0.12861796082821908, "lane_pos": {"dist": 0.04838185106708459, "dot_dir": 0.6246136842958727, "angle_deg": 51.34616147731149, "angle_rad": 0.8961595760397613}, "wheel_vel": [0.96, -0.96], "action": [1.0, -1.0]}, "20": {"time": 6.602332353591919, "reward": -0.05077489095536064, "lane_pos": {"dist": 0.05911799120404826, "dot_dir": 0.8351262360010424, "angle_deg": 33.37101496340331, "angle_rad": 0.5824340858436828}, "wheel_vel": [2.710603792914761e-17, 0.96], "action": [2.823545617619543e-17, 1.0]}, "21": {"time": 6.612648010253906, "reward": 0.03393099129105931, "lane_pos": {"dist": 0.06569639526775528, "dot_dir": 0.9641145506512726, "angle_deg": 15.395868472099641, "angle_rad": 0.2687085960421275}, "wheel_vel": [1.2072409205643452e-09, 0.96], "action": [1.2575426255878597e-09, 1.0]}, "22": {"time": 6.623898983001709, "reward": -0.135480773414823, "lane_pos": {"dist": 0.06569639526775528, "dot_dir": 0.6246136839877763, "angle_deg": 51.346161499916, "angle_rad": 0.8961595764342843}, "wheel_vel": [0.96, -0.96], "action": [1.0, -1.0]}, "23": {"time": 6.634112119674683, "reward": -0.05077489106188182, "lane_pos": {"dist": 0.07643253540936423, "dot_dir": 0.8351262357840318, "angle_deg": 33.371014986007815, "angle_rad": 0.5824340862382058}, "wheel_vel": [1.7853815031536884e-35, 0.96], "action": [1.8597723991184253e-35, 1.0]}, "24": {"time": 6.644964218139648, "reward": 0.018972984796873982, "lane_pos": {"dist": 0.08359539797142235, "dot_dir": 0.9550517437083108, "angle_deg": 17.24385490010995, "angle_rad": 0.30096204374307656}, "wheel_vel": [0.073697247505188, 0.9350016975402833], "action": [0.07676796615123749, 0.9739601016044617]}, "25": {"time": 6.655027151107788, "reward": -0.14418920429407933, "lane_pos": {"dist": 0.08359539797142235, "dot_dir": 0.5991053804322013, "angle_deg": 53.19414792792632, "angle_rad": 0.9284130241352336}, "wheel_vel": [0.96, -0.96], "action": [1.0, -1.0]}, "26": {"time": 6.665096998214722, "reward": -0.059483321941138145, "lane_pos": {"dist": 0.09470566160545002, "dot_dir": 0.8169536869817652, "angle_deg": 35.219001414018145, "angle_rad": 0.6146875339391552}, "wheel_vel": [1.276554536958885e-26, 0.96], "action": [1.3297443093321719e-26, 1.0]}, "27": {"time": 6.6751062870025635, "reward": -0.22889508664702052,