{"1": {"time": 0.1766960620880127, "steps": 16, "reward": -1.7835231254783896}, "2": {"time": 4.333907604217529, "steps": 418, "reward": 207.68688998947297}, "3": {"time": 6.200171232223511, "steps": 185, "reward": 57.79968635010414}, "4": {"time": 11.237572431564331, "steps": 500, "reward": 262.3098672109999}, "5": {"time": 11.38132619857788, "steps": 13, "reward": -2.0372863272813047}, "6": {"time": 16.393484830856323, "steps": 500, "reward": 227.4081350326123}, "7": {"time": 17.97566843032837, "steps": 153, "reward": 70.41328948663205}, "8": {"time": 18.070446252822876, "steps": 8, "reward": -0.0819499478525018}, "9": {"time": 20.05129837989807, "steps": 195, "reward": 90.20103883751237}, "10": {"time": 20.21553111076355, "steps": 15, "reward": 0.19483881104490036}}