{"1": {"time": 2.0420472621917725, "steps": 189, "reward": 103.98158663428417}, "2": {"time": 2.4145314693450928, "steps": 31, "reward": -4.6688227383657575}, "3": {"time": 3.1583352088928223, "steps": 63, "reward": 24.713611192048198}, "4": {"time": 4.7148003578186035, "steps": 143, "reward": 50.59707276854163}, "5": {"time": 9.725178718566895, "steps": 463, "reward": 209.81192533308612}, "6": {"time": 10.044784784317017, "steps": 28, "reward": -5.898630276349112}, "7": {"time": 11.626018285751343, "steps": 144, "reward": 58.49444569221553}, "8": {"time": 16.93379497528076, "steps": 500, "reward": 240.03504088471848}, "9": {"time": 22.456141233444214, "steps": 500, "reward": 215.11881593343634}, "10": {"time": 24.52005910873413, "steps": 179, "reward": 58.8539021585502}}