{"0": {"time": 1.874469518661499, "reward": 0.9658438424902592, "lane_pos": {"dist": 0.020461712220625317, "dot_dir": 0.9729347951090812, "angle_deg": -13.360653751831238, "angle_rad": -0.23318739818838846}, "wheel_vel": [0.042504830360412596, 0.9306326866149902], "action": [0.04427586495876312, 0.9694090485572815]}, "1": {"time": 1.8845248222351074, "reward": 0.1571521698485905, "lane_pos": {"dist": 0.02046158719569935, "dot_dir": 0.9233332411874798, "angle_deg": 22.581650901012324, "angle_rad": 0.3941241587586092}, "wheel_vel": [0.9597392463684082, -0.9598341178894043], "action": [0.9997283816337585, -0.9998272061347961]}, "2": {"time": 1.8947703838348389, "reward": 0.04047962916686959, "lane_pos": {"dist": 0.031582874223479274, "dot_dir": 0.8611875253237239, "angle_deg": 30.549819227893675, "angle_rad": 0.5331949314158165}, "wheel_vel": [0.9594006156921386, 0.533844051361084], "action": [0.9993756413459778, 0.5560875535011292]}, "3": {"time": 1.9047703742980957, "reward": -0.1284773954601663, "lane_pos": {"dist": 0.03172914070496746, "dot_dir": 0.40335712571178267, "angle_deg": 66.21178291793767, "angle_rad": 1.1556136155337509}, "wheel_vel": [0.9582660484313965, -0.9463351249694824], "action": [0.9981938004493713, -0.9857657551765442]}, "4": {"time": 1.9147310256958008, "reward": -0.10019020901893261, "lane_pos": {"dist": 0.045128427506045066, "dot_dir": 0.6660140992283952, "angle_deg": 48.239828575542795, "angle_rad": 0.8419438392408679}, "wheel_vel": [0.00013546562287956477, 0.9599649810791016], "action": [0.00014111002383287996, 0.9999635219573975]}, "5": {"time": 1.925224781036377, "reward": -0.26773708611261565, "lane_pos": {"dist": 0.04628515866632199, "dot_dir": 0.12700730705224353, "angle_deg": 82.70330995379743, "angle_rad": 1.4434450609911647}, "wheel_vel": [0.959022274017334, -0.8815714645385743], "action": [0.9989815354347229, -0.9183036088943481]}, "6": {"time": 1.9352478981018066, "reward": -0.18265624824995658, "lane_pos": {"dist": -0.28028275443439155, "dot_dir": 0.47947024756806733, "angle_deg": -61.349191235383124, "angle_rad": -1.070745380493083}, "wheel_vel": [0.9598507690429687, -0.96], "action": [0.9998445510864258, -1.0]}, "7": {"time": 1.9452345371246338, "reward": -0.2673248228636399, "lane_pos": {"dist": -0.2952880273289542, "dot_dir": 0.1852492104197807, "angle_deg": -79.3243377492913, "angle_rad": -1.3844708706891615}, "wheel_vel": [3.3826289547720693e-16, 0.96], "action": [3.523571827887572e-16, 1.0]}, "8": {"time": 1.9554624557495117, "reward": -0.28323468680779573, "lane_pos": {"dist": 0.07721557675319235, "dot_dir": 0.1270556802515566, "angle_deg": 82.70051573680053, "angle_rad": 1.4433962927045534}, "wheel_vel": [9.774031580759934e-26, 0.96], "action": [1.0181282896624931e-25, 1.0]}, "9": {"time": 1.9654572010040283, "reward": -0.20284113462369063, "lane_pos": {"dist": 0.09333144316752273, "dot_dir": 0.41247525220885367, "angle_deg": 65.63957859268729, "angle_rad": 1.1456267660639792}, "wheel_vel": [0.04880836844444275, 0.9599831199645996], "action": [0.0508420504629612, 0.9999824166297913]}, "10": {"time": 1.9755594730377197, "reward": -0.16399092280701508, "lane_pos": {"dist": 0.10858306964194608, "dot_dir": 0.6036864191685698, "angle_deg": 52.86562327454827, "angle_rad": 0.9226791872598135}, "wheel_vel": [0.19238099098205566, 0.8746005821228028], "action": [0.20039686560630798, 0.9110422730445862]}, "11": {"time": 1.9858996868133545, "reward": -0.30811165275831265, "lane_pos": {"dist": 0.11231707313632633, "dot_dir": 0.2615777939951532, "angle_deg": 74.83629652763605, "angle_rad": 1.3061397744060488}, "wheel_vel": [0.7122550964355469, -0.46113430023193364], "action": [0.7419323921203613, -0.48034822940826416]}}