{"1": {"time": 22658, "steps": 106, "reward": 74.77379250832449}, "2": {"time": 22658, "steps": 20, "reward": 1.7464323569794478}, "3": {"time": 22662, "steps": 338, "reward": 327.8759767119694}, "4": {"time": 22665, "steps": 287, "reward": 284.7675545264579}, "5": {"time": 22670, "steps": 465, "reward": 359.3908369647947}, "6": {"time": 22674, "steps": 380, "reward": 329.8878846443281}, "7": {"time": 22675, "steps": 136, "reward": 111.70395101988868}, "8": {"time": 22679, "steps": 409, "reward": 371.99386030547976}, "9": {"time": 22682, "steps": 253, "reward": 243.60938419922255}, "10": {"time": 22682, "steps": 43, "reward": 19.206529536581186}}