{"0": {"time": 1.6397368907928467, "reward": 10.566254856957359, "lane_pos": {"dist": 0.051315990789630395, "dot_dir": 0.999714334358447, "angle_deg": -1.369547103459072, "angle_rad": -0.02390310621651223}, "wheel_vel": [0.96, 1.2], "action": [1.0, 1.0]}, "1": {"time": 1.6501553058624268, "reward": 10.57731047616103, "lane_pos": {"dist": 0.05016371866231241, "dot_dir": 0.9992817215670557, "angle_deg": -2.171751060568227, "angle_rad": -0.03790420654059435}, "wheel_vel": [0.96, 1.2], "action": [1.0, 1.0]}, "2": {"time": 1.6605150699615479, "reward": 10.591878458282656, "lane_pos": {"dist": 0.04870881959664082, "dot_dir": 0.9992993107647569, "angle_deg": -2.1449921888448595, "angle_rad": -0.037437176124902785}, "wheel_vel": [0.96, 1.2], "action": [1.0, 1.0]}, "3": {"time": 1.6717593669891357, "reward": 10.605281582605432, "lane_pos": {"dist": 0.04737996766019109, "dot_dir": 0.9994054536704381, "angle_deg": -1.975841036478694, "angle_rad": -0.0344849315825706}, "wheel_vel": [0.96, 1.2], "action": [1.0, 1.0]}, "4": {"time": 1.6822004318237305, "reward": 10.613451006196975, "lane_pos": {"dist": 0.04662366096267962, "dot_dir": 0.999967038911738, "angle_deg": -0.46519988022372205, "angle_rad": -0.008119269589787205}, "wheel_vel": [0.96, 1.2], "action": [1.0, 1.0]}, "5": {"time": 1.6930062770843506, "reward": 10.610784354109263, "lane_pos": {"dist": 0.046854067373543445, "dot_dir": 0.9996312232346213, "angle_deg": 1.5560829815241866, "angle_rad": 0.027158771461847146}, "wheel_vel": [0.96, 1.2], "action": [1.0, 1.0]}, "6": {"time": 1.7035164833068848, "reward": 10.59383949247364, "lane_pos": {"dist": 0.04839641755584061, "dot_dir": 0.9982221956189661, "angle_deg": 3.41699212701444, "angle_rad": 0.05963776313112625}, "wheel_vel": [0.96, 1.2], "action": [1.0, 1.0]}, "7": {"time": 1.7143189907073975, "reward": 10.560133747998846, "lane_pos": {"dist": 0.051391787828997774, "dot_dir": 0.9947471922783195, "angle_deg": 5.8752137412061245, "angle_rad": 0.10254182404246091}, "wheel_vel": [0.96, 1.2], "action": [1.0, 1.0]}, "8": {"time": 1.7255771160125732, "reward": 10.511022560967879, "lane_pos": {"dist": 0.0557669295271276, "dot_dir": 0.9897831699932922, "angle_deg": 8.197212014137682, "angle_rad": 0.14306833913073852}, "wheel_vel": [0.96, 1.2], "action": [1.0, 1.0]}, "9": {"time": 1.7361030578613281, "reward": 10.451496470686182, "lane_pos": {"dist": 0.06127592670202893, "dot_dir": 0.9856745998398739, "angle_deg": 9.709812238295887, "angle_rad": 0.16946819330870347}, "wheel_vel": [0.96, 1.2], "action": [1.0, 1.0]}, "10": {"time": 1.7463757991790771, "reward": 10.3866043771456, "lane_pos": {"dist": 0.06755041389679264, "dot_dir": 0.9836859220161063, "angle_deg": 10.363610856741607, "angle_rad": 0.18087913184557142}, "wheel_vel": [0.96, 1.2], "action": [1.0, 1.0]}, "11": {"time": 1.7579238414764404, "reward": 10.319611933117773, "lane_pos": {"dist": 0.07417848897983292, "dot_dir": 0.983026777899967, "angle_deg": 10.571484544457434, "angle_rad": 0.18450721212447507}, "wheel_vel": [0.96, 1.2], "action": [1.0, 1.0]}, "12": {"time": 1.7682621479034424, "reward": 10.266381954297131, "lane_pos": {"dist": 0.08030986487409555, "dot_dir": 0.990513678326834, "angle_deg": 7.898242684171353, "angle_rad": 0.13785033996034474}, "wheel_vel": [0.96, 1.2], "action": [1.0, 1.0]}, "13": {"time": 1.778735876083374, "reward": 10.196254981322795, "lane_pos": {"dist": 0.0869319179207442, "dot_dir": 0.9868956746654004, "angle_deg": 9.285822298978097, "angle_rad": 0.16206817287227707}, "wheel_vel": [0.96, 1.2], "action": [1.0, 1.0]}, "14": {"time": 1.790419340133667, "reward": 10.145874969333027, "lane_pos": {"dist": 0.09236254512027116, "dot_dir": 0.9905320325657373, "angle_deg": 7.890586070637809, "angle_rad": 0.13771670684463164}, "wheel_vel": [0.96, 1.2], "action": [1.0, 1.0]}, "15": {"time": 1.801053762435913, "reward": 10.1058284141078, "lane_pos": {"dist": 0.09676796442530923, "dot_dir": 0.9942437596155974, "angle_deg": 6.1505738402947365, "angle_rad": 0.10734776440017503}, "wheel_vel": [0.96, 1.2], "action": [1.0, 1.0]}, "16": {"time": 1.8113768100738525, "reward": 10.07819798194207, "lane_pos": {"dist": 0.09990417122552717, "dot_dir": 0.9976998637544054, "angle_deg": 3.8868491953258157, "angle_rad": 0.06783831598692767}, "wheel_vel": [0.96, 1.2], "action": [1.0, 1.0]}, "17": {"time": 1.8228940963745117, "reward": 10.063834682430707, "lane_pos": {"dist": 0.1015572064103998, "dot_dir": 0.9997069080857497, "angle_deg": 1.3872353811278315, "angle_rad": 0.02421182490083907}, "wheel_vel": [0.96, 1.2], "action": [1.0, 1.0]}, "18": {"time": 1.833390474319458, "reward": -10.0, "lane_pos": {"dist": 0.10140712609876767, "dot_dir": 0.9992083707257139, "angle_deg": -2.279959893230778, "angle_rad": -0.03979280695029545}, "wheel_vel": [0.96, 1.2], "action": [1.0, 1.0]}}