{"0": {"time": 1.374047040939331, "reward": 0.6288008609608433, "lane_pos": {"dist": 0.03088405457189452, "dot_dir": 0.9723359838494531, "angle_deg": -13.50832671346405, "angle_rad": -0.23576477758505232}, "wheel_vel": [2.774293136553752e-08, 0.9591377449035645], "action": [2.889888683910158e-08, 0.9991018176078796]}, "1": {"time": 1.384040117263794, "reward": 0.5797126590474139, "lane_pos": {"dist": 0.025841726074893535, "dot_dir": 0.9888818905091038, "angle_deg": -8.551775751030275, "angle_rad": -0.14925664374768915}, "wheel_vel": [0.7901289367675782, 0.7487056732177734], "action": [0.8230509757995605, 0.7799017429351807]}, "2": {"time": 1.3940868377685547, "reward": 0.4597552607564933, "lane_pos": {"dist": 0.024060596821648433, "dot_dir": 0.9985148378557169, "angle_deg": -3.1230456334052623, "angle_rad": -0.05450742899295363}, "wheel_vel": [0.5777022171020508, 0.46742257118225095], "action": [0.6017731428146362, 0.4868985116481781]}, "3": {"time": 1.40411376953125, "reward": 0.507429493422976, "lane_pos": {"dist": 0.023424009013760586, "dot_dir": 0.9890539545049198, "angle_deg": -8.485221870218425, "angle_rad": -0.14809505939754247}, "wheel_vel": [0.00309910386800766, 0.3676904010772705], "action": [0.0032282331958413124, 0.3830108344554901]}, "4": {"time": 1.4147186279296875, "reward": 0.08586584475255826, "lane_pos": {"dist": 0.023007297393343014, "dot_dir": 0.9412756670128017, "angle_deg": 19.73309650983331, "angle_rad": 0.34440750571039286}, "wheel_vel": [0.6465522766113281, -0.9127171897888184], "action": [0.6734919548034668, -0.9507470726966858]}, "5": {"time": 1.4248075485229492, "reward": 0.3638571793785778, "lane_pos": {"dist": 0.026379902231445984, "dot_dir": 0.9966316976294329, "angle_deg": 4.703976505975014, "angle_rad": 0.08209987796572271}, "wheel_vel": [0.0, 0.96], "action": [0.0, 1.0]}, "6": {"time": 1.434917688369751, "reward": -0.0039477873476795045, "lane_pos": {"dist": 0.025781744753296566, "dot_dir": 0.8061224477426266, "angle_deg": 36.2812042221646, "angle_rad": 0.6332264702652405}, "wheel_vel": [0.7913111686706543, -0.8951362037658692], "action": [0.8242824673652649, -0.932433545589447]}, "7": {"time": 1.444969654083252, "reward": 0.0789914077232095, "lane_pos": {"dist": 0.033388804139956416, "dot_dir": 0.934925873490762, "angle_deg": 20.783827395530928, "angle_rad": 0.3627462192182125}, "wheel_vel": [5.098570732275931e-12, 0.96], "action": [5.311011179454095e-12, 1.0]}, "8": {"time": 1.4550185203552246, "reward": 0.1741005741955202, "lane_pos": {"dist": 0.03710852670545661, "dot_dir": 0.9939823187366128, "angle_deg": 6.288835697849932, "angle_rad": 0.1097608890444366}, "wheel_vel": [0.0, 0.96], "action": [0.0, 1.0]}, "9": {"time": 1.4650216102600098, "reward": 0.09792027505291927, "lane_pos": {"dist": 0.03745082173117702, "dot_dir": 0.9998874984668688, "angle_deg": 0.8594506063939421, "angle_rad": 0.01500024283983612}, "wheel_vel": [2.8459985624067486e-05, 0.34301659584045413], "action": [2.964581835840363e-05, 0.357308954000473]}, "10": {"time": 1.4751079082489014, "reward": 0.4724562521475532, "lane_pos": {"dist": 0.03618348023566871, "dot_dir": 0.9792657141238748, "angle_deg": -11.687871791606337, "angle_rad": -0.20399184531449913}, "wheel_vel": [0.002438669577240944, 0.804532527923584], "action": [0.0025402808096259832, 0.8380547165870667]}, "11": {"time": 1.4851267337799072, "reward": 1.094825291884495, "lane_pos": {"dist": 0.031562143845340625, "dot_dir": 0.9051467512514288, "angle_deg": -25.156944758368393, "angle_rad": -0.4390715157758578}, "wheel_vel": [0.001353153996169567, 0.877294921875], "action": [0.0014095354126766324, 0.913848876953125]}, "12": {"time": 1.4951677322387695, "reward": 0.18069810353074856, "lane_pos": {"dist": 0.03156551434457426, "dot_dir": 0.9824092780525637, "angle_deg": 10.762623667906306, "angle_rad": 0.18784321915803381}, "wheel_vel": [0.9583590888977052, -0.96], "action": [0.9982907176017761, -1.0]}, "13": {"time": 1.505202293395996, "reward": 0.43365515444130465, "lane_pos": {"dist": 0.03244860028989026, "dot_dir": 0.9971403037581477, "angle_deg": -4.334122007276478, "angle_rad": -0.07564469921012017}, "wheel_vel": [1.3182736628682472e-25, 0.96], "action": [1.373201732154424e-25, 1.0]}, "14": {"time": 1.5152382850646973, "reward": 0.0779516953021846, "lane_pos": {"dist": 0.034028538883533424, "dot_dir": 0.9460981435414185, "angle_deg": 18.89773845945638, "angle_rad": 0.3298277572982748}, "wheel_vel": [0.9321909713745117, -0.18328857421875], "action": [0.9710322618484497, -0.19092559814453125]}, "15": {"time": 1.5252680778503418, "reward": -0.08424451425502591, "lane_pos": {"dist": 0.03402876854701922, "dot_dir": 0.5757534552285669, "angle_deg": 54.84758578394804, "angle_rad": 0.9572709586999286}, "wheel_vel": [0.9599997711181641, -0.9599764251708984], "action": [0.9999997615814209, -0.9999754428863525]}, "16": {"time": 1.5353069305419922, "reward": -0.2536562217404491, "lane_pos": {"dist": 0.03402876854701922, "dot_dir": -0.01392516221954776, "angle_deg": 90.79787881176436, "angle_rad": 1.5847219390920848}, "wheel_vel": [0.96, -0.96], "action": [1.0, -1.0]}, "17": {"time": 1.5461311340332031, "reward": -0.16248672489720373, "lane_pos": {"dist": -0.29008382536720767, "dot_dir": 0.5435114161049939, "angle_deg": -57.07700239501036, "angle_rad": -0.9961816189616198}, "wheel_vel": [0.96, -0.96], "action": [1.0, -1.0]}, "18": {"time": 1.55617356300354, "reward": -0.3825583380926804, "lane_pos": {"dist": -0.2923975256267663, "dot_dir": 0.5261844662292771, "angle_deg": -58.25198478683381, "angle_rad": -1.0166889303518971}, "wheel_vel": [0.06238861083984375, 0.1018614435195923], "action": [0.0649881362915039, 0.10610567033290863]}, "19": {"time": 1.5661797523498535, "reward": -0.3860836459724088, "lane_pos": {"dist": -0.29217798778563786, "dot_dir": 0.5569708878875657, "angle_deg": -56.15342777996102, "angle_rad": -0.9800622010411697}, "wheel_vel": [0.048203344345092776, -0.06387444734573364], "action": [0.050211817026138306, -0.06653588265180588]}, "20": {"time": 1.5761744976043701, "reward": -0.14676295727940097, "lane_pos": {"dist": -0.2999526903410798, "dot_dir": 0.7497617105342759, "angle_deg": -41.4302592620817, "angle_rad": -0.723094434078202}, "wheel_vel": [0.7279609107971192, -0.10508761882781983], "action": [0.7582926154136658, -0.10946626961231232]}, "21": {"time": 1.5862221717834473, "reward": -0.17967724401448304, "lane_pos": {"dist": -0.3123373781032673, "dot_dir": 0.48900274799938825, "angle_deg": -60.724943850784705, "angle_rad": -1.0598502082848773}, "wheel_vel": [2.9811234686624013e-36, 0.96], "action": [3.1053369465233346e-36, 1.0]}, "22": {"time": 1.5963151454925537, "reward": -0.36754753725055944, "lane_pos": {"dist": -0.30490240934482415, "dot_dir": 0.6472849415521624, "angle_deg": -49.66279049376692, "angle_rad": -0.8667792098443732}, "wheel_vel": [2.1487399499164895e-06, -0.543764991760254], "action": [2.23827078116301e-06, -0.5664218664169312]}, "23": {"time": 1.6063086986541748, "reward": -0.21846949670025517, "lane_pos": {"dist": -0.3186080066548137, "dot_dir": 0.3590698685656984, "angle_deg": -68.95691554226534, "angle_rad": -1.2035252182321812}, "wheel_vel": [0.00016961223911494014, 0.96], "action": [0.00017667941574472934, 1.0]}, "24": {"time": 1.616363286972046, "reward": -0.3469598472755168, "lane_pos": {"dist": -0.33025392708223394, "dot_dir": 0.15492503123964652, "angle_deg": -81.0875516618616, "angle_rad": -1.4152447588804846}, "wheel_vel": [0.050457437038421635, 0.6746957015991211], "action": [0.052559830248355865, 0.7028080224990845]}, "25": {"time": 1.6263916492462158, "reward": -0.10642247059121585, "lane_pos": {"dist": -0.33027362374340935, "dot_dir": 0.7050100513721547, "angle_deg": -45.16964390903223, "angle_rad": -0.7883590081660145}, "wheel_vel": [0.9598085975646973, -0.9584617996215821], "action": [0.9998006224632263, -0.998397707939148]}, "26": {"time": 1.6364679336547852, "reward": -0.1952593182368248, "lane_pos": {"dist": -0.3432576288010012,