{"0": {"time": 10.691105365753174, "steps": 390, "reward": 1545.2892916429494, "actor_loss": -10.603876113891602, "critic_loss": 1.1354413032531738}}