{"0": {"time": 1.356513261795044, "reward": 0.6528903165006577, "lane_pos": {"dist": -0.025589276926684, "dot_dir": 0.823868290502067, "angle_deg": 34.526079484825324, "angle_rad": 0.6025937648154694}, "wheel_vel": [0.8847676849365235, -0.9559935951232911], "action": [0.9216330051422119, -0.9958266615867615]}, "1": {"time": 1.3665525913238525, "reward": 0.9290981872687811, "lane_pos": {"dist": -0.02069577751155749, "dot_dir": 0.9194564091187225, "angle_deg": 23.153258402500764, "angle_rad": 0.40410059168868084}, "wheel_vel": [0.0011528175696730613, 0.6085419273376466], "action": [0.0012008516350761056, 0.6338978409767151]}, "2": {"time": 1.376492977142334, "reward": 0.8960034072661367, "lane_pos": {"dist": -0.017214185556848838, "dot_dir": 0.9839860801698306, "angle_deg": 10.267571300898819, "angle_rad": 0.1792029253839618}, "wheel_vel": [0.019926048517227176, 0.7081129074096679], "action": [0.020756300538778305, 0.7376176118850708]}, "3": {"time": 1.386488437652588, "reward": 0.472993624782711, "lane_pos": {"dist": -0.016854457249826593, "dot_dir": 0.9910319627325701, "angle_deg": -7.679119596543281, "angle_rad": -0.13402592061409882}, "wheel_vel": [0.0005178582295775414, 0.9589981269836426], "action": [0.0005394356558099389, 0.9989563822746277]}, "4": {"time": 1.3964619636535645, "reward": 0.6477812810671222, "lane_pos": {"dist": -0.016854457249826593, "dot_dir": 0.8807157646280812, "angle_deg": 28.271173431273066, "angle_rad": 0.49342505977805784}, "wheel_vel": [0.96, -0.96], "action": [1.0, -1.0]}, "5": {"time": 1.406454086303711, "reward": 0.48754265342056297, "lane_pos": {"dist": -0.011889269575685368, "dot_dir": 0.9044296408687146, "angle_deg": 25.253425503008025, "angle_rad": 0.4407554224345952}, "wheel_vel": [0.25025293350219724, 0.4114220237731934], "action": [0.2606801390647888, 0.4285646080970764]}, "6": {"time": 1.4164049625396729, "reward": 1.2354737721082834, "lane_pos": {"dist": -0.007426111622783393, "dot_dir": 0.9919425419060095, "angle_deg": 7.278278989099835, "angle_rad": 0.1270299322385166}, "wheel_vel": [1.3679595742536755e-28, 0.96], "action": [1.4249578898475787e-28, 1.0]}, "7": {"time": 1.4263160228729248, "reward": 0.8123553176355333, "lane_pos": {"dist": -0.007833667286815671, "dot_dir": 0.9808458691725483, "angle_deg": 11.232191863284216, "angle_rad": 0.19603873023002635}, "wheel_vel": [0.029547353982925413, -0.18161956787109376], "action": [0.030778493732213974, -0.18918704986572266]}, "8": {"time": 1.43634033203125, "reward": 0.21449668454561444, "lane_pos": {"dist": -0.009561880755556529, "dot_dir": 0.7498802258567666, "angle_deg": 41.41999624915533, "angle_rad": 0.7229153107114621}, "wheel_vel": [0.6878496551513672, -0.9243926811218262], "action": [0.7165100574493408, -0.9629090428352356]}, "9": {"time": 1.4462506771087646, "reward": -0.005505745895390518, "lane_pos": {"dist": -0.009561885600122833, "dot_dir": 0.2186493831056999, "angle_deg": 77.37028284855836, "angle_rad": 1.3503661789066406}, "wheel_vel": [0.9599996566772461, -0.96], "action": [0.9999996423721313, -1.0]}, "10": {"time": 1.4561686515808105, "reward": 0.016373012802402498, "lane_pos": {"dist": 0.005251834326308158, "dot_dir": 0.5091144797023857, "angle_deg": 59.395136334650175, "angle_rad": 1.0366406887105621}, "wheel_vel": [0.0, 0.96], "action": [0.0, 1.0]}, "11": {"time": 1.466113567352295, "reward": -0.29244295358907624, "lane_pos": {"dist": -0.23925183432630814, "dot_dir": 0.09316006042789808, "angle_deg": -84.65457063753348, "angle_rad": -1.4775009844870743}, "wheel_vel": [0.96, -0.96], "action": [1.0, -1.0]}, "12": {"time": 1.4761672019958496, "reward": -0.12303126629910907, "lane_pos": {"dist": -0.2392518308804371, "dot_dir": 0.6599455217664645, "angle_deg": -48.704281895326, "angle_rad": -0.8500500788929028}, "wheel_vel": [0.9599997711181641, -0.96], "action": [0.9999997615814209, -1.0]}, "13": {"time": 1.4861550331115723, "reward": 0.04524089574564055, "lane_pos": {"dist": -0.2393403401209665, "dot_dir": 0.9744891227270869, "angle_deg": -12.969640706904178, "angle_rad": -0.22636293313616276}, "wheel_vel": [0.9595063018798828, -0.9489763641357423], "action": [0.9994857311248779, -0.9885170459747314]}, "14": {"time": 1.4961128234863281, "reward": -0.039341562077271186, "lane_pos": {"dist": -0.2452984613439948, "dot_dir": 0.8576632163931991, "angle_deg": -30.94478722081235, "angle_rad": -0.540088423332241}, "wheel_vel": [6.153074385083467e-28, 0.96], "action": [6.409452484461944e-28, 1.0]}, "15": {"time": 1.5060596466064453, "reward": -0.14498781798766797, "lane_pos": {"dist": -0.2539580385826473, "dot_dir": 0.6932057908061945, "angle_deg": -46.11558619452287, "angle_rad": -0.8048688155816663}, "wheel_vel": [0.013149799704551698, 0.8233777999877929], "action": [0.013697708025574684, 0.8576852083206177]}, "16": {"time": 1.516098976135254, "reward": 0.05857949672126633, "lane_pos": {"dist": -0.2539580385826473, "dot_dir": 0.9843026962149043, "angle_deg": -10.165293166706487, "angle_rad": -0.17741783518950902}, "wheel_vel": [0.96, -0.96], "action": [1.0, -1.0]}, "17": {"time": 1.526048183441162, "reward": -0.02612638563167491, "lane_pos": {"dist": -0.2591859717104592, "dot_dir": 0.8817942035127116, "angle_deg": -28.140439680614676, "angle_rad": -0.49114332538558764}, "wheel_vel": [7.162885090233239e-23, 0.96], "action": [7.461338635659624e-23, 1.0]}, "18": {"time": 1.5362136363983154, "reward": -0.11083226798461532, "lane_pos": {"dist": -0.26880398075849166, "dot_dir": 0.6932057908061967, "angle_deg": -46.11558619452269, "angle_rad": -0.8048688155816632}, "wheel_vel": [9.172696781821477e-15, 0.96], "action": [9.554892481064038e-15, 1.0]}, "19": {"time": 1.5461440086364746, "reward": -0.2690758305725356, "lane_pos": {"dist": -0.27534033910182565, "dot_dir": 0.5663419422307285, "angle_deg": -55.50446984444446, "angle_rad": -0.9687357483594606}, "wheel_vel": [0.0025692227482795715, 0.5040020370483398], "action": [0.0026762736961245537, 0.525002121925354]}, "20": {"time": 1.5561211109161377, "reward": -0.08477305148703976, "lane_pos": {"dist": -0.275237645451869, "dot_dir": 0.8816786299714243, "angle_deg": -28.154476740539135, "angle_rad": -0.49138831829856916}, "wheel_vel": [0.7256779289245606, -0.7350052070617676], "action": [0.7559145092964172, -0.7656304240226746]}, "21": {"time": 1.5661838054656982, "reward": -0.11089841607112105, "lane_pos": {"dist": -0.2848587666923823, "dot_dir": 0.693029193882928, "angle_deg": -46.12962325444731, "angle_rad": -0.8051138084946475}, "wheel_vel": [5.753677216960922e-22, 0.96], "action": [5.993413767667626e-22, 1.0]}, "22": {"time": 1.5761730670928955, "reward": -0.15719103549582883, "lane_pos": {"dist": -0.3009871250120697, "dot_dir": 0.7179935547655177, "angle_deg": -44.11092789963169, "angle_rad": -0.7698809279583998}, "wheel_vel": [0.7367780113220216, 0.6289653968811034], "action": [0.7674770951271057, 0.6551722884178162]}, "23": {"time": 1.586242437362671, "reward": -0.03533244093801055, "lane_pos": {"dist": -0.3067841270485834, "dot_dir": 0.9129652112066021, "angle_deg": -24.081607082002726, "angle_rad": -0.4203033327525317}, "wheel_vel": [0.846668586730957, -0.22303885459899903], "action": [0.8819464445114136, -0.23233214020729065]}, "24": {"time": 1.5964419841766357, "reward": 0.27529146240369184, "lane_pos": {"dist": -0.30678070761114506, "dot_dir": 0.9788259111968125, "angle_deg": 11.811615563614561, "angle_rad": 0.20615158156487984}, "wheel_vel": [0.9575002670288085, -0.9594517707824707], "action": [0.9973961114883423, -0.999428927898407]}, "25": {"time": 1.6067073345184326, "reward": 0.07743948761565755, "lane_pos": {"dist": -0.30599554516852256, "dot_dir": 0.994220431604593, "angle_deg": -6.163036297737645, "angle_rad": -0.10756527531544346}, "wheel_vel": [2.56168597843498e-05, 0.9599991989135743], "action": [2.668422894203104e-05, 0.9999991655349731]}, "26": {"time": 1.6169395446777344, "reward": 0.0936399615849407, "lane_pos": {"dist": -0.3082776870224886, "dot_dir": 0.9987634406364747,