{"1": {"time": 2.2061941623687744, "steps": 220, "reward": 103.34893845429475}, "2": {"time": 3.649552822113037, "steps": 142, "reward": 43.34056120448857}, "3": {"time": 4.0355613231658936, "steps": 36, "reward": 4.170596492851464}, "4": {"time": 4.562347173690796, "steps": 51, "reward": 16.340638031851938}, "5": {"time": 8.756558418273926, "steps": 420, "reward": 186.21601093921768}, "6": {"time": 11.639470100402832, "steps": 285, "reward": 106.2914629085565}, "7": {"time": 15.897432804107666, "steps": 420, "reward": 209.9212308933876}, "8": {"time": 17.132643938064575, "steps": 122, "reward": 52.53091925064754}, "9": {"time": 18.2879319190979, "steps": 114, "reward": 37.98843076057814}, "10": {"time": 18.579180479049683, "steps": 27, "reward": 6.406132207845689}}