{"1": {"time": 0.1898818016052246, "steps": 18, "reward": -0.036267779578997905}, "2": {"time": 4.857715368270874, "steps": 461, "reward": 205.30279068080196}, "3": {"time": 6.332791328430176, "steps": 144, "reward": 27.200868298034273}, "4": {"time": 11.321765422821045, "steps": 500, "reward": 207.16140769133963}, "5": {"time": 14.818139791488647, "steps": 349, "reward": 177.5289388534719}, "6": {"time": 15.120450019836426, "steps": 29, "reward": 0.9809151788230998}, "7": {"time": 16.036098957061768, "steps": 89, "reward": 30.02494689059662}, "8": {"time": 16.513099908828735, "steps": 45, "reward": 5.584651132899334}, "9": {"time": 17.263350248336792, "steps": 73, "reward": 16.837573389730252}, "10": {"time": 17.70616388320923, "steps": 43, "reward": 14.121638047861369}}