{"1": {"time": 23220, "steps": 500, "reward": 358.5889159436101}, "2": {"time": 23226, "steps": 500, "reward": 354.64439605622783}, "3": {"time": 23231, "steps": 500, "reward": 317.5814264502642}, "4": {"time": 23236, "steps": 500, "reward": 332.67965863965685}, "5": {"time": 23241, "steps": 500, "reward": 334.8508205535011}, "6": {"time": 23247, "steps": 500, "reward": 233.03634750039424}, "7": {"time": 23252, "steps": 500, "reward": 212.52253806432554}, "8": {"time": 23257, "steps": 500, "reward": 289.24851972977234}, "9": {"time": 23262, "steps": 500, "reward": 219.41354725266413}, "10": {"time": 23267, "steps": 500, "reward": 384.1814892028152}}