{"1": {"time": 2909, "steps": 205, "reward": 133.64654221592664}, "2": {"time": 2910, "steps": 186, "reward": 116.35423727398926}, "3": {"time": 2912, "steps": 147, "reward": 94.27591152899873}, "4": {"time": 2912, "steps": 5, "reward": 0.02598653826985098}, "5": {"time": 2916, "steps": 353, "reward": 235.03576054605827}, "6": {"time": 2917, "steps": 109, "reward": 67.10732721723124}, "7": {"time": 2917, "steps": 9, "reward": -1.1652840064412613}, "8": {"time": 2918, "steps": 142, "reward": 90.44962007456805}, "9": {"time": 2920, "steps": 153, "reward": 102.97798409741519}, "10": {"time": 2920, "steps": 19, "reward": 2.2511022465396526}}