{"0": {"time": 6.988271236419678, "reward": -0.21611395694127222, "lane_pos": {"dist": 0.07301730664919459, "dot_dir": 0.9271171124196432, "angle_deg": 22.0102059084113, "angle_rad": 0.38415056214368665}, "wheel_vel": [0.08449753046035767, -0.9576154518127441], "action": [0.0880182608962059, -0.9975160956382751]}, "1": {"time": 6.99833345413208, "reward": 0.11541512623389868, "lane_pos": {"dist": 0.07601676692785395, "dot_dir": 0.999999236808341, "angle_deg": -0.07078715622292318, "angle_rad": -0.0012354689442136027}, "wheel_vel": [6.737394154255383e-20, 0.96], "action": [7.01811891068269e-20, 1.0]}, "2": {"time": 7.008466005325317, "reward": -0.06266918874010333, "lane_pos": {"dist": 0.07601448358359326, "dot_dir": 0.8103381728969345, "angle_deg": 35.87101500897731, "angle_rad": 0.6260673179389573}, "wheel_vel": [0.9595466995239258, -0.9599998283386231], "action": [0.9995278120040894, -0.9999998211860657]}, "3": {"time": 7.01867151260376, "reward": -0.41068596797628787, "lane_pos": {"dist": -0.3101264306511562, "dot_dir": -0.33785931393784807, "angle_deg": -109.74650546272275, "angle_rad": -1.9154378628824549}, "wheel_vel": [0.9599997711181641, -0.96], "action": [0.9999997615814209, -1.0]}, "4": {"time": 7.028822898864746, "reward": -0.5242665826287729, "lane_pos": {"dist": -0.3222724224677045, "dot_dir": -0.5505124141342487, "angle_deg": -123.40217382366684, "angle_rad": -2.153774237341347}, "wheel_vel": [0.05344561457633973, 0.7630805969238281], "action": [0.05567251518368721, 0.7948756217956543]}, "5": {"time": 7.039015293121338, "reward": -0.310734783592859, "lane_pos": {"dist": -0.3226303139508607, "dot_dir": 0.032293427621036055, "angle_deg": -88.14940114193664, "angle_rad": -1.5384972835880437}, "wheel_vel": [0.952708683013916, -0.9300387954711914], "action": [0.9924048781394958, -0.9687904119491577]}, "6": {"time": 7.049133062362671, "reward": -0.39447120047312145, "lane_pos": {"dist": -0.3384374212017308, "dot_dir": -0.2807611384703852, "angle_deg": -106.30563707299487, "angle_rad": -1.855383380353908}, "wheel_vel": [0.0, 0.96], "action": [0.0, 1.0]}, "7": {"time": 7.059292554855347, "reward": -0.16962077122334082, "lane_pos": {"dist": 0.12017504789405242, "dot_dir": 0.5339324733873748, "angle_deg": 57.72845668265333, "angle_rad": 1.0075516412072238}, "wheel_vel": [0.09584589958190919, 0.9437434387207032], "action": [0.0998394787311554, 0.9830660820007324]}}