{"0": {"time": 22658, "reward": 0.2875626533363168, "lane_pos": {"dist": -0.09869384866126872, "dot_dir": 0.976418657594442, "angle_deg": 12.467490427820914, "angle_rad": 0.2175987574263514}, "wheel_vel": [0.96, -0.04844374805688858], "action": [1.0, -0.04036979004740715]}, "1": {"time": 22658, "reward": 0.7322463156515565, "lane_pos": {"dist": -0.09507014688219781, "dot_dir": 0.8039015113262238, "angle_deg": 36.49569884171473, "angle_rad": 0.6369701076042028}, "wheel_vel": [0.96, -0.43167700767517087], "action": [1.0, -0.3597308397293091]}, "2": {"time": 22658, "reward": 0.29084975622408227, "lane_pos": {"dist": -0.09835737835407049, "dot_dir": 0.21900543847452375, "angle_deg": 77.34937566319861, "angle_rad": 1.3500012796847882}, "wheel_vel": [0.96, -1.2], "action": [1.0, -1.0]}, "3": {"time": 22658, "reward": -0.1361986392515641, "lane_pos": {"dist": -0.14695087761801257, "dot_dir": 0.6225351610929208, "angle_deg": -51.498497361774874, "angle_rad": -0.8988183387925849}, "wheel_vel": [0.96, -1.2], "action": [1.0, -1.0]}, "4": {"time": 22658, "reward": -0.06299367658701638, "lane_pos": {"dist": -0.1596597861432552, "dot_dir": 0.8093869525054432, "angle_deg": -35.963921805880965, "angle_rad": -0.6276888474424078}, "wheel_vel": [0.96, 0.149438738822937], "action": [1.0, 0.12453228235244751]}, "5": {"time": 22658, "reward": 0.0026973126247769597, "lane_pos": {"dist": -0.17119645030335945, "dot_dir": 0.9270277685194657, "angle_deg": -22.023860939676617, "angle_rad": -0.3843888873987292}, "wheel_vel": [0.96, 0.5611355066299438], "action": [1.0, 0.4676129221916199]}, "6": {"time": 22658, "reward": 0.039017494286165355, "lane_pos": {"dist": -0.17988867325773267, "dot_dir": 0.9689446511955148, "angle_deg": -14.31647901246918, "angle_rad": -0.24986969606025353}, "wheel_vel": [0.96, 0.7241984367370605], "action": [1.0, 0.6034986972808838]}, "7": {"time": 22658, "reward": 0.09449362597580316, "lane_pos": {"dist": -0.1833621544172552, "dot_dir": 0.9988812443428715, "angle_deg": -2.7104771465155633, "angle_rad": -0.047306750506757325}, "wheel_vel": [0.96, 0.48248716592788693], "action": [1.0, 0.40207263827323914]}, "8": {"time": 22658, "reward": 0.7862525845898329, "lane_pos": {"dist": -0.18453395608199102, "dot_dir": 0.793306291635294, "angle_deg": 37.504427931122045, "angle_rad": 0.6545757514750048}, "wheel_vel": [0.96, -1.2], "action": [1.0, -1.0]}, "9": {"time": 22658, "reward": 0.2842702970093578, "lane_pos": {"dist": -0.1878401487355053, "dot_dir": 0.21274415429049326, "angle_deg": 77.71678464300882, "angle_rad": 1.35641377608387}, "wheel_vel": [0.96, -1.2], "action": [1.0, -1.0]}, "10": {"time": 22658, "reward": 0.17055046746747898, "lane_pos": {"dist": -0.16218851402387924, "dot_dir": 0.08796636768891664, "angle_deg": 84.95337553342608, "angle_rad": 1.4827161137414793}, "wheel_vel": [0.96, 0.5981300354003906], "action": [1.0, 0.4984416961669922]}, "11": {"time": 22658, "reward": 0.11707972874282338, "lane_pos": {"dist": -0.1344895283483, "dot_dir": 0.004487166056016151, "angle_deg": 89.74290346025245, "angle_rad": 1.5663091456808174}, "wheel_vel": [0.96, 0.7042053222656249], "action": [1.0, 0.5868377685546875]}, "12": {"time": 22658, "reward": 0.0963031273222692, "lane_pos": {"dist": -0.10488410640172252, "dot_dir": -0.04229591669145023, "angle_deg": 92.42410064735431, "angle_rad": 1.6131048644909551}, "wheel_vel": [0.96, 0.816805100440979], "action": [1.0, 0.6806709170341492]}, "13": {"time": 22658, "reward": 0.09398907215095631, "lane_pos": {"dist": -0.0734495965629433, "dot_dir": -0.048721974441882324, "angle_deg": 92.79266913643534, "angle_rad": 1.61953759814452}, "wheel_vel": [0.96, 0.9280762910842895], "action": [1.0, 0.773396909236908]}, "14": {"time": 22658, "reward": 0.05684136075001206, "lane_pos": {"dist": -0.041875218539102525, "dot_dir": -0.05620197776339621, "angle_deg": 93.22183376068669, "angle_rad": 1.6270279338707905}, "wheel_vel": [0.96, 0.9370795726776122], "action": [1.0, 0.7808996438980103]}, "15": {"time": 22658, "reward": -0.02819788340208096, "lane_pos": {"dist": -0.00680700488188727, "dot_dir": 0.008294118368926587, "angle_deg": 89.52477657394574, "angle_rad": 1.562502113327642}, "wheel_vel": [0.96, 1.145073366165161], "action": [1.0, 0.9542278051376343]}, "16": {"time": 22658, "reward": -0.17576794110150346, "lane_pos": {"dist": 0.027385910444729197, "dot_dir": 0.04752428492516843, "angle_deg": 87.27603301973943, "angle_rad": 1.5232541342737422}, "wheel_vel": [0.96, 1.0924744606018066], "action": [1.0, 0.9103953838348389]}, "17": {"time": 22658, "reward": -0.30567963308636514, "lane_pos": {"dist": 0.05918550856227074, "dot_dir": 0.04425614395426186, "angle_deg": 87.46348126702236, "angle_rad": 1.526525723365922}, "wheel_vel": [0.96, 0.9499889373779297], "action": [1.0, 0.7916574478149414]}, "18": {"time": 22658, "reward": -0.2908488272115429, "lane_pos": {"dist": 0.09192730150559685, "dot_dir": 0.05561476348321791, "angle_deg": 86.81186384602377, "angle_rad": 1.5151528539061425}, "wheel_vel": [0.96, 1.007040524482727], "action": [1.0, 0.8392004370689392]}, "19": {"time": 22658, "reward": -0.3060348385119105, "lane_pos": {"dist": 0.12324188817249768, "dot_dir": 0.04294181936411414, "angle_deg": 87.53885819940716, "angle_rad": 1.5278412990160897}, "wheel_vel": [0.96, 0.9211733579635619], "action": [1.0, 0.767644464969635]}}