{"0": {"time": 0.896031379699707, "reward": 0.021426308167354913, "lane_pos": {"dist": -0.3749583680747951, "dot_dir": 0.9507894892154253, "angle_deg": -18.04944464668012, "angle_rad": -0.3150222372410327}, "wheel_vel": [1.429652383924554e-17, 0.96], "action": [1.4892212332547438e-17, 1.0]}, "1": {"time": 0.9059760570526123, "reward": -0.06327957418558611, "lane_pos": {"dist": -0.38220163516209504, "dot_dir": 0.8087646443664049, "angle_deg": -36.02459116058828, "angle_rad": -0.6287477274371108}, "wheel_vel": [7.478326712289038e-20, 0.96], "action": [7.789923658634414e-20, 1.0]}}