{"1": {"time": 0.15399932861328125, "steps": 13, "reward": 12.570831092564763}, "2": {"time": 0.25719332695007324, "steps": 8, "reward": 3.1531038063714867}, "3": {"time": 0.47704577445983887, "steps": 19, "reward": 115.81425588020305}, "4": {"time": 0.6370418071746826, "steps": 12, "reward": 16.48761163804214}, "5": {"time": 0.7974557876586914, "steps": 13, "reward": 22.236565110034583}, "6": {"time": 0.9721014499664307, "steps": 13, "reward": 20.680731859715358}, "7": {"time": 1.0796396732330322, "steps": 8, "reward": 2.906000929011409}, "8": {"time": 1.282961130142212, "steps": 18, "reward": 98.89628139146514}, "9": {"time": 1.458981990814209, "steps": 15, "reward": 37.82213115624266}, "10": {"time": 1.6289286613464355, "steps": 15, "reward": 50.607470020764055}}