{"1": {"time": 0.0925438404083252, "steps": 5, "reward": -4.352152421979263}, "2": {"time": 0.11570048332214355, "steps": 1, "reward": -10}, "3": {"time": 0.875929594039917, "steps": 68, "reward": 205.89697987241763}}