{"0": {"time": 10.250212669372559, "reward": 0.020811645467401496, "lane_pos": {"dist": -0.0890803844948107, "dot_dir": 0.9500816718885852, "angle_deg": -18.179880122722516, "angle_rad": -0.31729876575937865}, "wheel_vel": [6.004018636429631e-13, 0.96], "action": [6.254186079614199e-13, 1.0]}, "1": {"time": 10.260102033615112, "reward": -0.12694646041903107, "lane_pos": {"dist": -0.0865355275307349, "dot_dir": 0.9999936846892432, "angle_deg": -0.20362693375956606, "angle_rad": -0.003553960439844823}, "wheel_vel": [0.00012364895548671483, -0.9599354553222657], "action": [0.0001288009952986613, -0.9999327659606934]}, "2": {"time": 10.269980669021606, "reward": 0.02081686055073262, "lane_pos": {"dist": -0.08908073284907325, "dot_dir": 0.9500876980551565, "angle_deg": -18.178773447668142, "angle_rad": -0.31727945063593016}, "wheel_vel": [2.2006942707602054e-20, 0.96], "action": [2.292389865375214e-20, 1.0]}, "3": {"time": 10.27987289428711, "reward": -0.12698150118699128, "lane_pos": {"dist": -0.08653561985569369, "dot_dir": 0.9999936243442636, "angle_deg": -0.20459748472206432, "angle_rad": -0.003570899749698818}, "wheel_vel": [1.683026261162013e-05, -0.9599313354492187], "action": [1.7531523553770967e-05, -0.9999284744262695]}, "4": {"time": 10.289843559265137, "reward": 0.020812286937072044, "lane_pos": {"dist": -0.08908109162696554, "dot_dir": 0.9500824131428549, "angle_deg": -18.179743998630645, "angle_rad": -0.31729638994578424}, "wheel_vel": [1.616578615762365e-14, 0.96], "action": [1.683936058085797e-14, 1.0]}, "5": {"time": 10.29987359046936, "reward": -0.13503559895953277, "lane_pos": {"dist": -0.08654796787895536, "dot_dir": 0.9997790790569228, "angle_deg": -1.2043814842760254, "angle_rad": -0.02102042235067296}, "wheel_vel": [0.00025150216184556486, -0.9063529586791992], "action": [0.00026198141858913004, -0.9441176652908325]}, "6": {"time": 10.309863805770874, "reward": 0.01610091583481127, "lane_pos": {"dist": -0.0893675163322386, "dot_dir": 0.9444938152670551, "angle_deg": -19.179527998184106, "angle_rad": -0.3347459125467497}, "wheel_vel": [6.7356541715650716e-18, 0.96], "action": [7.016306428713616e-18, 1.0]}, "7": {"time": 10.319687604904175, "reward": 0.3653552401842961, "lane_pos": {"dist": -0.08936595360792143, "dot_dir": 0.9578793653669864, "angle_deg": 16.688657048889798, "angle_rad": 0.29127201323928725}, "wheel_vel": [0.9556148529052734, -0.96], "action": [0.9954321384429932, -1.0]}, "8": {"time": 10.32973337173462, "reward": 0.10524694682754887, "lane_pos": {"dist": -0.08719776836485649, "dot_dir": 0.9997953135368001, "angle_deg": -1.159283352289592, "angle_rad": -0.020233311461010723}, "wheel_vel": [0.006793706417083741, 0.96], "action": [0.007076777517795563, 1.0]}, "9": {"time": 10.339711666107178, "reward": 0.016419334830233834, "lane_pos": {"dist": -0.08998444640010317, "dot_dir": 0.9461985004740388, "angle_deg": -18.87997684375268, "angle_rad": -0.32951775862377125}, "wheel_vel": [0.009216861426830291, 0.9556272697448731], "action": [0.009600897319614887, 0.9954450726509094]}, "10": {"time": 10.349740505218506, "reward": 0.3738303812060155, "lane_pos": {"dist": -0.08998444640010317, "dot_dir": 0.9559452230272119, "angle_deg": 17.07031618406368, "angle_rad": 0.29793322176838566}, "wheel_vel": [0.96, -0.96], "action": [1.0, -1.0]}, "11": {"time": 10.35975956916809, "reward": 0.204828113214988, "lane_pos": {"dist": -0.08639465486117515, "dot_dir": 0.966255113493875, "angle_deg": 14.926930502863645, "angle_rad": 0.26052408449134346}, "wheel_vel": [0.33352764129638673, 0.44799960136413575], "action": [0.34742462635040283, 0.46666625142097473]}, "12": {"time": 10.369622230529785, "reward": 0.09279916848615646, "lane_pos": {"dist": -0.0847325779731618, "dot_dir": 0.9986378040721724, "angle_deg": -2.990933319613553, "angle_rad": -0.0522016341348604}, "wheel_vel": [0.0030593010038137435, 0.96], "action": [0.0031867718789726496, 1.0]}, "13": {"time": 10.379548788070679, "reward": 0.007682000145198764, "lane_pos": {"dist": -0.08803969250967025, "dot_dir": 0.9337924385986334, "angle_deg": -20.966077394818452, "angle_rad": -0.3659270817675371}, "wheel_vel": [1.3024401141592534e-07, 0.96], "action": [1.3567084522492223e-07, 1.0]}, "14": {"time": 10.389536142349243, "reward": 0.33390818283700796, "lane_pos": {"dist": -0.08803969250967025, "dot_dir": 0.9659970914791294, "angle_deg": 14.984215632997902, "angle_rad": 0.26152389862461967}, "wheel_vel": [0.96, -0.96], "action": [1.0, -1.0]}, "15": {"time": 10.399475812911987, "reward": 0.09279918473750062, "lane_pos": {"dist": -0.08637501598150699, "dot_dir": 0.9986378065786443, "angle_deg": -2.9909305672941127, "angle_rad": -0.05220158609782409}, "wheel_vel": [1.6749319797781934e-08, 0.96], "action": [1.7447208122689517e-08, 1.0]}, "16": {"time": 10.409538507461548, "reward": 0.09391061001723999, "lane_pos": {"dist": -0.08803967537122825, "dot_dir": 0.9659969392495249, "angle_deg": 14.984249367305818, "angle_rad": 0.2615244873993637}, "wheel_vel": [7.163624541135505e-06, -0.9599946212768555], "action": [7.462108897016151e-06, -0.9999943971633911]}, "17": {"time": 10.420305967330933, "reward": 0.09279938207389435, "lane_pos": {"dist": -0.08637498958524559, "dot_dir": 0.9986378370138903, "angle_deg": -2.990897146602391, "angle_rad": -0.05220100279671525}, "wheel_vel": [8.543547157667982e-20, 0.96], "action": [8.899528289237481e-20, 1.0]}, "18": {"time": 10.430284261703491, "reward": 0.008037220503447184, "lane_pos": {"dist": -0.0896821331414005, "dot_dir": 0.9345411598125078, "angle_deg": -20.845857860624413, "angle_rad": -0.3638288550706372}, "wheel_vel": [0.005573568642139435, 0.9591547966003418], "action": [0.005805800668895245, 0.9991195797920227]}, "19": {"time": 10.440310955047607, "reward": 0.3361778767696091, "lane_pos": {"dist": -0.0896821331414005, "dot_dir": 0.9654524627832305, "angle_deg": 15.104435167191964, "angle_rad": 0.26362212532151996}, "wheel_vel": [0.96, -0.96], "action": [1.0, -1.0]}, "20": {"time": 10.450145483016968, "reward": 0.2272536516490269, "lane_pos": {"dist": -0.08417168531867159, "dot_dir": 0.9878355642103185, "angle_deg": 8.945916621837139, "angle_rad": 0.15613569965994653}, "wheel_vel": [0.6294013595581055, 0.9583098220825195], "action": [0.6556264162063599, 0.9982393980026245]}, "21": {"time": 10.460116386413574, "reward": 1.2398617933433662, "lane_pos": {"dist": -0.0841716848939319, "dot_dir": 0.7083865456668651, "angle_deg": 44.89620857825126, "angle_rad": 0.7835866613526068}, "wheel_vel": [0.96, -0.9599999427795409], "action": [1.0, -0.9999999403953552]}, "22": {"time": 10.469998598098755, "reward": 0.29589866925207986, "lane_pos": {"dist": -0.09327314948025445, "dot_dir": 0.3665828776250178, "angle_deg": 68.49497179219888, "angle_rad": 1.1954627788345118}, "wheel_vel": [0.30115036010742186, -0.959190559387207], "action": [0.31369829177856445, -0.9991568326950073]}, "23": {"time": 10.480043172836304, "reward": 0.9344687704616812, "lane_pos": {"dist": -0.07954250567871868, "dot_dir": 0.635811187459053, "angle_deg": 50.51982527829071, "angle_rad": 0.8817372886384335}, "wheel_vel": [7.788754669048693e-28, 0.96], "action": [8.113286113592389e-28, 1.0]}, "24": {"time": 10.489939212799072, "reward": 0.48543902660769567, "lane_pos": {"dist": -0.08174988889332258, "dot_dir": 0.5924656419059798, "angle_deg": 53.66782644789086, "angle_rad": 0.9366802739045885}, "wheel_vel": [0.00012319173663854599, -0.16800234317779542], "action": [0.00012832472566515207, -0.17500244081020355]}, "25": {"time": 10.500016450881958, "reward": 0.1127431488267567, "lane_pos": {"dist": -0.08304663965811054, "dot_dir": 0.03398103675771398, "angle_deg": 88.05265511757142, "angle_rad": 1.5368087469246559}, "wheel_vel": [0.8763932418823243, -0.9599998855590821], "action": [0.9129096269607544, -0.9999998807907104]}, "26": {"time": 10.509990453720093, "reward": 0.4295732646804732, "lane_pos": {"dist": -0.06740149224621783, "dot_dir": 0.3407486330638069, "angle_deg": 70.07750860382514,