{"0": {"time": 0.009862661361694336, "reward": 0.641391541948231, "lane_pos": {"dist": -0.021745083090827566, "dot_dir": 0.8389088962255716, "angle_deg": 32.974919519377416, "angle_rad": 0.575520916193282}, "wheel_vel": [0.9532332801818848, -0.9582702255249024], "action": [0.9929513335227966, -0.9981981515884399]}, "1": {"time": 0.019800901412963867, "reward": 0.08565475895538671, "lane_pos": {"dist": -0.02163223266149028, "dot_dir": 0.36478950197310933, "angle_deg": 68.60537112724597, "angle_rad": 1.197389610723096}, "wheel_vel": [0.9558996391296387, -0.9470185661315919], "action": [0.9957287907600403, -0.9864776730537415]}, "2": {"time": 0.02973175048828125, "reward": -0.2490407446456922, "lane_pos": {"dist": -0.2123677673385096, "dot_dir": 0.2513204632332615, "angle_deg": -75.44433584493767, "angle_rad": -1.3167520624745404}, "wheel_vel": [0.96, -0.96], "action": [1.0, -1.0]}, "3": {"time": 0.03953266143798828, "reward": -0.06497730044854699, "lane_pos": {"dist": -0.005772953086899624, "dot_dir": 0.05964580293518279, "angle_deg": 86.58051764115416, "angle_rad": 1.5111151009191743}, "wheel_vel": [2.7575591439554747e-23, 0.96], "action": [2.872457441620286e-23, 1.0]}, "4": {"time": 0.0493617057800293, "reward": -0.046273589535014314, "lane_pos": {"dist": 0.009789375564034586, "dot_dir": 0.36478950197310933, "angle_deg": 68.60537112724597, "angle_rad": 1.197389610723096}, "wheel_vel": [4.2782908893853626e-18, 0.96], "action": [4.456553009776419e-18, 1.0]}, "5": {"time": 0.059166908264160156, "reward": -0.019867395347304362, "lane_pos": {"dist": 0.023535573419164346, "dot_dir": 0.634322793250162, "angle_deg": 50.630224613337795, "angle_rad": 0.8836641205270175}, "wheel_vel": [9.382874175154062e-24, 0.96], "action": [9.773827265785482e-24, 1.0]}, "6": {"time": 0.06896495819091797, "reward": -0.18927916005318662, "lane_pos": {"dist": 0.023535573419164346, "dot_dir": 0.0596458029351828, "angle_deg": 86.58051764115416, "angle_rad": 1.5111151009191743}, "wheel_vel": [0.96, -0.96], "action": [1.0, -1.0]}, "7": {"time": 0.07880449295043945, "reward": -0.170575449139654, "lane_pos": {"dist": 0.039097902070098556, "dot_dir": 0.36478950197310933, "angle_deg": 68.60537112724597, "angle_rad": 1.197389610723096}, "wheel_vel": [3.6520456213774486e-22, 0.96], "action": [3.8042141889348425e-22, 1.0]}, "8": {"time": 0.08866095542907715, "reward": -0.13210700031986283, "lane_pos": {"dist": 0.05284409992522865, "dot_dir": 0.6343227932501568, "angle_deg": 50.630224613338186, "angle_rad": 0.8836641205270243}, "wheel_vel": [2.0322513203524518e-14, 0.96], "action": [2.1169284587004705e-14, 1.0]}, "9": {"time": 0.09862017631530762, "reward": -0.30151876502574515, "lane_pos": {"dist": 0.05284409992522865, "dot_dir": 0.05964580293517616, "angle_deg": 86.58051764115454, "angle_rad": 1.511115100919181}, "wheel_vel": [0.96, -0.96], "action": [1.0, -1.0]}, "10": {"time": 0.10862183570861816, "reward": -0.21681288267286902, "lane_pos": {"dist": 0.0684064285761754, "dot_dir": 0.36478950197287857, "angle_deg": 68.60537112726017, "angle_rad": 1.1973896107233437}, "wheel_vel": [7.379001056018186e-13, 0.96], "action": [7.686459433352277e-13, 1.0]}, "11": {"time": 0.11858868598937988, "reward": -0.13210700031992784, "lane_pos": {"dist": 0.08215262643130705, "dot_dir": 0.6343227932499704, "angle_deg": 50.630224613352, "angle_rad": 0.8836641205272654}, "wheel_vel": [8.316486552385815e-29, 0.96], "action": [8.663006825401889e-29, 1.0]}, "12": {"time": 0.1285841464996338, "reward": -0.3015187650258102, "lane_pos": {"dist": 0.08215262643130705, "dot_dir": 0.05964580293493548, "angle_deg": 86.58051764116836, "angle_rad": 1.5111151009194221}, "wheel_vel": [0.96, -0.96], "action": [1.0, -1.0]}, "13": {"time": 0.13855648040771484, "reward": -0.2173684743809365, "lane_pos": {"dist": 0.09768946586030436, "dot_dir": 0.3642895951880948, "angle_deg": 68.63613027824907, "angle_rad": 1.197926459183218}, "wheel_vel": [1.8579160951048835e-07, 0.9583574295043945], "action": [1.9353292657342536e-07, 0.9982889890670776]}, "14": {"time": 0.14838838577270508, "reward": -0.16029865582813374, "lane_pos": {"dist": 0.11475412065983259, "dot_dir": 0.5686407901183883, "angle_deg": 55.34450179823754, "angle_rad": 0.9659437792551675}, "wheel_vel": [0.22622840881347658, 0.9360954093933105], "action": [0.23565459251403809, 0.9750993847846985]}, "15": {"time": 0.15841054916381836, "reward": -0.30882424363932337, "lane_pos": {"dist": 0.11739275087844436, "dot_dir": 0.03265348400845697, "angle_deg": 88.12876054455175, "angle_rad": 1.538137037204099}, "wheel_vel": [0.9599617767333984, -0.790949592590332], "action": [0.99996018409729, -0.8239058256149292]}}