{"1": {"time": 5.171170234680176, "steps": 500, "reward": 162.10973081976692}, "2": {"time": 10.284797430038452, "steps": 500, "reward": 177.9080958886205}, "3": {"time": 10.729860305786133, "steps": 42, "reward": 8.553607822054902}, "4": {"time": 11.571949243545532, "steps": 82, "reward": 16.189728675981126}, "5": {"time": 12.616687774658203, "steps": 101, "reward": 32.073308755656}, "6": {"time": 13.193360328674316, "steps": 55, "reward": 10.701151971134577}, "7": {"time": 18.301429510116577, "steps": 500, "reward": 196.2421332659207}, "8": {"time": 19.793997526168823, "steps": 146, "reward": 39.76264975465177}, "9": {"time": 21.315269231796265, "steps": 149, "reward": 34.857452223500445}, "10": {"time": 24.02799677848816, "steps": 262, "reward": 73.2778221420127}}