{"0": {"time": 15.712661027908325, "reward": 0.13603351835182942, "lane_pos": {"dist": 0.04508069157851535, "dot_dir": 0.9994561071406497, "angle_deg": 1.8897919509146315, "angle_rad": 0.032983091721147384}, "wheel_vel": [0.9439843940734863, 0.9283455848693847], "action": [0.9833170771598816, 0.9670266509056091]}, "1": {"time": 15.723230600357056, "reward": 0.15002804222150276, "lane_pos": {"dist": 0.0457086892244134, "dot_dir": 0.9999687481789863, "angle_deg": 0.4529772860771233, "angle_rad": 0.00790594507879407}, "wheel_vel": [0.8832352638244628, 0.9599713325500487], "action": [0.9200367331504822, 0.9999701380729675]}, "2": {"time": 15.733749389648438, "reward": 0.08434527370663111, "lane_pos": {"dist": 0.04719660115438995, "dot_dir": 0.9944542743848477, "angle_deg": 6.036952103875241, "angle_rad": 0.10536469099782168}, "wheel_vel": [0.9379996490478516, 0.6397758865356445], "action": [0.9770829677581787, 0.6664332151412964]}, "3": {"time": 15.744616746902466, "reward": 0.3331974230846406, "lane_pos": {"dist": 0.0463984387766494, "dot_dir": 0.9792047012438699, "angle_deg": -11.70511554385904, "angle_rad": -0.20429280556670698}, "wheel_vel": [0.012448060512542724, 0.96], "action": [0.012966729700565338, 1.0]}, "4": {"time": 15.755169868469238, "reward": 0.6910883638302633, "lane_pos": {"dist": 0.04075694778530847, "dot_dir": 0.8894291872796983, "angle_deg": -27.198393763271095, "angle_rad": -0.47470152242297176}, "wheel_vel": [0.09604896783828736, 0.9234996414184571], "action": [0.10005100816488266, 0.9619787931442261]}, "5": {"time": 15.765656471252441, "reward": 0.11107351828229822, "lane_pos": {"dist": 0.04075700612693811, "dot_dir": 0.9883576394858289, "angle_deg": 8.751457846829526, "angle_rad": 0.15274175377666882}, "wheel_vel": [0.9599771118164062, -0.9599993133544922], "action": [0.9999761581420898, -0.9999992847442627]}, "6": {"time": 15.776190280914307, "reward": 0.002983091375166974, "lane_pos": {"dist": 0.04573479907538047, "dot_dir": 0.9003068927342585, "angle_deg": 25.801563717134496, "angle_rad": 0.45032223902710383}, "wheel_vel": [0.9599937057495117, 0.04939742088317871], "action": [0.9999934434890747, 0.05145564675331116]}, "7": {"time": 15.78691577911377, "reward": 0.0696011900380567, "lane_pos": {"dist": 0.050344090765601424, "dot_dir": 0.9906851611699686, "angle_deg": 7.826417203226359, "angle_rad": 0.13659674883102613}, "wheel_vel": [2.2364814022803834e-23, 0.96], "action": [2.3296681273753992e-23, 1.0]}, "8": {"time": 15.797672986984253, "reward": -0.09981057466782545, "lane_pos": {"dist": 0.050344090765601424, "dot_dir": 0.7220415130007136, "angle_deg": 43.7767102310427, "angle_rad": 0.7640477292231826}, "wheel_vel": [0.96, -0.96], "action": [1.0, -1.0]}, "9": {"time": 15.807909488677979, "reward": -0.269222339373708, "lane_pos": {"dist": 0.050344090765601424, "dot_dir": 0.17833849441345948, "angle_deg": 79.72700325885906, "angle_rad": 1.3914987096153395}, "wheel_vel": [0.96, -0.96], "action": [1.0, -1.0]}, "10": {"time": 15.81815791130066, "reward": -0.1845164570207677, "lane_pos": {"dist": 0.06538667469680803, "dot_dir": 0.47329112051554034, "angle_deg": 61.75185674495109, "angle_rad": 1.0777732194192648}, "wheel_vel": [1.0872008046440562e-14, 0.96], "action": [1.1325008381708919e-14, 1.0]}, "11": {"time": 15.828659772872925, "reward": -0.13227039889330822, "lane_pos": {"dist": 0.0816107698139662, "dot_dir": 0.6548296414714732, "angle_deg": 49.093266268249685, "angle_rad": 0.8568391369392268}, "wheel_vel": [0.2543171310424805, 0.9303754234313966], "action": [0.2649136781692505, 0.9691410660743713]}, "12": {"time": 15.838849067687988, "reward": -0.064278694233005, "lane_pos": {"dist": 0.0954780415440204, "dot_dir": 0.8068893249602712, "angle_deg": 36.20688603637227, "angle_rad": 0.6319293732290554}, "wheel_vel": [0.27121582031249997, 0.9594396972656251], "action": [0.2825164794921875, 0.9994163513183594]}, "13": {"time": 15.84894061088562, "reward": -0.23355038325529343, "lane_pos": {"dist": 0.0954780415440204, "dot_dir": 0.30640680896200295, "angle_deg": 72.15717906418863, "angle_rad": 1.2593803536212123}, "wheel_vel": [0.96, -0.96], "action": [1.0, -1.0]}, "14": {"time": 15.860076427459717, "reward": -0.15019057664754232, "lane_pos": {"dist": 0.10994310441130595, "dot_dir": 0.5811621165910187, "angle_deg": 54.4676786951112, "angle_rad": 0.9506403291480592}, "wheel_vel": [0.015255525112152099, 0.96], "action": [0.015891171991825104, 1.0]}, "15": {"time": 15.87041163444519, "reward": -0.14728784923997457, "lane_pos": {"dist": 0.13543897171115793, "dot_dir": 0.5898813315115815, "angle_deg": 53.85141242219596, "angle_rad": 0.9398844536166943}, "wheel_vel": [0.9270815849304199, 0.9599945640563965], "action": [0.9657099843025208, 0.9999943375587463]}}