{"0": {"time": 17.273236513137817, "reward": 0.7932000928830442, "lane_pos": {"dist": -0.132283485312211, "dot_dir": 0.7921446939594244, "angle_deg": 37.61360939757054, "angle_rad": 0.6564813275466868}, "wheel_vel": [0.96, -0.96], "action": [1.0, -1.0]}, "1": {"time": 17.283411264419556, "reward": 0.38299922762203165, "lane_pos": {"dist": -0.1347528351902788, "dot_dir": 0.3406815876926604, "angle_deg": 70.08159449333871, "angle_rad": 1.2231545689562877}, "wheel_vel": [0.7740247535705567, -0.9599953651428222], "action": [0.8062757849693298, -0.9999951720237732]}, "2": {"time": 17.29348635673523, "reward": -0.09483633921818965, "lane_pos": {"dist": -0.1492731807392872, "dot_dir": 0.046484778073717634, "angle_deg": 87.33565828303412, "angle_rad": 1.524294791435603}, "wheel_vel": [0.014853224158287048, -0.906635856628418], "action": [0.015472108498215675, -0.944412350654602]}, "3": {"time": 17.303547382354736, "reward": 0.4436487571389968, "lane_pos": {"dist": -0.13366708288979468, "dot_dir": 0.35248669669121796, "angle_deg": 69.36051176912594, "angle_rad": 1.2105693012395247}, "wheel_vel": [0.0, 0.96], "action": [0.0, 1.0]}, "4": {"time": 17.313593864440918, "reward": -0.24549968549511064, "lane_pos": {"dist": -0.10033207185189619, "dot_dir": 0.2640386724818266, "angle_deg": -74.69016160786262, "angle_rad": -1.3035892389038646}, "wheel_vel": [0.9599483871459962, -0.96], "action": [0.9999462366104126, -1.0]}, "5": {"time": 17.32368040084839, "reward": 0.1414611811984049, "lane_pos": {"dist": -0.11783037288576781, "dot_dir": 0.0465016267796624, "angle_deg": 87.33469187822921, "angle_rad": 1.5242779244898503}, "wheel_vel": [1.9619530409658818e-25, 0.96], "action": [2.0437010843394602e-25, 1.0]}, "6": {"time": 17.333751440048218, "reward": 0.44366772018220907, "lane_pos": {"dist": -0.10222432931988357, "dot_dir": 0.3525024810126873, "angle_deg": 69.35954536432104, "angle_rad": 1.210552434293772}, "wheel_vel": [0.0, 0.96], "action": [0.0, 1.0]}, "7": {"time": 17.343724727630615, "reward": 0.8648189083317224, "lane_pos": {"dist": -0.08837324473144237, "dot_dir": 0.6240923749036933, "angle_deg": 51.38439885041285, "angle_rad": 0.8968269440976935}, "wheel_vel": [0.0, 0.96], "action": [0.0, 1.0]}, "8": {"time": 17.353817462921143, "reward": 0.7285520255801184, "lane_pos": {"dist": -0.07970947357698677, "dot_dir": 0.7939637939476597, "angle_deg": 37.44250734908443, "angle_rad": 0.6534950334436972}, "wheel_vel": [1.4128941984381527e-05, 0.744609775543213], "action": [1.4717647900397424e-05, 0.7756351828575134]}, "9": {"time": 17.363861799240112, "reward": 1.0763634250476948, "lane_pos": {"dist": -0.07632482396536755, "dot_dir": 0.6911535131152139, "angle_deg": 46.278511074615096, "angle_rad": 0.8077123911726927}, "wheel_vel": [0.3882637023925781, -0.08364141225814818], "action": [0.40444135665893555, -0.0871264711022377]}, "10": {"time": 17.37397575378418, "reward": 0.21235542773473437, "lane_pos": {"dist": -0.07735352590945033, "dot_dir": 0.15783619818367645, "angle_deg": 80.91867632202076, "angle_rad": 1.4122973281748374}, "wheel_vel": [0.8900299072265625, -0.96], "action": [0.9271144866943359, -1.0]}, "11": {"time": 17.384092807769775, "reward": 0.5660525928476946, "lane_pos": {"dist": -0.062204881224420916, "dot_dir": 0.45486844690974365, "angle_deg": 62.94352980811257, "angle_rad": 1.098571837978759}, "wheel_vel": [5.762538186355151e-19, 0.96], "action": [6.002643944119949e-19, 1.0]}, "12": {"time": 17.394160509109497, "reward": 1.2357007201643313, "lane_pos": {"dist": -0.049320831847108115, "dot_dir": 0.7074968660727403, "angle_deg": 44.968383294204386, "angle_rad": 0.7848463477826805}, "wheel_vel": [1.5762076291888817e-19, 0.96], "action": [1.6418829470717515e-19, 1.0]}, "13": {"time": 17.40422248840332, "reward": 0.3261466144022337, "lane_pos": {"dist": -0.062199875313090236, "dot_dir": 0.45493708891487583, "angle_deg": 62.93911350757219, "angle_rad": 1.0984947589935716}, "wheel_vel": [5.607708706520498e-05, -0.9597080612182618], "action": [5.841363235958852e-05, -0.999695897102356]}, "14": {"time": 17.41418480873108, "reward": 1.2357090225827172, "lane_pos": {"dist": -0.04931654866278001, "dot_dir": 0.7075513369601764, "angle_deg": 44.96396699366401, "angle_rad": 0.7847692687974932}, "wheel_vel": [1.8444421417939393e-17, 0.96], "action": [1.92129389770202e-17, 1.0]}, "15": {"time": 17.424182653427124, "reward": 0.32012936569829364, "lane_pos": {"dist": -0.060427628307716974, "dot_dir": 0.4235180351447382, "angle_deg": 64.94310413473116, "angle_rad": 1.1334709936166019}, "wheel_vel": [0.12428845882415772, -0.9427388191223144], "action": [0.12946714460849762, -0.9820196032524109]}, "16": {"time": 17.434232473373413, "reward": 1.0219568920241238, "lane_pos": {"dist": -0.04722427787553629, "dot_dir": 0.6824072593051439, "angle_deg": 46.96795762082298, "angle_rad": 0.8197455034205234}, "wheel_vel": [1.298658384024437e-24, 0.96], "action": [1.3527691500254552e-24, 1.0]}, "17": {"time": 17.444197416305542, "reward": 1.1122654755411228, "lane_pos": {"dist": -0.039061793229506314, "dot_dir": 0.8424559778547198, "angle_deg": 32.59961919145432, "angle_rad": 0.5689706897872097}, "wheel_vel": [7.742553343251246e-14, 0.7673709297180177], "action": [8.065159732553381e-14, 0.7993447184562683]}, "18": {"time": 17.454162120819092, "reward": 0.9639833393443771, "lane_pos": {"dist": -0.03828921810288122, "dot_dir": 0.8433051774620869, "angle_deg": 32.50919820086558, "angle_rad": 0.5673925457885213}, "wheel_vel": [0.04065781474113465, 0.04548693537712097], "action": [0.04235189035534859, 0.04738222435116768]}, "19": {"time": 17.46412992477417, "reward": 0.9947970252238043, "lane_pos": {"dist": -0.03940201485210304, "dot_dir": 0.8210796860455143, "angle_deg": 34.80697903596362, "angle_rad": 0.6074963868502069}, "wheel_vel": [0.0011207163333892822, -0.12159703731536865], "action": [0.0011674128472805023, -0.12666358053684235]}, "20": {"time": 17.474199295043945, "reward": 0.5446192211415342, "lane_pos": {"dist": -0.050222366041419275, "dot_dir": 0.6083967339598094, "angle_deg": 52.52633354249875, "angle_rad": 0.91675746431734}, "wheel_vel": [0.00115510493516922, -0.9451837921142578], "action": [0.0012032343074679375, -0.9845664501190186]}, "21": {"time": 17.48431158065796, "reward": 1.2324245125740265, "lane_pos": {"dist": -0.03924598750239183, "dot_dir": 0.8236198425681884, "angle_deg": 34.55118702859057, "angle_rad": 0.6030319741212615}, "wheel_vel": [1.0563247630918138e-18, 0.96], "action": [1.100338294887306e-18, 1.0]}, "22": {"time": 17.494364976882935, "reward": 0.5448354610392675, "lane_pos": {"dist": -0.05021660805545991, "dot_dir": 0.6085089292620065, "angle_deg": 52.51823324261181, "angle_rad": 0.916616087413914}, "wheel_vel": [1.575518290337641e-06, -0.9595658111572265], "action": [1.6411648857683758e-06, -0.9995477199554443]}, "23": {"time": 17.50433087348938, "reward": 1.2323383610214682, "lane_pos": {"dist": -0.03924186267492247, "dot_dir": 0.8237000151548977, "angle_deg": 34.54308672870363, "angle_rad": 0.6028905972178356}, "wheel_vel": [2.6727334073449376e-34, 0.96], "action": [2.784097299317643e-34, 1.0]}, "24": {"time": 17.514527797698975, "reward": 0.6766348091714316, "lane_pos": {"dist": -0.04736942187363247, "dot_dir": 0.6643354971977257, "angle_deg": 48.36863327287244, "angle_rad": 0.8441919053013048}, "wheel_vel": [1.418018619006034e-06, -0.7383805847167969], "action": [1.4771027281312854e-06, -0.7691464424133301]}, "25": {"time": 17.5244882106781, "reward": 0.15003311846196254, "lane_pos": {"dist": -0.047357150790445335, "dot_dir": 0.10286630141036654, "angle_deg": 84.09575107488612, "angle_rad": 1.4677477431943233}, "wheel_vel": [0.9544492721557617, -0.953631591796875], "action": [0.9942179918289185, -0.9933662414550781]}, "26": {"time": 17.534648180007935, "reward": -0.1760440488784607, "lane_pos": {"dist": -0.18664284920955465, "dot_dir": 0.5006957948417483, "angle_deg": -59.953955897297526, "angle_rad": -1.0463939300033132},