{"1": {"time": 13899, "steps": 500, "reward": 391.43125190596453}, "2": {"time": 13904, "steps": 500, "reward": 422.2525117481298}, "3": {"time": 13909, "steps": 500, "reward": 402.87494162491834}, "4": {"time": 13914, "steps": 500, "reward": 416.9871880227053}, "5": {"time": 13920, "steps": 500, "reward": 401.11047649155097}, "6": {"time": 13925, "steps": 500, "reward": 388.96257184947126}, "7": {"time": 13930, "steps": 500, "reward": 395.9841359371271}, "8": {"time": 13935, "steps": 500, "reward": 414.74764644832527}, "9": {"time": 13940, "steps": 500, "reward": 397.51448944784994}, "10": {"time": 13946, "steps": 500, "reward": 399.4639372182653}}