{"0": {"time": 35.14853072166443, "reward": 0.004925541178448067, "lane_pos": {"dist": -0.13566847450389652, "dot_dir": 0.9300908665563571, "angle_deg": -21.551016154802905, "angle_rad": -0.3761361890517987}, "wheel_vel": [0.0034474906325340274, 0.96], "action": [0.0035911360755562782, 1.0]}, "1": {"time": 35.158907890319824, "reward": 0.24443251418230327, "lane_pos": {"dist": -0.13606033548188545, "dot_dir": 0.9848843713264603, "angle_deg": 9.974687828494746, "angle_rad": 0.1740911444658368}, "wheel_vel": [0.9598979187011719, -0.723797721862793], "action": [0.9998936653137207, -0.7539559602737427]}, "2": {"time": 35.16981077194214, "reward": 0.06878103887539566, "lane_pos": {"dist": -0.1357858237374936, "dot_dir": 0.9902669545498045, "angle_deg": -8.000458685386459, "angle_rad": -0.13963434572977085}, "wheel_vel": [1.4402755030284985e-12, 0.96], "action": [1.5002869823213527e-12, 1.0]}, "3": {"time": 35.180190563201904, "reward": 0.5820403854776212, "lane_pos": {"dist": -0.13578592610436013, "dot_dir": 0.8833638244930825, "angle_deg": 27.949159359029576, "angle_rad": 0.487804853979654}, "wheel_vel": [0.9599639511108399, -0.96], "action": [0.9999624490737915, -1.0]}, "4": {"time": 35.19083762168884, "reward": 0.24444681715144062, "lane_pos": {"dist": -0.13060827412654108, "dot_dir": 0.9848864116558935, "angle_deg": 9.974012901563068, "angle_rad": 0.17407936476866862}, "wheel_vel": [3.014384688526661e-09, 0.96], "action": [3.1399840505486054e-09, 1.0]}, "5": {"time": 35.20131468772888, "reward": 0.06890540137956042, "lane_pos": {"dist": -0.13032976488640902, "dot_dir": 0.9903309565446223, "angle_deg": -7.974068142355641, "angle_rad": -0.13917374386249384}, "wheel_vel": [0.001445487588644028, 0.96], "action": [0.0015057162381708622, 1.0]}, "6": {"time": 35.21194767951965, "reward": -0.04069185584276244, "lane_pos": {"dist": -0.13390695474280667, "dot_dir": 0.9212847244767515, "angle_deg": -22.885371564170622, "angle_rad": -0.39942508433706214}, "wheel_vel": [0.006313316971063614, 0.8026824188232423], "action": [0.006576371844857931, 0.836127519607544]}, "7": {"time": 35.22237801551819, "reward": -0.08442476410568839, "lane_pos": {"dist": -0.1424435298446607, "dot_dir": 0.7602728786415542, "angle_deg": -40.51173982512321, "angle_rad": -0.7070632456597118}, "wheel_vel": [0.01862722635269165, 0.96], "action": [0.019403360784053802, 1.0]}, "8": {"time": 35.23316526412964, "reward": -0.055256784415531335, "lane_pos": {"dist": -0.07753773414565074, "dot_dir": -0.5621028742961386, "angle_deg": 124.20135062161995, "angle_rad": 2.167722503771174}, "wheel_vel": [0.17543535232543944, 0.9577238845825196], "action": [0.18274515867233276, 0.9976290464401245]}, "9": {"time": 35.24355506896973, "reward": -0.03541647360070688, "lane_pos": {"dist": -0.1615110482651493, "dot_dir": 0.8683091322829892, "angle_deg": -29.73725964617485, "angle_rad": -0.5190130913461951}, "wheel_vel": [0.9529389953613281, -0.5098326301574707], "action": [0.9926447868347168, -0.531075656414032]}, "10": {"time": 35.25452661514282, "reward": -0.09360342329814247, "lane_pos": {"dist": -0.06278708731973016, "dot_dir": -0.6750690401850332, "angle_deg": 132.45951180036977, "angle_rad": 2.3118546065007344}, "wheel_vel": [3.269708133302629e-05, 0.96], "action": [3.4059459721902385e-05, 1.0]}, "11": {"time": 35.265313148498535, "reward": -0.16063364091266166, "lane_pos": {"dist": -0.18974812145984393, "dot_dir": 0.6669975733687182, "angle_deg": -48.16424313547544, "angle_rad": -0.8406246244451236}, "wheel_vel": [0.7994107818603516, 0.6488521957397462], "action": [0.8327195644378662, 0.6758877038955688]}, "12": {"time": 35.27608942985535, "reward": -0.1515418635370285, "lane_pos": {"dist": -0.026822722791093503, "dot_dir": -0.557670733507524, "angle_deg": 123.89486601289323, "angle_rad": 2.1623733382422063}, "wheel_vel": [0.46467352867126466, 0.9599997138977051], "action": [0.484034925699234, 0.9999997019767761]}, "13": {"time": 35.28673720359802, "reward": -0.007395680942388683, "lane_pos": {"dist": -0.20924956776369935, "dot_dir": 0.912955203032497, "angle_deg": -24.0830123708253, "angle_rad": -0.4203278596694271}, "wheel_vel": [0.9584421157836913, -0.9245739555358887], "action": [0.9983772039413452, -0.963097870349884]}, "14": {"time": 35.29769682884216, "reward": -0.09978217553137153, "lane_pos": {"dist": -0.21813149065287912, "dot_dir": 0.7221142791360808, "angle_deg": -43.77068374711444, "angle_rad": -0.763942547236316}, "wheel_vel": [1.4050361241696864e-17, 0.96], "action": [1.46357929601009e-17, 1.0]}, "15": {"time": 35.30812311172485, "reward": -0.020117362063038796, "lane_pos": {"dist": -0.22682115168033923, "dot_dir": 0.8944528248781402, "angle_deg": -26.561766846625293, "angle_rad": -0.463590286620683}, "wheel_vel": [0.9542788124084473, -0.044201363325119016], "action": [0.9940404295921326, -0.04604308679699898]}, "16": {"time": 35.31876492500305, "reward": -0.11065971337605723, "lane_pos": {"dist": -0.23627006396374425, "dot_dir": 0.693666267575057, "angle_deg": -46.07896896931561, "angle_rad": -0.8042297244388553}, "wheel_vel": [1.1795557278148871e-29, 0.96], "action": [1.2287038831405073e-29, 1.0]}, "17": {"time": 35.33061408996582, "reward": -0.28888073301575956, "lane_pos": {"dist": 0.010158361107194076, "dot_dir": -0.49630922096778024, "angle_deg": 119.75611895755611, "angle_rad": 2.0901385752193535}, "wheel_vel": [2.3819917494341797e-17, 0.96], "action": [2.4812414056606038e-17, 1.0]}, "18": {"time": 35.34141731262207, "reward": -0.26524409377635294, "lane_pos": {"dist": 0.02511896702899442, "dot_dir": -0.19552906809094536, "angle_deg": 101.27563192803832, "angle_rad": 1.7675932291821617}, "wheel_vel": [0.0019901762902736664, 0.9599982833862305], "action": [0.0020731003023684025, 0.9999982118606567]}, "19": {"time": 35.351667404174805, "reward": -0.11955333565329412, "lane_pos": {"dist": -0.2648287916904973, "dot_dir": 0.6695682625189113, "angle_deg": -47.96624816125562, "angle_rad": -0.8371689602425866}, "wheel_vel": [0.9599998855590821, -0.96], "action": [0.9999998807907104, -1.0]}, "20": {"time": 35.36249256134033, "reward": -0.39944585552433653, "lane_pos": {"dist": 0.03771822880747771, "dot_dir": -0.47585273019053853, "angle_deg": 118.41488573503554, "angle_rad": 2.066729639449236}, "wheel_vel": [3.200810816395005e-10, 0.96], "action": [3.3341779337447974e-10, 1.0]}, "21": {"time": 35.373722076416016, "reward": -0.36413271375714296, "lane_pos": {"dist": 0.05277994433877687, "dot_dir": -0.17137218265104504, "angle_deg": 99.86761023729382, "angle_rad": 1.7430186147391726}, "wheel_vel": [5.062128694737281e-15, 0.96], "action": [5.273050723684667e-15, 1.0]}, "22": {"time": 35.384392738342285, "reward": -0.12592233391139956, "lane_pos": {"dist": -0.2937054138186013, "dot_dir": 0.6520898523072194, "angle_deg": -49.30064627571396, "angle_rad": -0.8604586008722886}, "wheel_vel": [0.9596767044067382, -0.96], "action": [0.999663233757019, -1.0]}, "23": {"time": 35.395461082458496, "reward": -0.44465893848375226, "lane_pos": {"dist": 0.06561124002277881, "dot_dir": -0.4533031017272804, "angle_deg": 116.95580585565206, "angle_rad": 2.0412638915043924}, "wheel_vel": [1.7699822977410638e-19, 0.96], "action": [1.8437315601469413e-19, 1.0]}, "24": {"time": 35.40656352043152, "reward": -0.35711327270910465, "lane_pos": {"dist": 0.08079338177903585, "dot_dir": -0.14570383071415413, "angle_deg": 98.37803858324389, "angle_rad": 1.7170206849316236}, "wheel_vel": [5.474592512655363e-08, 0.96], "action": [5.702700534016003e-08, 1.0]}, "25": {"time": 35.41692781448364, "reward": -0.2724073904349138, "lane_pos": {"dist": 0.09672694499952735, "dot_dir": 0.16671897694986648, "angle_deg": 80.40289208604705, "angle_rad": 1.4032951950272128}, "wheel_vel": [8.925030314799187e-10, 0.96], "action": [9.29690657791582e-10, 1.0]}, "26": {"time": 35.42862296104431, "reward": -0.517636582215004, "lane_pos": {"dist": 0.08905090059324597, "dot_dir": -0.2990712445427983, "angle_deg": 107.4018284662448,