{"1": {"time": 19537, "steps": 500, "reward": 390.5286141007668}, "2": {"time": 19542, "steps": 500, "reward": 403.1691014855319}, "3": {"time": 19547, "steps": 500, "reward": 404.3879115763272}, "4": {"time": 19552, "steps": 500, "reward": 390.78469614665477}, "5": {"time": 19557, "steps": 500, "reward": 380.9030118572224}, "6": {"time": 19563, "steps": 500, "reward": 404.439644856339}, "7": {"time": 19568, "steps": 500, "reward": 397.66200034017226}, "8": {"time": 19573, "steps": 500, "reward": 419.6375455181694}, "9": {"time": 19578, "steps": 500, "reward": 411.4245914592092}, "10": {"time": 19583, "steps": 500, "reward": 399.5219093556418}}