{"1": {"time": 0.2865440845489502, "steps": 25, "reward": -2.86683983326746}, "2": {"time": 5.614763259887695, "steps": 500, "reward": 233.02475462434546}, "3": {"time": 7.11118483543396, "steps": 136, "reward": 48.618287617232426}, "4": {"time": 7.763577461242676, "steps": 60, "reward": 22.879005379991085}, "5": {"time": 12.919591665267944, "steps": 479, "reward": 191.2105474083618}, "6": {"time": 13.45044469833374, "steps": 48, "reward": 13.117192959655164}, "7": {"time": 15.162586450576782, "steps": 161, "reward": 44.37295903543055}, "8": {"time": 15.702414512634277, "steps": 50, "reward": 5.419731352184953}, "9": {"time": 15.880523204803467, "steps": 16, "reward": 0.2972231475589639}, "10": {"time": 20.7989444732666, "steps": 459, "reward": 176.9581614248998}}