{"1": {"time": 11391, "steps": 500, "reward": 417.022904338063}, "2": {"time": 11396, "steps": 500, "reward": 447.74883097204537}, "3": {"time": 11401, "steps": 500, "reward": 415.2218756547406}, "4": {"time": 11406, "steps": 500, "reward": 452.44231544088973}, "5": {"time": 11412, "steps": 500, "reward": 425.3161797810483}, "6": {"time": 11417, "steps": 500, "reward": 420.3752405180482}, "7": {"time": 11422, "steps": 500, "reward": 421.8070145058451}, "8": {"time": 11427, "steps": 500, "reward": 442.62287302330685}, "9": {"time": 11432, "steps": 500, "reward": 425.32836454457515}, "10": {"time": 11438, "steps": 500, "reward": 429.5704913586769}}