{"0": {"time": 2.2987141609191895, "reward": 0.023849415570617455, "lane_pos": {"dist": -0.15726560628864916, "dot_dir": 0.9730874686671745, "angle_deg": -13.322745846569967, "angle_rad": -0.2325257804290452}, "wheel_vel": [0.12927530765533446, 0.8805962562561035], "action": [0.13466177880764008, 0.9172877669334412]}, "1": {"time": 2.3087048530578613, "reward": -0.1820641582528134, "lane_pos": {"dist": -0.15763081274300927, "dot_dir": 0.9666501635398579, "angle_deg": -14.838804173640073, "angle_rad": -0.25898598988869564}, "wheel_vel": [0.004550746232271195, 0.08551898717880249], "action": [0.0047403606586158276, 0.0890822783112526]}, "2": {"time": 2.3186898231506348, "reward": -0.04814978740045506, "lane_pos": {"dist": -0.16406780237684015, "dot_dir": 0.8404346805235686, "angle_deg": -32.81395068754822, "angle_rad": -0.5727114800847736}, "wheel_vel": [7.576970705216589e-18, 0.96], "action": [7.892677817933947e-18, 1.0]}, "3": {"time": 2.3286960124969482, "reward": -0.1328556697533963, "lane_pos": {"dist": -0.17468895656832717, "dot_dir": 0.6321767552002905, "angle_deg": -50.78909720145641, "angle_rad": -0.886436970280852}, "wheel_vel": [8.454671202041316e-22, 0.96], "action": [8.806949168793037e-22, 1.0]}, "4": {"time": 2.3386189937591553, "reward": -0.21838325346468396, "lane_pos": {"dist": -0.17799361841574612, "dot_dir": 0.7629080195763795, "angle_deg": -40.27876246475856, "angle_rad": -0.7029970236387433}, "wheel_vel": [0.41977452278137206, -0.14155171394348146], "action": [0.4372651278972626, -0.14744970202445984]}, "5": {"time": 2.3485517501831055, "reward": -0.14594657645756992, "lane_pos": {"dist": -0.19270673011437234, "dot_dir": 0.5960914156521219, "angle_deg": -53.40952418663352, "angle_rad": -0.9321720489803013}, "wheel_vel": [0.2557546806335449, 0.9570302581787109], "action": [0.2664111256599426, 0.9969065189361572]}, "6": {"time": 2.3584883213043213, "reward": -0.14524011415844734, "lane_pos": {"dist": -0.2183958910342888, "dot_dir": 0.5959895399446958, "angle_deg": -53.41679365071488, "angle_rad": -0.9322989250633765}, "wheel_vel": [0.9596048927307129, 0.9599931335449219], "action": [0.9995884299278259, 0.999992847442627]}, "7": {"time": 2.3685660362243652, "reward": -0.22994427989751037, "lane_pos": {"dist": -0.23251763347443954, "dot_dir": 0.31909262935421556, "angle_deg": -71.39194016459999, "angle_rad": -1.2460244152590523}, "wheel_vel": [1.2328449719434255e-12, 0.96], "action": [1.284213512441068e-12, 1.0]}, "8": {"time": 2.3787901401519775, "reward": -0.3146501622504514, "lane_pos": {"dist": -0.24822800154044478, "dot_dir": 0.011046196687443534, "angle_deg": -89.36708667850816, "angle_rad": -1.5597499054551305}, "wheel_vel": [0.0, 0.96], "action": [0.0, 1.0]}, "9": {"time": 2.3888370990753174, "reward": -0.15105820104341178, "lane_pos": {"dist": 0.029993363891845037, "dot_dir": 0.2980785553007975, "angle_deg": 72.65776680758368, "angle_rad": 1.2681172579385847}, "wheel_vel": [6.485761095083497e-37, 0.96], "action": [6.7560011407119755e-37, 1.0]}, "10": {"time": 2.398864984512329, "reward": -0.12692169628404204, "lane_pos": {"dist": 0.044274720697794256, "dot_dir": 0.5781051593389901, "angle_deg": 54.68262029367638, "angle_rad": 0.9543917677425214}, "wheel_vel": [4.844020041853969e-14, 0.96], "action": [5.045854210264551e-14, 1.0]}, "11": {"time": 2.408792495727539, "reward": -0.3156514504400548, "lane_pos": {"dist": -0.27822899765584563, "dot_dir": 0.010071483717200697, "angle_deg": -89.42293673357463, "angle_rad": -1.5607246728034605}, "wheel_vel": [0.9570475959777832, -0.9599696159362793], "action": [0.9969245791435242, -0.9999683499336243]}, "12": {"time": 2.41882586479187, "reward": -0.23564616023693502, "lane_pos": {"dist": 0.05999209565840036, "dot_dir": 0.299008869274071, "angle_deg": 72.60191675251723, "angle_rad": 1.2671424905902546}, "wheel_vel": [0.0, 0.96], "action": [0.0, 1.0]}, "13": {"time": 2.428800106048584, "reward": -0.2302074670815596, "lane_pos": {"dist": -0.29399209565840034, "dot_dir": 0.3181686679495399, "angle_deg": -71.44779021966646, "angle_rad": -1.2469991826073823}, "wheel_vel": [0.96, -0.96], "action": [1.0, -1.0]}, "14": {"time": 2.4387261867523193, "reward": -0.3140654688746918, "lane_pos": {"dist": -0.3110007971640195, "dot_dir": 0.09777883911374823, "angle_deg": -84.3887195564623, "angle_rad": -1.472861007802396}, "wheel_vel": [0.17736157894134522, 0.868498764038086], "action": [0.18475164473056793, 0.9046862125396729]}, "15": {"time": 2.4486491680145264, "reward": -0.25936934978722237, "lane_pos": {"dist": 0.09290760431054079, "dot_dir": 0.21411934022980614, "angle_deg": 77.63613392962952, "angle_rad": 1.3550061555913189}, "wheel_vel": [1.7102898790010918e-21, 0.96], "action": [1.781551957292804e-21, 1.0]}, "16": {"time": 2.45882248878479, "reward": -0.17466346747645417, "lane_pos": {"dist": 0.10774840291574572, "dot_dir": 0.5051153910224949, "angle_deg": 59.66098742467073, "angle_rad": 1.0412806655514366}, "wheel_vel": [4.779611906258197e-10, 0.96], "action": [4.978762402352288e-10, 1.0]}, "17": {"time": 2.4697105884552, "reward": -0.33101467167540355, "lane_pos": {"dist": 0.11661515553677615, "dot_dir": 0.4415143200516816, "angle_deg": 63.799459309156454, "angle_rad": 1.113510625936927}, "wheel_vel": [0.41260354042053227, 0.1915798616409302], "action": [0.42979535460472107, 0.19956235587596893]}}