{"1": {"time": 7675, "steps": 500, "reward": 379.55686148887906}, "2": {"time": 7680, "steps": 500, "reward": 399.94961062723536}, "3": {"time": 7685, "steps": 500, "reward": 372.72165448927694}, "4": {"time": 7690, "steps": 500, "reward": 390.20117790236895}, "5": {"time": 7695, "steps": 500, "reward": 372.3691514899653}, "6": {"time": 7701, "steps": 500, "reward": 378.6068804880819}, "7": {"time": 7706, "steps": 500, "reward": 403.92272667550856}, "8": {"time": 7711, "steps": 500, "reward": 368.7482629373174}, "9": {"time": 7716, "steps": 500, "reward": 343.7385794541824}, "10": {"time": 7721, "steps": 500, "reward": 359.0768365405607}}