{"0": {"time": 8.944979906082153, "reward": -0.07302745647455577, "lane_pos": {"dist": 0.06565711469731639, "dot_dir": 0.7870089826750166, "angle_deg": 38.093131743427826, "angle_rad": 0.6648505713187833}, "wheel_vel": [0.9599995422363281, -0.9599999427795409], "action": [0.9999995231628418, -0.9999999403953552]}, "1": {"time": 8.955024719238281, "reward": 0.011678540319303488, "lane_pos": {"dist": 0.07340795943874312, "dot_dir": 0.9389863305461175, "angle_deg": 20.11798522951965, "angle_rad": 0.351125081122705}, "wheel_vel": [2.099688055971175e-17, 0.96], "action": [2.1871750583033072e-17, 1.0]}, "2": {"time": 8.965099334716797, "reward": -0.26340472624747796, "lane_pos": {"dist": 0.07041533919092835, "dot_dir": 0.870221340491504, "angle_deg": 29.515629116012406, "angle_rad": 0.5151449088719199}, "wheel_vel": [0.036808347702026366, -0.46509232521057126], "action": [0.038342028856277466, -0.4844711720943451]}, "3": {"time": 8.975121974945068, "reward": -0.20201867044137414, "lane_pos": {"dist": 0.07041533227549834, "dot_dir": 0.41523455777296325, "angle_deg": 65.46591142980654, "angle_rad": 1.1425957022691127}, "wheel_vel": [0.9599994277954101, -0.96], "action": [0.9999994039535522, -1.0]}, "4": {"time": 8.985151529312134, "reward": -0.11731264503728595, "lane_pos": {"dist": 0.08369953062097579, "dot_dir": 0.6757090351352458, "angle_deg": 47.49076491589845, "angle_rad": 0.8288702120730359}, "wheel_vel": [4.958483574906899e-15, 0.96], "action": [5.165087057194687e-15, 1.0]}, "5": {"time": 8.995219945907593, "reward": -0.19883314101300478, "lane_pos": {"dist": 0.09914402461617877, "dot_dir": 0.6519291732791327, "angle_deg": 49.31278832169551, "angle_rad": 0.8606705195525952}, "wheel_vel": [0.6682623481750488, 0.5709534072875977], "action": [0.6961066126823425, 0.5947431325912476]}, "6": {"time": 9.005383729934692, "reward": -0.29531095894109455, "lane_pos": {"dist": 0.09914398221338461, "dot_dir": 0.0825817018348498, "angle_deg": 85.26302242238961, "angle_rad": 1.48812047147245}, "wheel_vel": [0.9599970245361329, -0.9599998283386231], "action": [0.9999969005584717, -0.9999998211860657]}, "7": {"time": 9.016314506530762, "reward": -0.2191003644132331, "lane_pos": {"dist": 0.11620848102883441, "dot_dir": 0.35736453820857744, "angle_deg": 69.0615687617862, "angle_rad": 1.2053517614856326}, "wheel_vel": [0.09417694330215455, 0.9594491958618163], "action": [0.09810098260641098, 0.9994262456893921]}}