{"0": {"time": 16.38454508781433, "reward": 0.34938693423551187, "lane_pos": {"dist": 0.0796801814210619, "dot_dir": 0.9622191015189171, "angle_deg": -15.799766844687403, "angle_rad": -0.27575795248723073}, "wheel_vel": [1.248073240276426e-06, 0.9599999427795409], "action": [1.3000762919546105e-06, 0.9999999403953552]}, "1": {"time": 16.394460678100586, "reward": 0.6382628253511178, "lane_pos": {"dist": 0.07334891406812823, "dot_dir": 0.8545535764761409, "angle_deg": -31.289549219846133, "angle_rad": -0.5461056553511381}, "wheel_vel": [7.750422128083302e-08, 0.9599993133544922], "action": [8.073356383420105e-08, 0.9999992847442627]}, "2": {"time": 16.40431571006775, "reward": 0.5616335646393482, "lane_pos": {"dist": 0.05809570692983426, "dot_dir": 0.892481709386292, "angle_deg": -26.813226756456313, "angle_rad": -0.4679790899840024}, "wheel_vel": [0.9344173622131349, 0.96], "action": [0.9733514189720154, 1.0]}, "3": {"time": 16.414243698120117, "reward": 0.5447455243114744, "lane_pos": {"dist": 0.045108842400603866, "dot_dir": 0.9304608340388398, "angle_deg": -21.493235127606795, "angle_rad": -0.37512771988204213}, "wheel_vel": [0.9591827774047852, 0.96], "action": [0.9991487264633179, 1.0]}, "4": {"time": 16.424145460128784, "reward": 0.6664088828897606, "lane_pos": {"dist": 0.0349185815378025, "dot_dir": 0.9422631038399716, "angle_deg": -19.564844109219543, "angle_rad": -0.3414709473452981}, "wheel_vel": [0.8143155670166016, 0.96], "action": [0.84824538230896, 1.0]}, "5": {"time": 16.433971643447876, "reward": 1.1444501229756279, "lane_pos": {"dist": 0.026358283461114018, "dot_dir": 0.8946306873127676, "angle_deg": -26.538967912483923, "angle_rad": -0.4631923701539708}, "wheel_vel": [0.3751435947418213, 0.96], "action": [0.39077457785606384, 1.0]}, "6": {"time": 16.443867921829224, "reward": 0.5080047998042595, "lane_pos": {"dist": 0.02399065286183766, "dot_dir": 0.9999422008743304, "angle_deg": -0.6160278640364568, "angle_rad": -0.010751714511464137}, "wheel_vel": [0.9542459106445312, -0.3398129081726074], "action": [0.9940061569213867, -0.35397177934646606]}, "7": {"time": 16.453892707824707, "reward": 1.1057276426902356, "lane_pos": {"dist": 0.02170096774825863, "dot_dir": 0.9605641572354271, "angle_deg": -16.14436086526673, "angle_rad": -0.28177225272902506}, "wheel_vel": [1.2002428917412545e-09, 0.96], "action": [1.2502530122304734e-09, 1.0]}, "8": {"time": 16.463786840438843, "reward": 0.5639032423452552, "lane_pos": {"dist": 0.015250766860723417, "dot_dir": 0.8500058023236473, "angle_deg": -31.78769951884262, "angle_rad": -0.554800018238421}, "wheel_vel": [1.2153355783084406e-06, 0.96], "action": [1.2659745607379591e-06, 1.0]}, "9": {"time": 16.473716735839844, "reward": 0.1720672023583307, "lane_pos": {"dist": 0.008331358732250879, "dot_dir": 0.7370754064127423, "angle_deg": -42.51712261846468, "angle_rad": -0.7420637781663615}, "wheel_vel": [0.017445344924926758, 0.6700103187561036], "action": [0.018172234296798706, 0.6979274153709412]}, "10": {"time": 16.48357129096985, "reward": 0.02142822183432802, "lane_pos": {"dist": -0.0040435978504877595, "dot_dir": 0.5088941776983061, "angle_deg": -59.409800488496884, "angle_rad": -1.0368966264772062}, "wheel_vel": [1.8613794532208704e-30, 0.96], "action": [1.9389369304384066e-30, 1.0]}, "11": {"time": 16.493439197540283, "reward": 0.07490523899651441, "lane_pos": {"dist": -0.22776390026184765, "dot_dir": -0.11668569738973333, "angle_deg": 96.70086305637307, "angle_rad": 1.687748449853857}, "wheel_vel": [2.3563697279535914e-25, 0.96], "action": [2.454551799951658e-25, 1.0]}, "12": {"time": 16.503328561782837, "reward": 0.26153413764041433, "lane_pos": {"dist": -0.21194367453674715, "dot_dir": 0.192495170622443, "angle_deg": 78.90156455675329, "angle_rad": 1.3770920864902052}, "wheel_vel": [0.0015674886479973794, 0.9521759605407715], "action": [0.00163280067499727, 0.991849958896637]}, "13": {"time": 16.513205528259277, "reward": -0.10759209958811367, "lane_pos": {"dist": -0.034656768401305486, "dot_dir": 0.5115222015709309, "angle_deg": -59.23472388380885, "angle_rad": -1.0338409632821874}, "wheel_vel": [0.9599588012695313, -0.96], "action": [0.9999570846557617, -1.0]}, "14": {"time": 16.523058891296387, "reward": -0.05357656685472975, "lane_pos": {"dist": -0.19606449174736368, "dot_dir": -0.3302823725309315, "angle_deg": 109.28591524501654, "angle_rad": 1.907399047081004}, "wheel_vel": [0.34537425041198727, 0.6832954216003418], "action": [0.35976484417915344, 0.7117660641670227]}, "15": {"time": 16.532853841781616, "reward": 0.09868951991976163, "lane_pos": {"dist": -0.18040619312686687, "dot_dir": -0.036021670532970396, "angle_deg": 92.06433629041088, "angle_rad": 1.6068257919309723}, "wheel_vel": [0.0, 0.96], "action": [0.0, 1.0]}, "16": {"time": 16.542709827423096, "reward": 0.3587089156412858, "lane_pos": {"dist": -0.1645985175919787, "dot_dir": 0.28044085501792454, "angle_deg": 73.71348193270147, "angle_rad": 1.2865429628349938}, "wheel_vel": [8.612266356067267e-08, 0.96], "action": [8.971110787570069e-08, 1.0]}, "17": {"time": 16.55316138267517, "reward": 0.013817363710601577, "lane_pos": {"dist": -0.16459867887636323, "dot_dir": -0.3364969211530028, "angle_deg": 109.66359067933553, "angle_rad": 1.9139907269137701}, "wheel_vel": [0.9599901580810547, -0.96], "action": [0.9999897480010986, -1.0]}, "18": {"time": 16.56301999092102, "reward": 0.0986907635389424, "lane_pos": {"dist": -0.14894912098820914, "dot_dir": -0.03601848443316069, "angle_deg": 92.0641536217989, "angle_rad": 1.606822603762253}, "wheel_vel": [2.1611433219359655e-36, 0.96], "action": [2.251190960349964e-36, 1.0]}, "19": {"time": 16.572885036468506, "reward": 0.35871245556051445, "lane_pos": {"dist": -0.13313469484212656, "dot_dir": 0.28044394226340325, "angle_deg": 73.7132976515192, "angle_rad": 1.2865397465216137}, "wheel_vel": [7.360023547876857e-21, 0.96], "action": [7.666691195705059e-21, 1.0]}, "20": {"time": 16.582772970199585, "reward": 0.6898077925815795, "lane_pos": {"dist": -0.11896019187245523, "dot_dir": 0.5750485833973766, "angle_deg": 54.89696540881584, "angle_rad": 0.9581327957372713}, "wheel_vel": [0.0018587765470147134, 0.9459020805358888], "action": [0.001936225569806993, 0.985314667224884]}, "21": {"time": 16.592684030532837, "reward": 0.10769014535829641, "lane_pos": {"dist": -0.1189601954584625, "dot_dir": -0.014786835625333505, "angle_deg": 90.84725415102334, "angle_rad": 1.585583701331443}, "wheel_vel": [0.9599997711181641, -0.96], "action": [0.9999997615814209, -1.0]}, "22": {"time": 16.60252594947815, "reward": 0.38992620052781346, "lane_pos": {"dist": -0.10320367705635441, "dot_dir": 0.3073300701895628, "angle_deg": 72.10159843223562, "angle_rad": 1.258410288593293}, "wheel_vel": [1.4777731181023405e-30, 0.96], "action": [1.5393469980232715e-30, 1.0]}, "23": {"time": 16.612388134002686, "reward": 0.782194440656472, "lane_pos": {"dist": -0.08908619314337737, "dot_dir": 0.6079189527063245, "angle_deg": 52.560818670342364, "angle_rad": 0.9173593433411823}, "wheel_vel": [8.661179890623316e-07, 0.96], "action": [9.022062386065954e-07, 1.0]}, "24": {"time": 16.622276067733765, "reward": 0.6458079625717718, "lane_pos": {"dist": -0.07840725613262639, "dot_dir": 0.8501644752083246, "angle_deg": 31.770436880845377, "angle_rad": 0.5544987283677892}, "wheel_vel": [1.6529780886489872e-21, 0.96], "action": [1.7218521756760283e-21, 1.0]}, "25": {"time": 16.63215446472168, "reward": 0.5421944406562539, "lane_pos": {"dist": -0.0890861931433749, "dot_dir": 0.6079189527062618, "angle_deg": 52.56081867034688, "angle_rad": 0.9173593433412611}, "wheel_vel": [2.4146762714338796e-13, -0.96], "action": [2.515287782743625e-13, -1.0]}, "26": {"time": 16.64199185371399, "reward": 0.645807962571842, "lane_pos": {"dist": -0.07840725613262327, "dot_dir": 0.8501644752082831, "angle_deg": 31.7704368808499, "angle_rad": 0.5544987283678682}, "wheel_vel": [5.127700455914025e-31, 0.96], "action": [5.34135464157711e-31, 1.0]},