{"1": {"time": 15801, "steps": 70, "reward": 38.765787094517414}, "2": {"time": 15806, "steps": 500, "reward": 439.94972583447253}, "3": {"time": 15811, "steps": 500, "reward": 424.64257071594085}, "4": {"time": 15817, "steps": 500, "reward": 434.13452179400076}, "5": {"time": 15822, "steps": 500, "reward": 448.95864081214637}, "6": {"time": 15827, "steps": 500, "reward": 449.42029579614217}, "7": {"time": 15832, "steps": 500, "reward": 454.35163163633365}, "8": {"time": 15837, "steps": 500, "reward": 457.9319814991211}, "9": {"time": 15842, "steps": 500, "reward": 372.07931337547694}, "10": {"time": 15847, "steps": 500, "reward": 430.07913432137127}}