{"1": {"time": 1.2404284477233887, "steps": 119, "reward": 54.276198256961045}, "2": {"time": 1.3465285301208496, "steps": 9, "reward": -0.6017906662778894}, "3": {"time": 1.713688611984253, "steps": 34, "reward": 4.361556590983683}, "4": {"time": 3.450505495071411, "steps": 171, "reward": 63.451104930537795}, "5": {"time": 4.310697078704834, "steps": 83, "reward": 23.516309482566143}, "6": {"time": 4.5122785568237305, "steps": 19, "reward": -3.1530971288964973}, "7": {"time": 4.715367555618286, "steps": 18, "reward": -2.255567661186483}, "8": {"time": 5.410497188568115, "steps": 68, "reward": 29.921530686588397}, "9": {"time": 6.385337591171265, "steps": 96, "reward": 31.811301833040993}, "10": {"time": 6.6062257289886475, "steps": 21, "reward": -0.477714727657788}}