{"1": {"time": 12024, "steps": 500, "reward": 379.4302695002253}, "2": {"time": 12029, "steps": 500, "reward": 412.2535838112325}, "3": {"time": 12034, "steps": 500, "reward": 447.10691672179894}, "4": {"time": 12039, "steps": 500, "reward": 393.1284391824725}, "5": {"time": 12045, "steps": 500, "reward": 392.0252659171071}, "6": {"time": 12050, "steps": 500, "reward": 386.7577022008741}, "7": {"time": 12055, "steps": 500, "reward": 415.0221987184012}, "8": {"time": 12060, "steps": 500, "reward": 411.8274443724192}, "9": {"time": 12065, "steps": 500, "reward": 408.918422679053}, "10": {"time": 12071, "steps": 500, "reward": 428.17227562544696}}