{"1": {"time": 24301, "steps": 500, "reward": 373.22974860180017}, "2": {"time": 24306, "steps": 500, "reward": 385.94793148570136}, "3": {"time": 24311, "steps": 500, "reward": 374.46691039110794}, "4": {"time": 24317, "steps": 500, "reward": 383.37055227476424}, "5": {"time": 24322, "steps": 500, "reward": 385.1441320432704}, "6": {"time": 24327, "steps": 500, "reward": 381.2573293697935}, "7": {"time": 24332, "steps": 500, "reward": 368.4431440753686}, "8": {"time": 24337, "steps": 500, "reward": 363.00679234252186}, "9": {"time": 24343, "steps": 500, "reward": 370.3473976075835}, "10": {"time": 24348, "steps": 500, "reward": 389.82108526184334}}