{"1": {"time": 4.602474927902222, "steps": 424, "reward": 184.90490821999066}, "2": {"time": 5.279073238372803, "steps": 63, "reward": 9.10834881272142}, "3": {"time": 6.739337921142578, "steps": 135, "reward": 45.00101108780182}, "4": {"time": 8.230973243713379, "steps": 136, "reward": 50.884405714157204}, "5": {"time": 13.742460250854492, "steps": 500, "reward": 183.9880285265322}, "6": {"time": 15.33835220336914, "steps": 149, "reward": 23.54525522386721}, "7": {"time": 17.143181800842285, "steps": 166, "reward": 45.9456418104381}, "8": {"time": 19.6650288105011, "steps": 236, "reward": 79.08340321863821}, "9": {"time": 20.92966866493225, "steps": 118, "reward": 17.13325672257672}, "10": {"time": 21.407512426376343, "steps": 44, "reward": 6.505370056971123}}