{"1": {"time": 0.7872552871704102, "steps": 77, "reward": 29.202730387154254}, "2": {"time": 0.8863420486450195, "steps": 8, "reward": -0.35294891653375626}, "3": {"time": 0.913438081741333, "steps": 2, "reward": -0.041853266018231194}, "4": {"time": 1.6749920845031738, "steps": 77, "reward": 21.300658719558292}, "5": {"time": 2.3654580116271973, "steps": 69, "reward": 23.722155408729996}, "6": {"time": 2.446758508682251, "steps": 7, "reward": 0.48276391171602356}, "7": {"time": 5.887927293777466, "steps": 351, "reward": 153.24544845166986}, "8": {"time": 7.38235878944397, "steps": 151, "reward": 50.8833691898766}, "9": {"time": 8.16314697265625, "steps": 79, "reward": 29.540009909284123}, "10": {"time": 9.119246244430542, "steps": 97, "reward": 24.348228150419164}}