{"1": {"time": 0.8365404605865479, "steps": 81, "reward": 25.731308871869476}, "2": {"time": 2.1910998821258545, "steps": 131, "reward": 47.105858364913615}, "3": {"time": 4.06523585319519, "steps": 182, "reward": 75.12442394678176}, "4": {"time": 4.898226976394653, "steps": 80, "reward": 26.294749985014285}, "5": {"time": 10.080667495727539, "steps": 500, "reward": 136.57909024776663}, "6": {"time": 13.260412693023682, "steps": 309, "reward": 132.82912547755862}, "7": {"time": 14.533317804336548, "steps": 125, "reward": 38.90007433957824}, "8": {"time": 16.79035782814026, "steps": 221, "reward": 70.59461087899277}, "9": {"time": 20.530768156051636, "steps": 361, "reward": 139.43001017397845}, "10": {"time": 20.744187355041504, "steps": 20, "reward": 1.5958724540248235}}