{"0": {"time": 22682, "reward": 0.47138512126819315, "lane_pos": {"dist": -0.26790933928708105, "dot_dir": 0.9268138267072525, "angle_deg": 22.056526460328303, "angle_rad": 0.38495900828597934}, "wheel_vel": [0.96, -0.31969499588012695], "action": [1.0, -0.26641249656677246]}, "1": {"time": 22682, "reward": 0.465110557159718, "lane_pos": {"dist": -0.2558243799336286, "dot_dir": 0.9332956513701786, "angle_deg": 21.045482753201874, "angle_rad": 0.3673129667150539}, "wheel_vel": [0.96, 1.0139968872070313], "action": [1.0, 0.8449974060058594]}, "2": {"time": 22682, "reward": 0.45433894605908776, "lane_pos": {"dist": -0.2443412612710878, "dot_dir": 0.9324205088199539, "angle_deg": 21.18467236586673, "angle_rad": 0.36974228374063123}, "wheel_vel": [0.96, 0.9525662899017333], "action": [1.0, 0.7938052415847778]}, "3": {"time": 22682, "reward": 0.6099138067091708, "lane_pos": {"dist": -0.24622742324449431, "dot_dir": 0.49331430399276593, "angle_deg": 60.441345062997875, "angle_rad": 1.0549004756833325}, "wheel_vel": [0.96, -1.1365840673446654], "action": [1.0, -0.9471533894538879]}, "4": {"time": 22682, "reward": 0.5996613555795478, "lane_pos": {"dist": -0.2187768043729994, "dot_dir": 0.48415863023872135, "angle_deg": 61.04263715059746, "angle_rad": 1.0653950023781353}, "wheel_vel": [0.96, 0.9278867483139037], "action": [1.0, 0.7732389569282532]}, "5": {"time": 22682, "reward": 0.5803982272476662, "lane_pos": {"dist": -0.19149250024706976, "dot_dir": 0.4672521162840564, "angle_deg": 62.1439272097503, "angle_rad": 1.0846161399298355}, "wheel_vel": [0.96, 0.9011833190917968], "action": [1.0, 0.7509860992431641]}, "6": {"time": 22682, "reward": 0.5666217302331652, "lane_pos": {"dist": -0.16370780286179754, "dot_dir": 0.45535686271532216, "angle_deg": 62.912102246817746, "angle_rad": 1.098023323558292}, "wheel_vel": [0.96, 0.9189740180969238], "action": [1.0, 0.7658116817474365]}, "7": {"time": 22682, "reward": 0.5428493796065903, "lane_pos": {"dist": -0.1360875313280152, "dot_dir": 0.43512528881001916, "angle_deg": 64.2067335333292, "angle_rad": 1.1206189021072468}, "wheel_vel": [0.96, 0.8908575296401977], "action": [1.0, 0.7423812747001648]}, "8": {"time": 22682, "reward": 0.49629805760565576, "lane_pos": {"dist": -0.10897208528885916, "dot_dir": 0.39619193679597137, "angle_deg": 66.65966713762197, "angle_rad": 1.1634306698349675}, "wheel_vel": [0.96, 0.8289959907531738], "action": [1.0, 0.6908299922943115]}, "9": {"time": 22682, "reward": -0.24608784566870734, "lane_pos": {"dist": -0.12278675110429482, "dot_dir": 0.2618915769415832, "angle_deg": -74.81766872113201, "angle_rad": -1.3058146578501288}, "wheel_vel": [0.9599991989135743, -1.0973836183547974], "action": [0.9999991655349731, -0.9144863486289978]}, "10": {"time": 22682, "reward": -0.055499410102983426, "lane_pos": {"dist": -0.1195936849665582, "dot_dir": 0.825373836542193, "angle_deg": -34.37358906483861, "angle_rad": -0.5999323049089523}, "wheel_vel": [0.96, -1.2], "action": [1.0, -1.0]}, "11": {"time": 22682, "reward": 0.17962383104156168, "lane_pos": {"dist": -0.11869947463345554, "dot_dir": 0.9950198242447549, "angle_deg": 5.7205840180333904, "angle_rad": 0.09984302625164933}, "wheel_vel": [0.96, -1.1813125133514404], "action": [1.0, -0.9844270944595337]}, "12": {"time": 22682, "reward": 0.32318221418955206, "lane_pos": {"dist": -0.11446252185496286, "dot_dir": 0.9685275979813295, "angle_deg": 14.412795654800846, "angle_rad": 0.2515507385934068}, "wheel_vel": [0.96, 0.49577440023422237], "action": [1.0, 0.4131453335285187]}, "13": {"time": 22682, "reward": 0.3560160256993359, "lane_pos": {"dist": -0.1064365415492996, "dot_dir": 0.960555168134952, "angle_deg": 16.146213025374475, "angle_rad": 0.28180457902117934}, "wheel_vel": [0.96, 0.8674232482910156], "action": [1.0, 0.7228527069091797]}, "14": {"time": 22682, "reward": 0.37836353173056836, "lane_pos": {"dist": -0.09752430323906092, "dot_dir": 0.9547395039365965, "angle_deg": 17.304102585449506, "angle_rad": 0.3020135642189573}, "wheel_vel": [0.96, 0.8981605052947997], "action": [1.0, 0.7484670877456665]}, "15": {"time": 22682, "reward": 0.3805268162303886, "lane_pos": {"dist": -0.08800601111977491, "dot_dir": 0.954159388156313, "angle_deg": 17.41550136370908, "angle_rad": 0.30395783968228596}, "wheel_vel": [0.96, 0.9540505170822143], "action": [1.0, 0.795042097568512]}, "16": {"time": 22682, "reward": 0.3857180982220544, "lane_pos": {"dist": -0.07842899652517321, "dot_dir": 0.9527547179160942, "angle_deg": 17.68242087086427, "angle_rad": 0.3086164639199446}, "wheel_vel": [0.96, 0.9457446098327636], "action": [1.0, 0.7881205081939697]}, "17": {"time": 22682, "reward": 0.38535050664260745, "lane_pos": {"dist": -0.06870906191454784, "dot_dir": 0.9530729945165154, "angle_deg": 17.62228413550372, "angle_rad": 0.30756687988650244}, "wheel_vel": [0.96, 0.9632117271423339], "action": [1.0, 0.8026764392852783]}, "18": {"time": 22682, "reward": 0.37326074398064923, "lane_pos": {"dist": -0.0590436638517251, "dot_dir": 0.9625997516095977, "angle_deg": 15.71946682379041, "angle_rad": 0.27435645273315795}, "wheel_vel": [0.96, 1.0616239070892333], "action": [1.0, 0.8846865892410278]}, "19": {"time": 22682, "reward": 0.33759740707429436, "lane_pos": {"dist": -0.05045438553304571, "dot_dir": 0.9709988552031174, "angle_deg": 13.832491533193204, "angle_rad": 0.24142252100845993}, "wheel_vel": [0.96, 1.0607778310775757], "action": [1.0, 0.8839815258979797]}, "20": {"time": 22682, "reward": 0.4147679998023597, "lane_pos": {"dist": -0.04304277388048128, "dot_dir": 0.9819495961008428, "angle_deg": 10.902761976032386, "angle_rad": 0.1902890940430082}, "wheel_vel": [0.96, 1.116468286514282], "action": [1.0, 0.9303902387619019]}, "21": {"time": 22682, "reward": 0.450208227019617, "lane_pos": {"dist": -0.03749258257716148, "dot_dir": 0.9921358980838079, "angle_deg": 7.1903034540103405, "angle_rad": 0.12549446949000112}, "wheel_vel": [0.96, 1.1582715511322021], "action": [1.0, 0.9652262926101685]}, "22": {"time": 22682, "reward": 0.45893834606082085, "lane_pos": {"dist": -0.033720500903129835, "dot_dir": 0.9947634148686024, "angle_deg": 5.86612637625275, "angle_rad": 0.10238321960369419}, "wheel_vel": [0.96, 1.0307204246520996], "action": [1.0, 0.858933687210083]}, "23": {"time": 22682, "reward": 0.47944123320053633, "lane_pos": {"dist": -0.0312202238304805, "dot_dir": 0.9988469717329272, "angle_deg": 2.7516889873961854, "angle_rad": 0.04802603282093219}, "wheel_vel": [0.96, 1.180597686767578], "action": [1.0, 0.9838314056396484]}, "24": {"time": 22682, "reward": 0.4959215076421169, "lane_pos": {"dist": -0.029348540062496337, "dot_dir": 0.9973379152153131, "angle_deg": 4.181623838912599, "angle_rad": 0.07298310406890983}, "wheel_vel": [0.96, 1.0027875423431396], "action": [1.0, 0.8356562852859497]}, "25": {"time": 22682, "reward": 0.591418635073329, "lane_pos": {"dist": -0.026320207548842497, "dot_dir": 0.9921800500668916, "angle_deg": 7.170064071783721, "angle_rad": 0.12514122563157698}, "wheel_vel": [0.96, 0.9093767881393432], "action": [1.0, 0.7578139901161194]}, "26": {"time": 22682, "reward": 0.693861014242473, "lane_pos": {"dist": -0.02221057284046347, "dot_dir": 0.9945166745879593, "angle_deg": 6.002861016307187, "angle_rad": 0.10476968927417343}, "wheel_vel": [0.96, 1.1999964237213134], "action": [1.0, 0.9999970197677612]}, "27": {"time": 22682, "reward": 0.8020474944406542, "lane_pos": {"dist": -0.018037948987698487, "dot_dir": 0.9880998531721041, "angle_deg": 8.848006104019131, "angle_rad": 0.15442683875168972}, "wheel_vel": [0.96, 0.9953269958496094], "action": [1.0, 0.8294391632080078]}, "28": {"time": 22682, "reward": 1.1736294944872552, "lane_pos": {"dist": -0.012844758144343816, "dot_dir": 0.9895643572561661, "angle_deg": 8.28467802841551, "angle_rad": 0.14459490906348296}, "wheel_vel": [0.9208406639099121, 1.19999942779541], "action": [0.9592090249061584, 0.9999995231628418]}, "29": {"time": 22682, "reward": 1.2035748691934534,