{"1": {"time": 8926, "steps": 500, "reward": 409.64940595023785}, "2": {"time": 8931, "steps": 500, "reward": 466.67598811697775}, "3": {"time": 8936, "steps": 500, "reward": 441.07213647194953}, "4": {"time": 8942, "steps": 500, "reward": 382.02643259627115}, "5": {"time": 8947, "steps": 500, "reward": 432.033178472703}, "6": {"time": 8952, "steps": 500, "reward": 370.8732826127575}, "7": {"time": 8957, "steps": 500, "reward": 392.95753618638753}, "8": {"time": 8962, "steps": 500, "reward": 435.9933350449095}, "9": {"time": 8967, "steps": 500, "reward": 369.48723294283127}, "10": {"time": 8973, "steps": 500, "reward": 416.1332484897619}}