{"0": {"time": 15.355391263961792, "reward": 0.9699740678737866, "lane_pos": {"dist": -0.22363176568070356, "dot_dir": 0.7670739927680308, "angle_deg": 39.90814184721412, "angle_rad": 0.6965284735868181}, "wheel_vel": [0.9594931983947754, -0.96], "action": [0.9994720816612244, -1.0]}, "1": {"time": 15.365707635879517, "reward": -0.4772470771522157, "lane_pos": {"dist": -0.02075106543108954, "dot_dir": -0.6956929990696851, "angle_deg": -134.08246603201803, "angle_rad": -2.3401805014521715}, "wheel_vel": [0.6562808990478516, 0.25160473823547364], "action": [0.6836259365081787, 0.26208826899528503]}, "2": {"time": 15.375876188278198, "reward": -0.25134971152863256, "lane_pos": {"dist": -0.020913979308803277, "dot_dir": -0.17194797371672116, "angle_deg": -99.90109771583938, "angle_rad": -1.7436030814979837}, "wheel_vel": [0.9183305168151856, -0.9071963882446289], "action": [0.9565942883491516, -0.9449962377548218]}, "3": {"time": 15.386000394821167, "reward": -0.1910501469748749, "lane_pos": {"dist": -0.033236357049575886, "dot_dir": 0.2075079024904115, "angle_deg": -78.02365118791114, "angle_rad": -1.3617696076566344}, "wheel_vel": [0.9561928367614746, -0.2122175931930542], "action": [0.9960342049598694, -0.22105999290943146]}, "4": {"time": 15.396124362945557, "reward": -0.03279888945605405, "lane_pos": {"dist": -0.03261416242683395, "dot_dir": 0.7326594278615748, "angle_deg": -42.89019092910828, "angle_rad": -0.7485750485219452}, "wheel_vel": [0.9163924598693848, -0.9599828910827637], "action": [0.9545754790306091, -0.9999821782112122]}, "5": {"time": 15.406282901763916, "reward": -0.16534438873772628, "lane_pos": {"dist": -0.044236397817528667, "dot_dir": 0.5265879942859538, "angle_deg": -58.22479210776744, "angle_rad": -1.016214328569751}, "wheel_vel": [0.03332716584205628, 0.8724274635314941], "action": [0.03471579775214195, 0.9087786078453064]}, "6": {"time": 15.41640830039978, "reward": -0.15187348740856815, "lane_pos": {"dist": -0.06578088901625156, "dot_dir": 0.6096050539528498, "angle_deg": -52.439048729621845, "angle_rad": -0.915234056945651}, "wheel_vel": [0.915029582977295, 0.6583711624145507], "action": [0.9531558156013489, 0.6858032941818237]}, "7": {"time": 15.42658281326294, "reward": -0.10499188738829196, "lane_pos": {"dist": -0.08527101869513504, "dot_dir": 0.7114653798196844, "angle_deg": -44.645731928993776, "angle_rad": -0.7792150191237006}, "wheel_vel": [0.9556554222106934, 0.6062521362304688], "action": [0.9954743981361389, 0.6315126419067383]}, "8": {"time": 15.436758995056152, "reward": 0.04598620233929096, "lane_pos": {"dist": -0.08632062342058813, "dot_dir": 0.9789934017447384, "angle_deg": -11.7646414087823, "angle_rad": -0.20533172789971527}, "wheel_vel": [0.9397738265991211, -0.8047309112548829], "action": [0.9789310693740845, -0.8382613658905029]}, "9": {"time": 15.446888446807861, "reward": 0.4498075232150689, "lane_pos": {"dist": -0.08630637418170345, "dot_dir": 0.9289529825322689, "angle_deg": 21.72781206396329, "angle_rad": 0.3792218597707042}, "wheel_vel": [0.8993606185913087, -0.8893733596801758], "action": [0.9368339776992798, -0.9264305830001831]}, "10": {"time": 15.457040071487427, "reward": 0.16828593155787258, "lane_pos": {"dist": -0.08263471306274549, "dot_dir": 0.9963480173375052, "angle_deg": 4.898174375889255, "angle_rad": 0.08548927019608585}, "wheel_vel": [5.919169401749969e-05, 0.9587430953979492], "action": [6.165801460156217e-05, 0.9986907243728638]}, "11": {"time": 15.467174291610718, "reward": 0.23997474081109338, "lane_pos": {"dist": -0.0800221537078771, "dot_dir": 0.9714421299029063, "angle_deg": 13.725859059369283, "angle_rad": 0.23956143325068582}, "wheel_vel": [0.67815673828125, 0.28303579330444334], "action": [0.7064132690429688, 0.29482895135879517]}, "12": {"time": 15.477425813674927, "reward": 0.09441610432876896, "lane_pos": {"dist": -0.07847268256473718, "dot_dir": 0.998870855008897, "angle_deg": -2.7230358558284413, "angle_rad": -0.04752594133406792}, "wheel_vel": [3.855581889598259e-35, 0.96], "action": [4.0162311349981864e-35, 1.0]}, "13": {"time": 15.487565517425537, "reward": 0.02422922262383273, "lane_pos": {"dist": -0.0814518985777738, "dot_dir": 0.9539550241988686, "angle_deg": -17.454580941525343, "angle_rad": -0.30463990698546906}, "wheel_vel": [0.07124019384384156, 0.9599987411499024], "action": [0.07420853525400162, 0.9999986886978149]}, "14": {"time": 15.497668504714966, "reward": 0.007831334159407677, "lane_pos": {"dist": -0.08991341341775835, "dot_dir": 0.9379158618458986, "angle_deg": -20.295552550603944, "angle_rad": -0.3542242155195719}, "wheel_vel": [0.6200736236572265, 0.9479582405090332], "action": [0.6459100246429443, 0.9874565005302429]}, "15": {"time": 15.507800817489624, "reward": -0.020464149591809422, "lane_pos": {"dist": -0.09909239987493906, "dot_dir": 0.8914921661776001, "angle_deg": -26.93864516573916, "angle_rad": -0.4701680541686019}, "wheel_vel": [0.38965567588806155, 0.9599956512451171], "action": [0.4058913290500641, 0.9999954700469971]}, "16": {"time": 15.517873525619507, "reward": 0.009589275773780437, "lane_pos": {"dist": -0.11186828276524544, "dot_dir": 0.9362967200419189, "angle_deg": -20.561340935981836, "angle_rad": -0.35886309795797566}, "wheel_vel": [0.96, 0.9026482772827149], "action": [1.0, 0.9402586221694946]}, "17": {"time": 15.52875280380249, "reward": 0.3388715735657776, "lane_pos": {"dist": -0.11187248798243377, "dot_dir": 0.9647560359625554, "angle_deg": 15.256813912898684, "angle_rad": 0.2662816361441614}, "wheel_vel": [0.9592426300048827, -0.9537002563476562], "action": [0.9992110729217529, -0.9934377670288086]}, "18": {"time": 15.538801431655884, "reward": 0.35619576715062057, "lane_pos": {"dist": -0.11379585757700578, "dot_dir": 0.8955128801448797, "angle_deg": 26.425616194612644, "angle_rad": 0.4612140094643253}, "wheel_vel": [0.16661489009857178, -0.49343936920166015], "action": [0.17355717718601227, -0.513999342918396]}, "19": {"time": 15.548882722854614, "reward": 0.28572195540792866, "lane_pos": {"dist": -0.10895112858652492, "dot_dir": 0.9705112232435953, "angle_deg": 13.948871086636425, "angle_rad": 0.24345372739804483}, "wheel_vel": [0.005441215485334396, 0.8446677589416505], "action": [0.0056679327972233295, 0.8798622488975525]}, "20": {"time": 15.559161186218262, "reward": 0.11769794473581116, "lane_pos": {"dist": -0.10696256308873651, "dot_dir": 0.9999714091420222, "angle_deg": 0.433263655002776, "angle_rad": 0.0075618773090232435}, "wheel_vel": [0.0035395786911249162, 0.9560576820373535], "action": [0.0036870611365884542, 0.9958934187889099]}, "21": {"time": 15.5692777633667, "reward": 0.02477645164477421, "lane_pos": {"dist": -0.1077181444814808, "dot_dir": 0.9940469473254787, "angle_deg": -6.254940410251037, "angle_rad": -0.10916930467492547}, "wheel_vel": [0.12375871181488038, 0.7510794067382813], "action": [0.12891532480716705, 0.782374382019043]}, "22": {"time": 15.579365253448486, "reward": 0.15877864071429812, "lane_pos": {"dist": -0.10840533079625336, "dot_dir": 0.9972509911681489, "angle_deg": 4.249376755447573, "angle_rad": 0.07416561554027404}, "wheel_vel": [0.8881630325317383, 0.9539730834960938], "action": [0.925169825553894, 0.9937219619750977]}, "23": {"time": 15.589700937271118, "reward": 0.3267461561291357, "lane_pos": {"dist": -0.10317465575053458, "dot_dir": 0.9675750762696854, "angle_deg": 14.63044877558508, "angle_rad": 0.25534950217833263}, "wheel_vel": [0.9121337127685547, 0.957963638305664], "action": [0.9501392841339111, 0.9978787899017334]}, "24": {"time": 15.599806308746338, "reward": 0.46759746365449795, "lane_pos": {"dist": -0.09433787157019732, "dot_dir": 0.9168423210810099, "angle_deg": 23.53126909138528, "angle_rad": 0.41069812281744755}, "wheel_vel": [0.8304800605773927, 0.7655160140991212], "action": [0.8650833964347839, 0.7974125146865845]}, "25": {"time": 15.609944820404053, "reward": 0.2555526271947678, "lane_pos": {"dist": -0.09359408888851158, "dot_dir": 0.9283131373548172,