{"1": {"time": 1.2340259552001953, "steps": 118, "reward": 34.19173626347022}, "2": {"time": 6.387197017669678, "steps": 500, "reward": 231.75646909481313}, "3": {"time": 6.7257654666900635, "steps": 32, "reward": 5.92859402406238}, "4": {"time": 8.935033559799194, "steps": 214, "reward": 35.719968174073784}, "5": {"time": 9.027585744857788, "steps": 8, "reward": -1.3573294222487227}, "6": {"time": 9.922632217407227, "steps": 84, "reward": 27.05033429699643}, "7": {"time": 11.769861221313477, "steps": 179, "reward": 80.6120178556014}, "8": {"time": 16.105232000350952, "steps": 419, "reward": 135.6045641856567}, "9": {"time": 16.352817058563232, "steps": 23, "reward": 7.180885582777845}, "10": {"time": 18.449287176132202, "steps": 203, "reward": 74.83278580633184}}