{"0": {"time": 8.436084270477295, "reward": 0.006589692776574119, "lane_pos": {"dist": -0.3411356495530944, "dot_dir": 0.9323372301550146, "angle_deg": -21.197872217608186, "angle_rad": -0.36997266461429473}, "wheel_vel": [5.103046409306583e-27, 0.96], "action": [5.31567334302769e-27, 1.0]}, "1": {"time": 8.446136474609375, "reward": -0.0844301546325133, "lane_pos": {"dist": -0.349306168827043, "dot_dir": 0.7602599092051097, "angle_deg": -40.51288373044327, "angle_rad": -0.7070832105738779}, "wheel_vel": [2.4654302996867324e-29, 0.96], "action": [2.56815656217368e-29, 1.0]}, "2": {"time": 8.456226825714111, "reward": -0.17546038913091244, "lane_pos": {"dist": -0.3615612440605492, "dot_dir": 0.5025658438330561, "angle_deg": -59.8300994520894, "angle_rad": -1.0442322272346154}, "wheel_vel": [1.124113759942702e-07, 0.96], "action": [1.170951833273648e-07, 1.0]}, "3": {"time": 8.466302633285522, "reward": -0.26438487129213095, "lane_pos": {"dist": -0.3764513557418296, "dot_dir": 0.19593826024581806, "angle_deg": -78.70046064921608, "angle_rad": -1.3735821611650547}, "wheel_vel": [7.835710377021985e-31, 0.96], "action": [8.1621983093979e-31, 1.0]}, "4": {"time": 8.476793766021729, "reward": -0.28605748803334663, "lane_pos": {"dist": 0.13383760537313616, "dot_dir": 0.116678836255937, "angle_deg": 83.29953276135022, "angle_rad": 1.4538511120584452}, "wheel_vel": [3.759619721677155e-07, 0.96], "action": [3.9162705434137024e-07, 1.0]}, "5": {"time": 8.487545251846313, "reward": -0.1796806437696145, "lane_pos": {"dist": -0.392372959127402, "dot_dir": 0.4889938903684558, "angle_deg": -60.72552566180762, "angle_rad": -1.0598603628028516}, "wheel_vel": [0.9599973678588867, -0.9599909591674805], "action": [0.9999972581863403, -0.9999905824661255]}, "6": {"time": 8.498061895370483, "reward": -0.266495103623403, "lane_pos": {"dist": -0.4073365249980283, "dot_dir": 0.18826817580168703, "angle_deg": -79.14826585800847, "angle_rad": -1.3813978364660626}, "wheel_vel": [1.0080364043485446e-11, 0.96], "action": [1.0500379211964006e-11, 1.0]}, "7": {"time": 8.508279800415039, "reward": -0.09708333891752097, "lane_pos": {"dist": -0.4073365249980283, "dot_dir": 0.7289928467809322, "angle_deg": -43.19797283019214, "angle_rad": -0.7539468560739062}, "wheel_vel": [0.96, -0.96], "action": [1.0, -1.0]}, "8": {"time": 8.518537044525146, "reward": 0.07232187236285317, "lane_pos": {"dist": -0.4073364294534719, "dot_dir": 0.9920091227122724, "angle_deg": -7.248105149058206, "angle_rad": -0.12650329938182006}, "wheel_vel": [0.959981803894043, -0.9599954795837403], "action": [0.9999810457229614, -0.9999952912330627]}, "9": {"time": 8.529060125350952, "reward": 0.594746145357305, "lane_pos": {"dist": -0.4073369215790713, "dot_dir": 0.8772972968563473, "angle_deg": 28.681963018999326, "angle_rad": 0.5005946906167912}, "wheel_vel": [0.9593792152404785, -0.9595406341552735], "action": [0.9993533492088318, -0.9995214939117432]}, "10": {"time": 8.539364337921143, "reward": 0.5349011431056074, "lane_pos": {"dist": -0.4073369215790713, "dot_dir": 0.4284265109742159, "angle_deg": 64.63225604681571, "angle_rad": 1.1280456710089484}, "wheel_vel": [0.96, -0.96], "action": [1.0, -1.0]}, "11": {"time": 8.549500942230225, "reward": 0.25340270667500575, "lane_pos": {"dist": 0.14881190313477977, "dot_dir": 0.1823722628718304, "angle_deg": -79.49203199934279, "angle_rad": -1.3873976874892224}, "wheel_vel": [0.96, -0.96], "action": [1.0, -1.0]}, "12": {"time": 8.559607028961182, "reward": 1.2131720328141065, "lane_pos": {"dist": 0.14881190313477977, "dot_dir": 0.7248727243352762, "angle_deg": -43.54173897152641, "angle_rad": -0.7599467070970654}, "wheel_vel": [0.96, -0.96], "action": [1.0, -1.0]}, "13": {"time": 8.570021629333496, "reward": 1.215643299320782, "lane_pos": {"dist": 0.12955429140941413, "dot_dir": 0.6897664309327428, "angle_deg": -46.38837730388937, "angle_rad": -0.8096299186102797}, "wheel_vel": [0.6751960372924805, 0.96], "action": [0.7033292055130005, 1.0]}, "14": {"time": 8.580673217773438, "reward": 0.2522214097241484, "lane_pos": {"dist": 0.12955429140941413, "dot_dir": 0.9834512631853638, "angle_deg": -10.438084276073022, "angle_rad": -0.182178938218123}, "wheel_vel": [0.96, -0.96], "action": [1.0, -1.0]}, "15": {"time": 8.591552019119263, "reward": 0.5454914392643054, "lane_pos": {"dist": 0.12460186887277615, "dot_dir": 0.8992872643777876, "angle_deg": -25.93546110280214, "angle_rad": -0.45265918926681686}, "wheel_vel": [5.206439849286339e-25, 0.96], "action": [5.423374843006603e-25, 1.0]}, "16": {"time": 8.60301661491394, "reward": 0.05928852861859213, "lane_pos": {"dist": 0.12460186887277615, "dot_dir": 0.9847627684196609, "angle_deg": 10.014831925014184, "angle_rad": 0.17479179112533935}, "wheel_vel": [0.96, -0.96], "action": [1.0, -1.0]}, "17": {"time": 8.613395690917969, "reward": 0.17664855223454154, "lane_pos": {"dist": 0.12521543861592255, "dot_dir": 0.9953920590975016, "angle_deg": -5.502473865719745, "angle_rad": -0.09603628596174989}, "wheel_vel": [2.027890688705014e-11, 0.96], "action": [2.112386134067723e-11, 1.0]}, "18": {"time": 8.6236252784729, "reward": -0.037077275667865506, "lane_pos": {"dist": 0.12521384821542542, "dot_dir": 0.8621876436052607, "angle_deg": 30.43689407363122, "angle_rad": 0.5312240156656142}, "wheel_vel": [0.959483585357666, -0.9599329376220703], "action": [0.9994620680809021, -0.9999301433563232]}, "19": {"time": 8.633837461471558, "reward": -0.20635993671316455, "lane_pos": {"dist": 0.12521384821542542, "dot_dir": 0.40055394623692997, "angle_deg": 66.38718710144758, "angle_rad": 1.1586749960577711}, "wheel_vel": [0.96, -0.96], "action": [1.0, -1.0]}, "20": {"time": 8.644123792648315, "reward": -0.2667592703948565, "lane_pos": {"dist": -0.3831007708762679, "dot_dir": 0.18730718639672772, "angle_deg": -79.20432378797838, "angle_rad": -1.3823762319158899}, "wheel_vel": [0.96, -0.96], "action": [1.0, -1.0]}, "21": {"time": 8.654350996017456, "reward": -0.3780560823401546, "lane_pos": {"dist": -0.382964908914245, "dot_dir": 0.3776876401782617, "angle_deg": -67.8094768752583, "angle_rad": -1.1834986355282135}, "wheel_vel": [0.30002494812011715, -0.30854049682617185], "action": [0.31252598762512207, -0.3213963508605957]}, "22": {"time": 8.664440870285034, "reward": -0.22046990718812332, "lane_pos": {"dist": -0.41260109934734424, "dot_dir": 0.35214524540636233, "angle_deg": -69.38141583207477, "angle_rad": -1.2109341459650258}, "wheel_vel": [0.9473278427124023, 0.96], "action": [0.9867998361587524, 1.0]}, "23": {"time": 8.674723625183105, "reward": -0.051058167726560966, "lane_pos": {"dist": -0.4126011030134142, "dot_dir": 0.834548669992003, "angle_deg": -33.43112816126951, "angle_rad": -0.5834832590703508}, "wheel_vel": [0.96, -0.9599997138977051], "action": [1.0, -0.9999997019767761]}, "24": {"time": 8.68549633026123, "reward": 0.1398332588818865, "lane_pos": {"dist": -0.4126011030134142, "dot_dir": 0.9990335754437498, "angle_deg": 2.5191648665470345, "angle_rad": 0.04396772132180931}, "wheel_vel": [0.96, -0.96], "action": [1.0, -1.0]}, "25": {"time": 8.696399927139282, "reward": 0.8531937396301376, "lane_pos": {"dist": -0.41260247970646396, "dot_dir": 0.7829917402690705, "angle_deg": 38.464681583254176, "angle_rad": 0.6713353393590108}, "wheel_vel": [0.9597525215148925, -0.9599923896789551], "action": [0.9997422099113464, -0.9999920725822449]}, "26": {"time": 8.706563472747803, "reward": 0.6741531912985512, "lane_pos": {"dist": -0.39491625498071314, "dot_dir": 0.8321808670733101, "angle_deg": 33.676578098666404, "angle_rad": 0.5877671686267405}, "wheel_vel": [0.8474277877807618, 0.9599991989135743], "action": [0.8827372789382935, 0.9999991655349731]}, "27": {"time": 8.716684579849243, "reward": 0.43843887257655234, "lane_pos": {"dist": -0.39491565979130494, "dot_dir": 0.34814773690001627, "angle_deg": 69.6259357923423, "angle_rad": 1.21520182435854}, "wheel_vel": [0.9599981689453125, -0.9599518775939941],