{"1": {"time": 5.178236246109009, "steps": 500, "reward": 509.17071531216516}, "2": {"time": 10.405148267745972, "steps": 500, "reward": 368.15479297329017}, "3": {"time": 15.651281118392944, "steps": 500, "reward": 304.372181732183}, "4": {"time": 20.82817053794861, "steps": 500, "reward": 490.57113457972014}, "5": {"time": 26.032912969589233, "steps": 500, "reward": 293.07959301185895}, "6": {"time": 31.245440244674683, "steps": 500, "reward": 386.4170560824411}, "7": {"time": 36.479185581207275, "steps": 500, "reward": 508.61005879560645}, "8": {"time": 41.76137566566467, "steps": 500, "reward": 327.12585143469136}, "9": {"time": 46.893550872802734, "steps": 500, "reward": 378.7488084540755}, "10": {"time": 52.045409202575684, "steps": 500, "reward": 487.42225060056114}}