{"1": {"time": 1.3114204406738281, "steps": 125, "reward": 52.3872436666647}, "2": {"time": 2.686807632446289, "steps": 132, "reward": 51.475475450067705}, "3": {"time": 3.4154670238494873, "steps": 70, "reward": 25.25223564285813}, "4": {"time": 5.424808979034424, "steps": 194, "reward": 72.78193893216091}, "5": {"time": 7.878384351730347, "steps": 236, "reward": 94.23205817449244}, "6": {"time": 8.332698583602905, "steps": 41, "reward": 10.811051876887486}, "7": {"time": 8.426154136657715, "steps": 8, "reward": -1.2276316845328794}, "8": {"time": 9.076787948608398, "steps": 61, "reward": 10.89158371909359}, "9": {"time": 9.36211633682251, "steps": 26, "reward": 5.0922015988077085}, "10": {"time": 10.727717161178589, "steps": 127, "reward": 38.6267806188282}}