{"1": {"time": 5.15094518661499, "steps": 500, "reward": 367.9025893466748}, "2": {"time": 10.367100238800049, "steps": 500, "reward": 368.03857300717243}, "3": {"time": 15.585641384124756, "steps": 500, "reward": 360.8029107192163}, "4": {"time": 20.757911920547485, "steps": 500, "reward": 367.54469358698304}, "5": {"time": 25.917213916778564, "steps": 500, "reward": 365.645973690384}, "6": {"time": 31.109286546707153, "steps": 500, "reward": 311.30177039085294}, "7": {"time": 36.29010987281799, "steps": 500, "reward": 349.5706467706485}, "8": {"time": 41.46690559387207, "steps": 500, "reward": 356.72732716854705}, "9": {"time": 46.66397833824158, "steps": 500, "reward": 351.75984876265596}, "10": {"time": 51.88087010383606, "steps": 500, "reward": 363.71374053008407}}