{"1": {"time": 2.442298412322998, "steps": 222, "reward": 71.0194242126417}, "2": {"time": 3.759464740753174, "steps": 115, "reward": 34.07697542620167}, "3": {"time": 4.678938627243042, "steps": 81, "reward": 19.106234330418797}, "4": {"time": 10.207691431045532, "steps": 500, "reward": 200.20599731321616}, "5": {"time": 11.687215328216553, "steps": 134, "reward": 35.13384093299995}, "6": {"time": 14.347487449645996, "steps": 239, "reward": 69.94439451796279}, "7": {"time": 15.639324188232422, "steps": 116, "reward": 50.95920589348168}, "8": {"time": 18.28455662727356, "steps": 238, "reward": 81.13462457122925}, "9": {"time": 23.917190313339233, "steps": 500, "reward": 204.12153124619988}, "10": {"time": 24.75946044921875, "steps": 74, "reward": 33.99193712561612}}