{"0": {"time": 20.939631462097168, "reward": 0.31505894299317777, "lane_pos": {"dist": -0.012321797057451622, "dot_dir": 0.9400841967686675, "angle_deg": -19.93429903365281, "angle_rad": -0.3479191522143654}, "wheel_vel": [0.00011339375982061028, 0.96], "action": [0.00011811849981313571, 1.0]}, "1": {"time": 20.950079441070557, "reward": 0.05495414784564712, "lane_pos": {"dist": -0.020027968294416443, "dot_dir": 0.7889828154413367, "angle_deg": -37.90944462704828, "angle_rad": -0.6616446263444663}, "wheel_vel": [4.9161891411131365e-08, 0.96], "action": [5.121030355326184e-08, 1.0]}, "2": {"time": 20.96012854576111, "reward": -0.07894044164817704, "lane_pos": {"dist": -0.03169857191046699, "dot_dir": 0.5618059617579414, "angle_deg": -55.81921573420581, "angle_rad": -0.9742291004429154}, "wheel_vel": [0.003491509258747101, 0.96], "action": [0.0036369888111948967, 1.0]}, "3": {"time": 20.970149993896484, "reward": 0.08346933331492878, "lane_pos": {"dist": -0.03201286675870163, "dot_dir": 0.9355516757351005, "angle_deg": -20.682544482941392, "angle_rad": -0.36097849891751543}, "wheel_vel": [0.9537444877624511, -0.9228023529052733], "action": [0.99348384141922, -0.9612524509429932]}, "4": {"time": 20.980287790298462, "reward": 0.12103723837321533, "lane_pos": {"dist": -0.028787360223366143, "dot_dir": 0.9988952689498626, "angle_deg": -2.6934312847495177, "angle_rad": -0.04700924409510002}, "wheel_vel": [0.0007459769770503045, -0.9599999427795409], "action": [0.0007770593510940671, -0.9999999403953552]}, "5": {"time": 20.990668535232544, "reward": 0.08509262115193705, "lane_pos": {"dist": -0.032013494049395685, "dot_dir": 0.9356377443775918, "angle_deg": -20.668577595725726, "angle_rad": -0.36073473074934737}, "wheel_vel": [1.0838002708624117e-08, 0.96], "action": [1.1289586154816789e-08, 1.0]}, "6": {"time": 21.00166153907776, "reward": -0.032776863589349725, "lane_pos": {"dist": -0.03989776771283937, "dot_dir": 0.7810441451298855, "angle_deg": -38.64372399357612, "angle_rad": -0.6744602189198353}, "wheel_vel": [6.198306721216796e-09, 0.96], "action": [6.456569501267495e-09, 1.0]}, "7": {"time": 21.01176118850708, "reward": -0.07770724132894011, "lane_pos": {"dist": -0.059730085469908545, "dot_dir": 0.7762122070426138, "angle_deg": -39.08493492871894, "angle_rad": -0.6821608024338807}, "wheel_vel": [0.9364116668701171, 0.9599754524230958], "action": [0.9754288196563721, 0.9999744296073914]}, "8": {"time": 21.02173948287964, "reward": -0.16240698678765414, "lane_pos": {"dist": -0.07158518424690463, "dot_dir": 0.5437592898466234, "angle_deg": -57.0600814426269, "angle_rad": -0.9958862926299553}, "wheel_vel": [1.0400333751766495e-14, 0.96], "action": [1.0833680991423431e-14, 1.0]}, "9": {"time": 21.032716035842896, "reward": -0.24711286914059527, "lane_pos": {"dist": -0.08614742779219497, "dot_dir": 0.25822510268407106, "angle_deg": -75.03522795653507, "angle_rad": -1.3096117828260336}, "wheel_vel": [1.5187519714915904e-35, 0.96], "action": [1.5820333036370732e-35, 1.0]}, "10": {"time": 21.04280662536621, "reward": 0.14537891827960397, "lane_pos": {"dist": -0.13200473639986, "dot_dir": 0.052516775903085566, "angle_deg": 86.98962552955678, "angle_rad": 1.5182553805676815}, "wheel_vel": [0.0, 0.96], "action": [0.0, 1.0]}, "11": {"time": 21.05357575416565, "reward": 0.4504359059651131, "lane_pos": {"dist": -0.11641835914129217, "dot_dir": 0.35813201626715774, "angle_deg": 69.0144790156486, "angle_rad": 1.2045298903716033}, "wheel_vel": [0.0, 0.96], "action": [0.0, 1.0]}, "12": {"time": 21.063994646072388, "reward": 0.8920295228399231, "lane_pos": {"dist": -0.10261496938979908, "dot_dir": 0.6287867172768251, "angle_deg": 51.03933464454486, "angle_rad": 0.8908044375745174}, "wheel_vel": [1.877311409477929e-21, 0.9599998855590821], "action": [1.955532718206176e-21, 0.9999998807907104]}, "13": {"time": 21.074788331985474, "reward": 0.21043536562922854, "lane_pos": {"dist": -0.11641829172721652, "dot_dir": 0.3581305335841655, "angle_deg": 69.01457000214782, "angle_rad": 1.2045314783855894}, "wheel_vel": [4.97376371640712e-06, -0.9599997711181641], "action": [5.181003871257417e-06, -0.9999997615814209]}, "14": {"time": 21.084946393966675, "reward": 0.8920224254352627, "lane_pos": {"dist": -0.10261488785084438, "dot_dir": 0.6287855115522447, "angle_deg": 51.03942348823965, "angle_rad": 0.8908059881895112}, "wheel_vel": [6.757912907017159e-19, 0.96], "action": [7.039492611476207e-19, 1.0]}, "15": {"time": 21.095050811767578, "reward": 0.2162404934595222, "lane_pos": {"dist": -0.11610604183772777, "dot_dir": 0.36219623975430454, "angle_deg": 68.76486396954611, "angle_rad": 1.2001732859545975}, "wheel_vel": [0.003651941567659378, -0.9430119895935059], "action": [0.0038041057996451855, -0.9823041558265686]}, "16": {"time": 21.10551381111145, "reward": 0.9122498222204255, "lane_pos": {"dist": -0.10233746333182081, "dot_dir": 0.6321683673211099, "angle_deg": 50.789717455637955, "angle_rad": 0.8864477957585193}, "wheel_vel": [8.152768373035361e-22, 0.96], "action": [8.492467055245167e-22, 1.0]}, "17": {"time": 21.11593770980835, "reward": 0.15041551800912825, "lane_pos": {"dist": -0.10256176976453624, "dot_dir": 0.06979535901864402, "angle_deg": 85.99776659438402, "angle_rad": 1.500944176433592}, "wheel_vel": [0.9328265762329102, -0.9475323486328124], "action": [0.9716943502426147, -0.9870128631591797]}, "18": {"time": 21.126322031021118, "reward": 0.46984105376899005, "lane_pos": {"dist": -0.08703506671810057, "dot_dir": 0.37424051679189624, "angle_deg": 68.02262008047586, "angle_rad": 1.1872186862375138}, "wheel_vel": [5.596445661383517e-32, 0.96], "action": [5.829630897274497e-32, 1.0]}, "19": {"time": 21.136701345443726, "reward": 0.9738042066985226, "lane_pos": {"dist": -0.07337154702509796, "dot_dir": 0.6421526676350808, "angle_deg": 50.04747356656769, "angle_rad": 0.8734931960414356}, "wheel_vel": [0.0, 0.96], "action": [0.0, 1.0]}, "20": {"time": 21.14766764640808, "reward": 0.4260250506483441, "lane_pos": {"dist": -0.0778291934995834, "dot_dir": 0.538734490851979, "angle_deg": 57.40246835697502, "angle_rad": 1.0018620716010738}, "wheel_vel": [0.030411393642425538, -0.36239736557006835], "action": [0.03167853504419327, -0.37749725580215454]}, "21": {"time": 21.158929109573364, "reward": 0.9300952438255887, "lane_pos": {"dist": -0.06591068119636523, "dot_dir": 0.7724308105229183, "angle_deg": 39.42732184306685, "angle_rad": 0.6881365814049956}, "wheel_vel": [1.5264351626914665e-29, 0.96], "action": [1.590036627803611e-29, 1.0]}, "22": {"time": 21.16952157020569, "reward": 0.3290358626286658, "lane_pos": {"dist": -0.06616897525013199, "dot_dir": 0.25839332321148717, "angle_deg": 75.02525103646391, "angle_rad": 1.3094376527215836}, "wheel_vel": [0.9412248802185059, -0.9599563980102539], "action": [0.9804425835609436, -0.9999545812606812]}, "23": {"time": 21.179999828338623, "reward": 0.6636512871368705, "lane_pos": {"dist": -0.05160783108599132, "dot_dir": 0.5439049610229663, "angle_deg": 57.05013577651123, "angle_rad": 0.9957127080099328}, "wheel_vel": [1.6691823475412092e-06, 0.96], "action": [1.738731612022093e-06, 1.0]}, "24": {"time": 21.192174434661865, "reward": 1.1121982555186147, "lane_pos": {"dist": -0.03975458068539339, "dot_dir": 0.7763216355444938, "angle_deg": 39.07498926260307, "angle_rad": 0.6819872178138547}, "wheel_vel": [4.150962196009396e-20, 0.96], "action": [4.323918954176454e-20, 1.0]}, "25": {"time": 21.202550172805786, "reward": 0.20974200312301594, "lane_pos": {"dist": -0.03617432454668057, "dot_dir": 0.3492070064133803, "angle_deg": 69.56118023891146, "angle_rad": 1.2140716267422207}, "wheel_vel": [0.9478938674926758, -0.6802844238281249], "action": [0.9873894453048706, -0.7086296081542969]}, "26": {"time": 21.21326971054077, "reward": -0.24453660032052832, "lane_pos": {"dist": -0.19782567545331986, "dot_dir": 0.2674313341329255, "angle_deg": -74.48852673327215, "angle_rad": -1.3000700464554151}, "wheel_vel": [0.96, -0.96],