{"0": {"time": 7.825767278671265, "reward": -0.027335438581368887, "lane_pos": {"dist": -0.05677596799169615, "dot_dir": 0.9906509216471645, "angle_deg": -7.840810646289876, "angle_rad": -0.13684796180318284}, "wheel_vel": [9.771227632882074e-07, 0.5725247955322266], "action": [1.0178362117585493e-06, 0.5963799953460693]}, "1": {"time": 7.8360395431518555, "reward": 0.11963618296585338, "lane_pos": {"dist": -0.05831560958605153, "dot_dir": 0.9999450552780411, "angle_deg": 0.600623898836471, "angle_rad": 0.010482864600861758}, "wheel_vel": [0.9576092147827149, 0.5067768859863281], "action": [0.9975095987319946, 0.5278925895690918]}, "2": {"time": 7.846370220184326, "reward": 0.10922339014764632, "lane_pos": {"dist": -0.05807531513718458, "dot_dir": 0.9999342044525683, "angle_deg": -0.6572616062530541, "angle_rad": -0.011471379076062344}, "wheel_vel": [0.9599948501586915, 0.96], "action": [0.9999946355819702, 1.0]}, "3": {"time": 7.856660842895508, "reward": 0.09700966714792916, "lane_pos": {"dist": -0.05881870799109834, "dot_dir": 0.9734728563803359, "angle_deg": 13.226581958511112, "angle_rad": 0.23084740396089892}, "wheel_vel": [0.14290966987609863, -0.5494461250305176], "action": [0.1488642394542694, -0.5723397135734558]}, "4": {"time": 7.8665101528167725, "reward": 0.2151440403674628, "lane_pos": {"dist": -0.052844998847968505, "dot_dir": 0.9898930368510581, "angle_deg": 8.152943529029272, "angle_rad": 0.1422957083107267}, "wheel_vel": [0.9505680084228515, 0.9597991561889648], "action": [0.9901750087738037, 0.9997907876968384]}, "5": {"time": 7.876937627792358, "reward": 0.10216714665430171, "lane_pos": {"dist": -0.0511780839216841, "dot_dir": 0.9996384729576634, "angle_deg": -1.5407107376984897, "angle_rad": -0.026890475193669366}, "wheel_vel": [0.730088996887207, 0.9591202926635742], "action": [0.7605093717575073, 0.9990836381912231]}, "6": {"time": 7.887367010116577, "reward": -0.0019595040247781803, "lane_pos": {"dist": -0.05454965822970161, "dot_dir": 0.9204737673800195, "angle_deg": -23.00455795236167, "angle_rad": -0.401505279234556}, "wheel_vel": [1.1477387488412204e-07, 0.9598584365844727], "action": [1.1955611967096047e-07, 0.9998525381088257]}, "7": {"time": 7.897252321243286, "reward": -0.10251615975492656, "lane_pos": {"dist": -0.06371418235927927, "dot_dir": 0.7150780876371967, "angle_deg": -44.35040090816145, "angle_rad": -0.7740605204269005}, "wheel_vel": [0.05919296622276306, 0.9599914741516113], "action": [0.06165933981537819, 0.9999911189079285]}, "8": {"time": 7.907775640487671, "reward": -0.19234540712816495, "lane_pos": {"dist": -0.07653339910325278, "dot_dir": 0.4475528972359202, "angle_deg": -63.41321155670057, "angle_rad": -1.1067693309281437}, "wheel_vel": [2.996870352944825e-07, 0.96], "action": [3.1217399509841925e-07, 1.0]}, "9": {"time": 7.917975902557373, "reward": 0.027228422331640467, "lane_pos": {"dist": -0.1518017394852194, "dot_dir": -0.2893358377424329, "angle_deg": 106.8181977805074, "angle_rad": 1.8643292523163535}, "wheel_vel": [0.0005544235557317734, 0.96], "action": [0.0005775245372205973, 1.0]}, "10": {"time": 7.927886247634888, "reward": 0.12557336841189848, "lane_pos": {"dist": -0.1360158609436547, "dot_dir": 0.020191192484326576, "angle_deg": 88.84305126659925, "angle_rad": 1.5506037621202753}, "wheel_vel": [0.0, 0.96], "action": [0.0, 1.0]}, "11": {"time": 7.938462018966675, "reward": 0.40812383270528396, "lane_pos": {"dist": -0.12032180265842009, "dot_dir": 0.32274870402943756, "angle_deg": 71.17076343699777, "angle_rad": 1.242164153133607}, "wheel_vel": [0.0, 0.96], "action": [0.0, 1.0]}, "12": {"time": 7.9483277797698975, "reward": 0.702640379267236, "lane_pos": {"dist": -0.10615349138632504, "dot_dir": 0.5824595730869847, "angle_deg": 54.37627749534307, "angle_rad": 0.9490450772718321}, "wheel_vel": [0.0, 0.96], "action": [0.0, 1.0]}, "13": {"time": 7.95860481262207, "reward": 1.0900610782216282, "lane_pos": {"dist": -0.09765220501330153, "dot_dir": 0.7382137332671168, "angle_deg": 42.420525460957876, "angle_rad": 0.7403778397198002}, "wheel_vel": [4.675700581921461e-14, 0.6841160202026367], "action": [4.870521439501521e-14, 0.7126208543777466]}, "14": {"time": 7.96908712387085, "reward": 0.46023135942155424, "lane_pos": {"dist": -0.10532522879144905, "dot_dir": 0.562218996975448, "angle_deg": 55.790604498927934, "angle_rad": 0.9737297401842536}, "wheel_vel": [0.07451150894165039, -0.6851395797729491], "action": [0.07761615514755249, -0.7136870622634888]}, "15": {"time": 7.979057550430298, "reward": 0.1346989468031201, "lane_pos": {"dist": -0.11968752127345099, "dot_dir": 0.29429301993345525, "angle_deg": 72.88485139704028, "angle_rad": 1.2720806317051416}, "wheel_vel": [2.3832695238641217e-20, -0.9599998855590821], "action": [2.482572420691793e-20, -0.9999998807907104]}, "16": {"time": 7.989345550537109, "reward": 0.6816035117129632, "lane_pos": {"dist": -0.10532522721409392, "dot_dir": 0.56221902790398, "angle_deg": 55.79060235612352, "angle_rad": 0.9737297027852614}, "wheel_vel": [0.0, 0.96], "action": [0.0, 1.0]}, "17": {"time": 7.999705076217651, "reward": 0.13469898832555796, "lane_pos": {"dist": -0.11968751945056891, "dot_dir": 0.294293055676242, "angle_deg": 72.88484925423586, "angle_rad": 1.2720805943061493}, "wheel_vel": [2.5660179373410595e-30, -0.9599998855590821], "action": [2.6729353513969367e-30, -0.9999998807907104]}, "18": {"time": 8.009788513183594, "reward": 0.6816035412397814, "lane_pos": {"dist": -0.1053252256367389, "dot_dir": 0.5622190588325114, "angle_deg": 55.790600213319095, "angle_rad": 0.9737296653862689}, "wheel_vel": [0.0, 0.96], "action": [0.0, 1.0]}, "19": {"time": 8.020218849182129, "reward": 0.9152743151388293, "lane_pos": {"dist": -0.0935981557641502, "dot_dir": 0.7743719047098718, "angle_deg": 39.25187805383388, "angle_rad": 0.6850745096307052}, "wheel_vel": [1.60166041496268e-07, 0.9584831428527832], "action": [1.668396265586125e-07, 0.9984199404716492]}, "20": {"time": 8.030452251434326, "reward": 0.5182540601478063, "lane_pos": {"dist": -0.08887441729769673, "dot_dir": 0.8525795986281706, "angle_deg": 31.506640845697895, "angle_rad": 0.549894619000759}, "wheel_vel": [0.023633884191513063, 0.46626500129699705], "action": [0.02461862936615944, 0.48569270968437195]}, "21": {"time": 8.04097843170166, "reward": 0.5671784516442105, "lane_pos": {"dist": -0.08558964354442962, "dot_dir": 0.45596809844553815, "angle_deg": 62.87275929854396, "angle_rad": 1.0973366595734726}, "wheel_vel": [0.9593793296813965, -0.6874266242980958], "action": [0.9993534684181213, -0.7160694003105164]}, "22": {"time": 8.051159381866455, "reward": 1.2377673289232376, "lane_pos": {"dist": -0.07266471290507653, "dot_dir": 0.7019363317355594, "angle_deg": 45.417436652492725, "angle_rad": 0.7926838074019498}, "wheel_vel": [0.0, 0.96], "action": [0.0, 1.0]}, "23": {"time": 8.061475992202759, "reward": 0.2787482068280073, "lane_pos": {"dist": -0.08051408847750358, "dot_dir": 0.33150069942996485, "angle_deg": 70.64011283123762, "angle_rad": 1.2329025528853899}, "wheel_vel": [0.4008757781982422, -0.9599997711181641], "action": [0.41757893562316895, -0.9999997615814209]}, "24": {"time": 8.071744680404663, "reward": 0.760989831698419, "lane_pos": {"dist": -0.06645829261760525, "dot_dir": 0.6028811553666106, "angle_deg": 52.92347491583212, "angle_rad": 0.9236888888778994}, "wheel_vel": [0.0, 0.96], "action": [0.0, 1.0]}, "25": {"time": 8.081749677658081, "reward": 0.7444400733048004, "lane_pos": {"dist": -0.05539231368996056, "dot_dir": 0.7999552958219917, "angle_deg": 36.8741663683696, "angle_rad": 0.6435756120562097}, "wheel_vel": [8.425477062701248e-09, 0.9369049644470215], "action": [8.776538606980466e-09, 0.9759426712989807]}, "26": {"time": 8.092164754867554, "reward": 0.7920506414154969, "lane_pos": {"dist": -0.06347067355569432, "dot_dir": 0.6505269870900896, "angle_deg": 49.41865376663689, "angle_rad": 0.8625182201309113}, "wheel_vel": [0.024873790740966798, -0.724848918914795],