{"0": {"time": 4.3205766677856445, "reward": -0.005367920979350682, "lane_pos": {"dist": -0.34010733713137653, "dot_dir": 0.9154143809602363, "angle_deg": -23.735356666726975, "angle_rad": -0.41426012296957215}, "wheel_vel": [3.066426779696485e-07, 0.96], "action": [3.1941945621838386e-07, 1.0]}, "1": {"time": 4.330546140670776, "reward": -0.0654736661571913, "lane_pos": {"dist": -0.3454399494535513, "dot_dir": 0.9476715240315625, "angle_deg": -18.617396121057343, "angle_rad": -0.32493486046047143}, "wheel_vel": [0.6231057357788086, 0.26364458084106446], "action": [0.6490684747695923, 0.27462977170944214]}, "2": {"time": 4.340634346008301, "reward": -0.07369309052913908, "lane_pos": {"dist": -0.35302210637927783, "dot_dir": 0.785485377322509, "angle_deg": -38.234407961981205, "angle_rad": -0.6673163064873069}, "wheel_vel": [0.0, 0.96], "action": [0.0, 1.0]}, "3": {"time": 4.350630521774292, "reward": -0.16428668999771479, "lane_pos": {"dist": -0.36483098058095975, "dot_dir": 0.5379034766988267, "angle_deg": -57.45896685252936, "angle_rad": -1.0028481563709204}, "wheel_vel": [1.4636983891591627e-09, 0.96], "action": [1.5246858220407944e-09, 1.0]}, "4": {"time": 4.360728979110718, "reward": -0.016751239959926778, "lane_pos": {"dist": -0.3641474448595381, "dot_dir": 0.9224048136977904, "angle_deg": -22.71977939749076, "angle_rad": -0.3965349558129873}, "wheel_vel": [0.895323543548584, -0.9599948501586915], "action": [0.9326286911964417, -0.9999946355819702]}, "5": {"time": 4.370721817016602, "reward": -0.09124369433554752, "lane_pos": {"dist": -0.3726731417255909, "dot_dir": 0.743626235040428, "angle_deg": -41.95876176203097, "angle_rad": -0.7323185428073379}, "wheel_vel": [0.0, 0.96], "action": [0.0, 1.0]}, "6": {"time": 4.380738258361816, "reward": -0.1819685239997466, "lane_pos": {"dist": -0.3851694423627517, "dot_dir": 0.4815828480383741, "angle_deg": -61.21116856500098, "angle_rad": -1.0683364304525198}, "wheel_vel": [6.035076201101959e-28, 0.96], "action": [6.286537709481207e-28, 1.0]}, "7": {"time": 4.3907530307769775, "reward": -0.3509233285726543, "lane_pos": {"dist": -0.3920171150855827, "dot_dir": 0.3404758860466645, "angle_deg": -70.09412973652216, "angle_rad": -1.2233733502223771}, "wheel_vel": [9.54511296004057e-05, 0.45162065505981447], "action": [9.94282600004226e-05, 0.4704381823539734]}, "8": {"time": 4.4007792472839355, "reward": -0.3091699892259371, "lane_pos": {"dist": -0.39553939156481366, "dot_dir": 0.5137555084053242, "angle_deg": -59.08569233880306, "angle_rad": -1.0312398721325022}, "wheel_vel": [0.4111298561096191, -0.17679858684539793], "action": [0.42826026678085327, -0.18416519463062286]}, "9": {"time": 4.410733938217163, "reward": -0.2597227864937019, "lane_pos": {"dist": -0.410524382709427, "dot_dir": 0.2129372450695573, "angle_deg": -77.70546191770075, "angle_rad": -1.356216157246945}, "wheel_vel": [0.011452209055423738, 0.9598930549621583], "action": [0.011929384432733059, 0.9998885989189148]}, "10": {"time": 4.421534538269043, "reward": -0.30765109123121404, "lane_pos": {"dist": -0.42545472679108254, "dot_dir": 0.3204029713318177, "angle_deg": -71.31270337298348, "angle_rad": -1.2446414723566275}, "wheel_vel": [0.6476791763305665, 0.2831663990020752], "action": [0.6746658086776733, 0.294964998960495]}, "11": {"time": 4.431535482406616, "reward": -0.09777279830599625, "lane_pos": {"dist": -0.43050890902153893, "dot_dir": 0.7351991030421422, "angle_deg": -42.675957270961085, "angle_rad": -0.7448359658186848}, "wheel_vel": [0.947402400970459, -0.5820024490356445], "action": [0.9868775010108948, -0.6062525510787964]}, "12": {"time": 4.441648244857788, "reward": -0.1854755886695409, "lane_pos": {"dist": -0.44312440549351334, "dot_dir": 0.47015886344482666, "angle_deg": -61.95539080225523, "angle_rad": -1.0813255588591648}, "wheel_vel": [5.908467261376293e-28, 0.96], "action": [6.154653397266971e-28, 1.0]}, "13": {"time": 4.4516377449035645, "reward": -0.016063823963658352, "lane_pos": {"dist": -0.44312440549351334, "dot_dir": 0.8987550395682489, "angle_deg": -26.005097774438866, "angle_rad": -0.4538745784670079}, "wheel_vel": [0.96, -0.96], "action": [1.0, -1.0]}, "14": {"time": 4.461673259735107, "reward": -0.0900430169476103, "lane_pos": {"dist": -0.4536928092781016, "dot_dir": 0.8765894113879237, "angle_deg": -28.766356313565158, "angle_rad": -0.5020676314735704}, "wheel_vel": [0.6623224639892579, 0.7161317253112793], "action": [0.6899192333221436, 0.7459705471992493]}, "15": {"time": 4.471679925918579, "reward": -0.12002396273841298, "lane_pos": {"dist": -0.46361421890905186, "dot_dir": 0.6682725060177321, "angle_deg": -48.066124401801, "angle_rad": -0.8389121294846172}, "wheel_vel": [3.7732132120844983e-20, 0.96], "action": [3.930430429254686e-20, 1.0]}, "16": {"time": 4.481663942337036, "reward": -0.20890866099284766, "lane_pos": {"dist": -0.477053033837587, "dot_dir": 0.3918868666496205, "angle_deg": -66.92804319170081, "angle_rad": -1.1681147156121534}, "wheel_vel": [0.0, 0.96], "action": [0.0, 1.0]}, "17": {"time": 4.491621971130371, "reward": -0.34664392858991083, "lane_pos": {"dist": 0.2345633421311179, "dot_dir": -0.10715134868638809, "angle_deg": 96.15112917462837, "angle_rad": 1.6781537836076428}, "wheel_vel": [5.0152218318544334e-06, 0.959901123046875], "action": [5.224189408181701e-06, 0.9998970031738281]}, "18": {"time": 4.501714706420898, "reward": -0.26191332720639604, "lane_pos": {"dist": 0.2504782851663132, "dot_dir": 0.204906356355673, "angle_deg": 78.17598270479706, "angle_rad": 1.364428294180851}, "wheel_vel": [2.3540169280522604e-09, 0.96], "action": [2.4521009667211047e-09, 1.0]}}