{"1": {"time": 6448, "steps": 500, "reward": 374.96101213700416}, "2": {"time": 6453, "steps": 500, "reward": 418.5728756251285}, "3": {"time": 6458, "steps": 500, "reward": 354.9956407668807}, "4": {"time": 6464, "steps": 500, "reward": 374.76777617504763}, "5": {"time": 6469, "steps": 500, "reward": 399.429654508902}, "6": {"time": 6474, "steps": 500, "reward": 409.99668204418305}, "7": {"time": 6479, "steps": 500, "reward": 437.19416645056225}, "8": {"time": 6484, "steps": 500, "reward": 413.3864555369471}, "9": {"time": 6490, "steps": 500, "reward": 391.7433871539908}, "10": {"time": 6495, "steps": 500, "reward": 412.9946969218184}}