{"1": {"time": 5.098903656005859, "steps": 500, "reward": 459.3210757733294}, "2": {"time": 10.283448457717896, "steps": 500, "reward": 422.6221911751948}, "3": {"time": 15.52988600730896, "steps": 500, "reward": 437.7251794086411}, "4": {"time": 20.70995044708252, "steps": 500, "reward": 425.98192920130845}, "5": {"time": 25.9562828540802, "steps": 500, "reward": 434.0374990186765}, "6": {"time": 31.093984365463257, "steps": 500, "reward": 460.9974290367231}, "7": {"time": 36.26666879653931, "steps": 500, "reward": 434.9536384751562}, "8": {"time": 41.42341589927673, "steps": 500, "reward": 457.71084686349894}, "9": {"time": 46.60355734825134, "steps": 500, "reward": 432.9405356142922}, "10": {"time": 51.80713486671448, "steps": 500, "reward": 439.48846628977884}}