{"1": {"time": 1.169172763824463, "steps": 104, "reward": 15.831950806419355}, "2": {"time": 6.811611175537109, "steps": 500, "reward": 192.03432929559676}, "3": {"time": 12.58077597618103, "steps": 500, "reward": 160.74734312079184}, "4": {"time": 18.176417350769043, "steps": 500, "reward": 155.0442369988421}, "5": {"time": 23.715664863586426, "steps": 500, "reward": 200.69403992491257}, "6": {"time": 29.54799747467041, "steps": 500, "reward": 78.77054082822887}, "7": {"time": 35.112086057662964, "steps": 500, "reward": 129.01545109678852}, "8": {"time": 40.671142578125, "steps": 500, "reward": 164.91821615284323}, "9": {"time": 40.96992087364197, "steps": 26, "reward": -0.4024679133335589}, "10": {"time": 46.50530123710632, "steps": 500, "reward": 160.36121765328383}}