{"1": {"time": 4047, "steps": 500, "reward": 356.390145382029}, "2": {"time": 4053, "steps": 500, "reward": 348.90898137809677}, "3": {"time": 4058, "steps": 500, "reward": 371.82721629503675}, "4": {"time": 4063, "steps": 500, "reward": 359.66315285256877}, "5": {"time": 4068, "steps": 500, "reward": 356.88965288612883}, "6": {"time": 4073, "steps": 500, "reward": 355.9486021878563}, "7": {"time": 4078, "steps": 500, "reward": 358.21178679387907}, "8": {"time": 4084, "steps": 500, "reward": 347.6551061271773}, "9": {"time": 4089, "steps": 500, "reward": 345.5379809107256}, "10": {"time": 4094, "steps": 500, "reward": 351.67557568247946}}