{"0": {"time": 9.735570907592773, "reward": 0.3122975406274979, "lane_pos": {"dist": 0.07704830998638423, "dot_dir": 0.9707494524585633, "angle_deg": -13.892134072236425, "angle_rad": -0.24246347968901338}, "wheel_vel": [0.005707731842994689, 0.9551692771911621], "action": [0.005945554003119469, 0.9949679970741272]}, "1": {"time": 9.746121168136597, "reward": 0.3274182385361224, "lane_pos": {"dist": 0.06932771879574773, "dot_dir": 0.9675299812130717, "angle_deg": -14.64067459216982, "angle_rad": -0.25552797634644137}, "wheel_vel": [0.9199076271057129, 0.9598849868774414], "action": [0.9582371115684509, 0.9998801946640015]}, "2": {"time": 9.756667852401733, "reward": 0.6586788735190415, "lane_pos": {"dist": 0.06294091270483493, "dot_dir": 0.8423142355474222, "angle_deg": -32.61468988738549, "angle_rad": -0.5692337230517753}, "wheel_vel": [6.035786122083664e-05, 0.9599999427795409], "action": [6.287277210503817e-05, 0.9999999403953552]}, "3": {"time": 9.766985893249512, "reward": 0.09082224032760802, "lane_pos": {"dist": 0.06294091270483493, "dot_dir": 0.9983058540451932, "angle_deg": 3.335603140430878, "angle_rad": 0.058217257340381606}, "wheel_vel": [0.96, -0.96], "action": [1.0, -1.0]}, "4": {"time": 9.777480840682983, "reward": 0.32706805622459983, "lane_pos": {"dist": 0.06137256128929447, "dot_dir": 0.9676190781005425, "angle_deg": -14.620464116822953, "angle_rad": -0.2551752370082454}, "wheel_vel": [0.001018967293202877, 0.96], "action": [0.001061424263752997, 1.0]}, "5": {"time": 9.787980794906616, "reward": -0.09514280583211814, "lane_pos": {"dist": 0.061823061417631386, "dot_dir": 0.9859196320106608, "angle_deg": 9.62621459169987, "angle_rad": 0.16800913912868434}, "wheel_vel": [0.33494939804077145, -0.9599947929382324], "action": [0.34890562295913696, -0.9999945759773254]}, "6": {"time": 9.798243284225464, "reward": -0.10830121332391437, "lane_pos": {"dist": 0.0618226250454218, "dot_dir": 0.6999696375541934, "angle_deg": 45.575431931684584, "angle_rad": 0.7954413452264554}, "wheel_vel": [0.9599425506591798, -0.96], "action": [0.9999401569366455, -1.0]}, "7": {"time": 9.808714389801025, "reward": -0.27769861569459153, "lane_pos": {"dist": 0.0618226250454218, "dot_dir": 0.14736534271827342, "angle_deg": 81.52572495950095, "angle_rad": 1.4228923256186123}, "wheel_vel": [0.96, -0.96], "action": [1.0, -1.0]}, "8": {"time": 9.819132804870605, "reward": -0.19299273334165035, "lane_pos": {"dist": 0.07702278153045516, "dot_dir": 0.44540762673853534, "angle_deg": 63.550578445592784, "angle_rad": 1.1091668354225341}, "wheel_vel": [6.578348908897573e-16, 0.96], "action": [6.852446780101639e-16, 1.0]}, "9": {"time": 9.829745292663574, "reward": -0.12570059254925248, "lane_pos": {"dist": 0.0930496360120241, "dot_dir": 0.6524855706078722, "angle_deg": 49.2707335542127, "angle_rad": 0.8599365253938596}, "wheel_vel": [0.1973550796508789, 0.9599998283386231], "action": [0.20557820796966553, 0.9999998211860657]}, "10": {"time": 9.840091943740845, "reward": -0.2951123513647935, "lane_pos": {"dist": 0.09304963255163534, "dot_dir": 0.08331221621824211, "angle_deg": 85.22102229642016, "angle_rad": 1.4873874309880308}, "wheel_vel": [0.9599997711181641, -0.96], "action": [0.9999997615814209, -1.0]}, "11": {"time": 9.850463390350342, "reward": -0.4876208527489421, "lane_pos": {"dist": -0.33028294252491197, "dot_dir": 0.021201959371391008, "angle_deg": -88.7851261800457, "angle_rad": -1.5495927786404131}, "wheel_vel": [0.25714754104614257, -0.06296653747558593], "action": [0.2678620219230652, -0.06559014320373535]}, "12": {"time": 9.860790491104126, "reward": -0.4766062030211769, "lane_pos": {"dist": -0.31628793126060495, "dot_dir": 0.29561394494603915, "angle_deg": -72.80564415877296, "angle_rad": -1.2706982046059654}, "wheel_vel": [4.392064752698892e-24, -0.8534173965454102], "action": [4.575067450728012e-24, -0.8889764547348022]}, "13": {"time": 9.875027418136597, "reward": -0.3139533066510539, "lane_pos": {"dist": 0.09805921671084661, "dot_dir": 0.013626946229361211, "angle_deg": 89.21920932748766, "angle_rad": 1.5571689587906954}, "wheel_vel": [9.01484137338926e-12, 0.96], "action": [9.390459763947145e-12, 1.0]}, "14": {"time": 9.88743543624878, "reward": -0.47658839103886547, "lane_pos": {"dist": -0.3162909773624206, "dot_dir": 0.2956059454742939, "angle_deg": -72.80612393662622, "angle_rad": -1.2707065783091829}, "wheel_vel": [8.029152872040868e-05, -0.9598940849304198], "action": [8.363700908375904e-05, -0.9998896718025208]}, "15": {"time": 9.898823738098145, "reward": -0.3139510457503898, "lane_pos": {"dist": 0.09806228185864407, "dot_dir": 0.013635319157538755, "angle_deg": 89.2187295494656, "angle_rad": 1.5571605850845318}, "wheel_vel": [9.92646637642777e-20, 0.96], "action": [1.034006914211226e-19, 1.0]}, "16": {"time": 9.90952444076538, "reward": -0.47660846280693675, "lane_pos": {"dist": -0.3162909774182028, "dot_dir": 0.2956059465026217, "angle_deg": -72.80612387495111, "angle_rad": -1.2707065772327493}, "wheel_vel": [3.2938867633447442e-09, -0.96], "action": [3.4311320451507754e-09, -1.0]}, "17": {"time": 9.920363664627075, "reward": -0.3139510575993443, "lane_pos": {"dist": 0.09806228403300654, "dot_dir": 0.013635275276602014, "angle_deg": 89.21873206389184, "angle_rad": 1.5571606289695483}, "wheel_vel": [1.3099426269036485e-07, 0.96], "action": [1.3645235696913005e-07, 1.0]}, "18": {"time": 9.931114912033081, "reward": -0.4766097890403501, "lane_pos": {"dist": -0.3162912211153447, "dot_dir": 0.2956012543886912, "angle_deg": -72.80640528949873, "angle_rad": -1.270711488843168}, "wheel_vel": [2.8994858780606595e-09, -0.9599848365783692], "action": [3.02029778964652e-09, -0.9999842047691345]}, "19": {"time": 9.941781282424927, "reward": -0.31394971994434684, "lane_pos": {"dist": 0.09806253678714294, "dot_dir": 0.01364022909363025, "angle_deg": 89.21844820468516, "angle_rad": 1.5571556746917798}, "wheel_vel": [4.321735769252655e-10, 0.96], "action": [4.5018080929715154e-10, 1.0]}, "20": {"time": 9.952940225601196, "reward": -0.47660978929797, "lane_pos": {"dist": -0.316291221144149, "dot_dir": 0.2956012549196918, "angle_deg": -72.80640525765142, "angle_rad": -1.2707114882873278}, "wheel_vel": [1.2686984263154954e-09, -0.96], "action": [1.3215608607453078e-09, -1.0]}, "21": {"time": 9.964926719665527, "reward": -0.31394972005629074, "lane_pos": {"dist": 0.0980625368076854, "dot_dir": 0.013640228679061806, "angle_deg": 89.2184482284404, "angle_rad": 1.5571556751063869}, "wheel_vel": [1.5272405057051516e-27, 0.96], "action": [1.5908755267761996e-27, 1.0]}, "22": {"time": 9.976104974746704, "reward": -0.47661024916152345, "lane_pos": {"dist": -0.31629130753681023, "dot_dir": 0.29559958960638805, "angle_deg": -72.80650513649378, "angle_rad": -1.27071323150198}, "wheel_vel": [4.4486309889180124e-08, -0.9599946212768555], "action": [4.6339906134562625e-08, -0.9999943971633911]}, "23": {"time": 9.987127780914307, "reward": -0.3139492493991307, "lane_pos": {"dist": 0.09806262716702463, "dot_dir": 0.013641971691536461, "angle_deg": 89.21834835188903, "angle_rad": 1.55715393193172}, "wheel_vel": [1.2235437996110932e-10, 0.96], "action": [1.2745247912615554e-10, 1.0]}, "24": {"time": 9.998240232467651, "reward": -0.4766102602510734, "lane_pos": {"dist": -0.3162913075399455, "dot_dir": 0.2955995896641832, "angle_deg": -72.80650513302746, "angle_rad": -1.2707132314414813}, "wheel_vel": [6.277132147403108e-11, -0.96], "action": [6.538679320211571e-11, -1.0]}, "25": {"time": 10.009048223495483, "reward": -0.3721402344045446, "lane_pos": {"dist": -0.32683222361153763, "dot_dir": 0.08891496131998546, "angle_deg": -84.89881130697184, "angle_rad": -1.4817637883360488}, "wheel_vel": [7.976423788136344e-10, 0.6458147048950195], "action": [8.308774779308692e-10, 0.672723650932312]}, "26": {"time": 10.02019739151001, "reward": -0.25696559904313615, "lane_pos": {"dist": 0.10873004582075074, "dot_dir": 0.2228070427822333, "angle_deg": 77.12604217912,