{"0": {"time": 9.691585779190063, "reward": 0.6808410641357637, "lane_pos": {"dist": -0.11528909174185564, "dot_dir": 0.8275247857536746, "angle_deg": 34.1546930893414, "angle_rad": 0.5961118494171612}, "wheel_vel": [0.9599700164794922, -0.96], "action": [0.9999687671661377, -1.0]}, "1": {"time": 9.701538324356079, "reward": 0.566801050206979, "lane_pos": {"dist": -0.12615294202056182, "dot_dir": 0.6130010756210301, "angle_deg": 52.19318195731997, "angle_rad": 0.910942872247732}, "wheel_vel": [0.0033839026093482973, -0.9599990272521973], "action": [0.003524898551404476, -0.9999989867210388]}, "2": {"time": 9.711564064025879, "reward": 0.4579221817224461, "lane_pos": {"dist": -0.1277833264915964, "dot_dir": 0.5783037228251006, "angle_deg": 54.66867622888307, "angle_rad": 0.9541483979007668}, "wheel_vel": [0.005199273526668549, -0.12700963497161866], "action": [0.0054159099236130714, -0.1323017030954361]}, "3": {"time": 9.721571922302246, "reward": 0.1382257526168749, "lane_pos": {"dist": -0.14192246081233595, "dot_dir": 0.29514636205652484, "angle_deg": 72.83368591394361, "angle_rad": 1.2711876255617314}, "wheel_vel": [0.010140437185764312, -0.9599995994567871], "action": [0.010562955401837826, -0.9999995827674866]}, "4": {"time": 9.731532335281372, "reward": 0.6937991716456035, "lane_pos": {"dist": -0.12761947143300478, "dot_dir": 0.5755971342002715, "angle_deg": 54.85853940003542, "angle_rad": 0.9574621353656527}, "wheel_vel": [4.2242349920426854e-20, 0.96], "action": [4.400244783377797e-20, 1.0]}, "5": {"time": 9.741530179977417, "reward": 0.3918651928361608, "lane_pos": {"dist": -0.13078730983978382, "dot_dir": 0.5132988367015601, "angle_deg": 59.11618549237661, "angle_rad": 1.031772078061677}, "wheel_vel": [0.0003354690223932267, -0.22705295562744143], "action": [0.00034944689832627773, -0.23651349544525146]}, "6": {"time": 9.751455307006836, "reward": 0.055533685091190145, "lane_pos": {"dist": -0.14557096508560718, "dot_dir": 0.2234232436461684, "angle_deg": 77.08982347195621, "angle_rad": 1.3454712393668424}, "wheel_vel": [5.608764754722051e-14, -0.95991943359375], "action": [5.842463286168803e-14, -0.9999160766601562]}, "7": {"time": 9.761449098587036, "reward": 0.6318056167316017, "lane_pos": {"dist": -0.1307861574673428, "dot_dir": 0.5133214322395843, "angle_deg": 59.11467695804802, "angle_rad": 1.0317457491707638}, "wheel_vel": [9.412382148280423e-38, 0.96], "action": [9.804564737792108e-38, 1.0]}, "8": {"time": 9.771433591842651, "reward": -0.37272484973170117, "lane_pos": {"dist": -0.09950516268154042, "dot_dir": 0.012104179723168185, "angle_deg": -89.3064646515794, "angle_rad": -1.558691851485991}, "wheel_vel": [0.7265585517883301, -0.9599759101867675], "action": [0.7568318247795105, -0.9999749064445496]}, "9": {"time": 9.781384944915771, "reward": 0.3779270122514015, "lane_pos": {"dist": -0.11872703410085528, "dot_dir": 0.29706843238670666, "angle_deg": 72.71838883451241, "angle_rad": 1.2691753119077236}, "wheel_vel": [0.0, 0.96], "action": [0.0, 1.0]}, "10": {"time": 9.791205644607544, "reward": 0.6954113174727163, "lane_pos": {"dist": -0.10443820745905974, "dot_dir": 0.5772415037944642, "angle_deg": 54.743242320604246, "angle_rad": 0.9554498217116453}, "wheel_vel": [2.093520189650206e-26, 0.96], "action": [2.1807501975522977e-26, 1.0]}, "11": {"time": 9.801039695739746, "reward": -0.31436557150159505, "lane_pos": {"dist": -0.12956174237853268, "dot_dir": 0.012103132628076933, "angle_deg": -89.3065246501039, "angle_rad": -1.5586928986577897}, "wheel_vel": [0.9599967956542969, -0.96], "action": [0.9999966621398926, -1.0]}, "12": {"time": 9.811019897460938, "reward": 0.37792817660619304, "lane_pos": {"dist": -0.08867045681089936, "dot_dir": 0.29706943228501886, "angle_deg": 72.71832883598796, "angle_rad": 1.2691742647359254}, "wheel_vel": [5.0580223580303685e-28, 0.96], "action": [5.2687732896149665e-28, 1.0]}, "13": {"time": 9.821004390716553, "reward": 0.6954122387975447, "lane_pos": {"dist": -0.07438163755420568, "dot_dir": 0.5772423588868657, "angle_deg": 54.74318232207979, "angle_rad": 0.9554487745398472}, "wheel_vel": [0.0, 0.96], "action": [0.0, 1.0]}, "14": {"time": 9.83096432685852, "reward": 0.7448816165449943, "lane_pos": {"dist": -0.06296666093537961, "dot_dir": 0.8010654298442231, "angle_deg": 36.768035808171625, "angle_rad": 0.641723284343769}, "wheel_vel": [2.046546126681325e-33, 0.96], "action": [2.1318188819597134e-33, 1.0]}, "15": {"time": 9.840786457061768, "reward": 0.475699012330355, "lane_pos": {"dist": -0.06206735192468438, "dot_dir": 0.8186982175134375, "angle_deg": 35.04530814969007, "angle_rad": 0.6116560145880936}, "wheel_vel": [1.8845548038370907e-06, 0.09200773000717163], "action": [1.963077920663636e-06, 0.09584138542413712]}, "16": {"time": 9.850626707077026, "reward": 0.5118986562295098, "lane_pos": {"dist": -0.06263271883535104, "dot_dir": 0.8005566523509139, "angle_deg": 36.81670833616343, "angle_rad": 0.6425727802124952}, "wheel_vel": [0.018397786617279054, -0.07620751619338989], "action": [0.01916436105966568, -0.07938282936811447]}, "17": {"time": 9.860565662384033, "reward": 0.9569727382707316, "lane_pos": {"dist": -0.06858561609972424, "dot_dir": 0.6838270859239632, "angle_deg": 46.85656621971537, "angle_rad": 0.817801356712786}, "wheel_vel": [1.398876862367615e-05, -0.5361854553222656], "action": [1.457163398299599e-05, -0.5585265159606934]}, "18": {"time": 9.870527505874634, "reward": 0.9834573553251282, "lane_pos": {"dist": -0.06814175167494785, "dot_dir": 0.689799657353288, "angle_deg": 46.38574789606895, "angle_rad": 0.8095840267864356}, "wheel_vel": [0.005748138874769211, 0.030893168449401858], "action": [0.005987644661217928, 0.032180383801460266]}, "19": {"time": 9.880541324615479, "reward": 0.42860680214992625, "lane_pos": {"dist": -0.07529493991846437, "dot_dir": 0.5482162146113102, "angle_deg": 56.75527629925881, "angle_rad": 0.9905664393011687}, "wheel_vel": [0.0025910867750644686, -0.5512150955200196], "action": [0.002699048724025488, -0.574182391166687]}, "20": {"time": 9.890405893325806, "reward": 0.8776702370051442, "lane_pos": {"dist": -0.06349665040485064, "dot_dir": 0.7795552246821531, "angle_deg": 38.780129785350624, "angle_rad": 0.6768409491050902}, "wheel_vel": [0.0, 0.96], "action": [0.0, 1.0]}, "21": {"time": 9.900227785110474, "reward": 0.5686548528979133, "lane_pos": {"dist": -0.06285330685989621, "dot_dir": 0.792169765441437, "angle_deg": 37.611255719160575, "angle_rad": 0.6564402481088998}, "wheel_vel": [9.539583970763488e-08, 0.06242624044418335], "action": [9.937066636211966e-08, 0.06502733379602432]}, "22": {"time": 9.910109758377075, "reward": 0.5625481106508962, "lane_pos": {"dist": -0.05526602046915308, "dot_dir": 0.824972454064767, "angle_deg": 34.41430130521106, "angle_rad": 0.600642867549315}, "wheel_vel": [0.3018092823028565, 0.47254926681518555], "action": [0.31438466906547546, 0.4922388195991516]}, "23": {"time": 9.920162200927734, "reward": 0.44395533293747086, "lane_pos": {"dist": -0.054704201065737035, "dot_dir": 0.8355658010554395, "angle_deg": 33.32520069168294, "angle_rad": 0.581634475957759}, "wheel_vel": [0.0011605293676257135, 0.059326207637786864], "action": [0.0012088847579434514, 0.061798132956027985]}, "24": {"time": 9.930129528045654, "reward": 0.37297979370983964, "lane_pos": {"dist": -0.048137410755200616, "dot_dir": 0.9643263941896627, "angle_deg": 15.350083188698976, "angle_rad": 0.26790949209782716}, "wheel_vel": [4.436215448322401e-09, 0.9599984550476075], "action": [4.621057758669167e-09, 0.9999983906745911]}, "25": {"time": 9.939952850341797, "reward": 0.5213656464137402, "lane_pos": {"dist": -0.03966652850390551, "dot_dir": 0.964326691192504, "angle_deg": 15.35001890456562, "angle_rad": 0.2679083701280433}, "wheel_vel": [0.9599965667724609, 0.96], "action": [0.9999964237213135, 1.0]}, "26": {"time": 9.949812889099121, "reward": 0.6159808336309571, "lane_pos": {"dist": -0.03199984214050522, "dot_dir": 0.9714664490542313,