{"0": {"time": 18.297728776931763, "reward": 0.16684386678316446, "lane_pos": {"dist": -0.26534105599812785, "dot_dir": 0.9468521597349392, "angle_deg": 18.76389295259616, "angle_rad": 0.32749171251456327}, "wheel_vel": [4.77158282592427e-07, -0.9252617454528809], "action": [4.970398777004448e-07, -0.9638143181800842]}, "1": {"time": 18.30773091316223, "reward": 0.6983486171486029, "lane_pos": {"dist": -0.2654946292384758, "dot_dir": 0.5824010359867786, "angle_deg": 54.38040347474233, "angle_rad": 0.9491170891972187}, "wheel_vel": [0.9432285690307618, -0.958945083618164], "action": [0.9825297594070435, -0.9989011287689209]}, "2": {"time": 18.317771196365356, "reward": 1.1576286580350303, "lane_pos": {"dist": -0.2475827924176779, "dot_dir": 0.6785901194556684, "angle_deg": 47.26643199799055, "angle_rad": 0.8249548640349369}, "wheel_vel": [0.503657341003418, 0.88359375], "action": [0.524643063545227, 0.92041015625]}, "3": {"time": 18.327728033065796, "reward": 0.20652214075306866, "lane_pos": {"dist": -0.24736010495689964, "dot_dir": 0.13904088556105554, "angle_deg": 82.00764976024126, "angle_rad": 1.4313035001385483}, "wheel_vel": [0.9352211380004883, -0.9202056884765625], "action": [0.9741886854171753, -0.9585475921630859]}, "4": {"time": 18.337788581848145, "reward": 0.546085682783235, "lane_pos": {"dist": -0.2321202688897459, "dot_dir": 0.43786120060328504, "angle_deg": 64.0325032463331, "angle_rad": 1.1175780099424704}, "wheel_vel": [7.341198978469236e-16, 0.96], "action": [7.647082269238788e-16, 1.0]}, "5": {"time": 18.347769260406494, "reward": 0.006897008464936435, "lane_pos": {"dist": -0.2454854426466131, "dot_dir": 0.17567867015630723, "angle_deg": 79.88184507333018, "angle_rad": 1.3942012090976228}, "wheel_vel": [0.0001941965986043215, -0.8462727928161622], "action": [0.0002022881235461682, -0.8815341591835022]}, "6": {"time": 18.357736587524414, "reward": 0.06486737705920759, "lane_pos": {"dist": 0.01148544264661322, "dot_dir": 0.43573603379444037, "angle_deg": -64.16786189885346, "angle_rad": -1.1199404641000135}, "wheel_vel": [0.96, -0.96], "action": [1.0, -1.0]}, "7": {"time": 18.367746114730835, "reward": 0.5670934087397652, "lane_pos": {"dist": 0.011488343740336249, "dot_dir": 0.8811206214817041, "angle_deg": -28.222159829561573, "angle_rad": -0.49256961104993113}, "wheel_vel": [0.9597548103332519, -0.96], "action": [0.9997445940971375, -1.0]}, "8": {"time": 18.37770962715149, "reward": 0.564529806615046, "lane_pos": {"dist": 0.011541387207156029, "dot_dir": 0.9916866456800172, "angle_deg": 7.393108937408435, "angle_rad": 0.12903409291639656}, "wheel_vel": [0.9421073341369629, -0.96], "action": [0.9813618063926697, -1.0]}, "9": {"time": 18.387660264968872, "reward": 0.7503034392035433, "lane_pos": {"dist": 0.0124031190370274, "dot_dir": 0.9985939386471585, "angle_deg": -3.0387198728197724, "angle_rad": -0.05303566682648837}, "wheel_vel": [0.40286653518676757, 0.96], "action": [0.41965264081954956, 1.0]}, "10": {"time": 18.397616624832153, "reward": 0.6518227509115162, "lane_pos": {"dist": 0.009082996991918502, "dot_dir": 0.9334947029696118, "angle_deg": -21.0137011889823, "angle_rad": -0.3667582737779883}, "wheel_vel": [8.822728414088488e-06, 0.96], "action": [9.190342098008841e-06, 1.0]}, "11": {"time": 18.40761685371399, "reward": 0.4681103033884086, "lane_pos": {"dist": 0.009082996991918502, "dot_dir": 0.9662116648926256, "angle_deg": 14.936591838834058, "angle_rad": 0.26069270661416855}, "wheel_vel": [0.96, -0.96], "action": [1.0, -1.0]}, "12": {"time": 18.417520999908447, "reward": 0.8466839570210262, "lane_pos": {"dist": 0.010734500875470898, "dot_dir": 0.9985940919960448, "angle_deg": -3.038554123912706, "angle_rad": -0.05303277396232848}, "wheel_vel": [2.943591994153394e-08, 0.96], "action": [3.066241660576452e-08, 1.0]}, "13": {"time": 18.4274845123291, "reward": 0.6282774517329672, "lane_pos": {"dist": 0.007414020504254437, "dot_dir": 0.9335460718819302, "angle_deg": -21.005491921761546, "angle_rad": -0.36661499503581013}, "wheel_vel": [0.0004384035151451826, 0.96], "action": [0.0004566703282762319, 1.0]}, "14": {"time": 18.437493801116943, "reward": 0.49711284007998113, "lane_pos": {"dist": 0.007414020504254437, "dot_dir": 0.9661747248915681, "angle_deg": 14.944801106054802, "angle_rad": 0.26083598535634656}, "wheel_vel": [0.96, -0.96], "action": [1.0, -1.0]}, "15": {"time": 18.447453498840332, "reward": 0.047243223218644964, "lane_pos": {"dist": 0.007412932558278906, "dot_dir": 0.6307732182032777, "angle_deg": 50.89280776152782, "angle_rad": 0.8882470610231856}, "wheel_vel": [0.9598778915405274, -0.96], "action": [0.9998728036880493, -1.0]}, "16": {"time": 18.457406044006348, "reward": 0.086530689418445, "lane_pos": {"dist": 0.018055570462537585, "dot_dir": 0.8394523927965871, "angle_deg": 32.91766124761964, "angle_rad": 0.5745215708271072}, "wheel_vel": [1.0722903435341505e-22, 0.96], "action": [1.1169691078480733e-22, 1.0]}, "17": {"time": 18.467369318008423, "reward": 0.21268756142154857, "lane_pos": {"dist": 0.024518934199301068, "dot_dir": 0.9661850150860661, "angle_deg": 14.942514733711453, "angle_rad": 0.2607960806310286}, "wheel_vel": [1.8873363985510767e-35, 0.96], "action": [1.9659754151573715e-35, 1.0]}, "18": {"time": 18.477888822555542, "reward": -0.024724769082016235, "lane_pos": {"dist": 0.02461634560952497, "dot_dir": 0.633573116709868, "angle_deg": 50.68576463899307, "angle_rad": 0.8846334768413441}, "wheel_vel": [0.9599522781372071, -0.9489901542663574], "action": [0.9999502897262573, -0.9885314106941223]}, "19": {"time": 18.487869024276733, "reward": -0.1941291006264724, "lane_pos": {"dist": 0.024616113181517685, "dot_dir": 0.05870991626170492, "angle_deg": 86.63423414022631, "angle_rad": 1.512052630690628}, "wheel_vel": [0.9599436950683594, -0.9599589157104492], "action": [0.999941349029541, -0.9999572038650513]}, "20": {"time": 18.497899293899536, "reward": -0.2999324403838384, "lane_pos": {"dist": 0.05620748752821414, "dot_dir": 0.06550955587803318, "angle_deg": 86.24388909701064, "angle_rad": 1.5052398244676748}, "wheel_vel": [0.9391528129577636, 0.96], "action": [0.9782841801643372, 1.0]}, "21": {"time": 18.507900953292847, "reward": -0.21530806628722354, "lane_pos": {"dist": 0.07174583271394708, "dot_dir": 0.3701790293564953, "angle_deg": 68.27334109172168, "angle_rad": 1.1915945933876833}, "wheel_vel": [6.239715294213966e-06, 0.9597606468200683], "action": [6.499703431472881e-06, 0.9997506737709045]}, "22": {"time": 18.517863273620605, "reward": -0.2122002801086347, "lane_pos": {"dist": 0.10069117074935563, "dot_dir": 0.38256771814738116, "angle_deg": 67.50717600522412, "angle_rad": 1.1782224900144738}, "wheel_vel": [0.916831283569336, 0.9577499198913574], "action": [0.9550325870513916, 0.9976561665534973]}, "23": {"time": 18.527893781661987, "reward": -0.12927486156341667, "lane_pos": {"dist": 0.11462786816980508, "dot_dir": 0.6430637322630655, "angle_deg": 49.979344472772304, "angle_rad": 0.8723041190383061}, "wheel_vel": [0.022949538230896, 0.9590597534179688], "action": [0.023905768990516663, 0.9990205764770508]}, "24": {"time": 18.53788709640503, "reward": -0.44494343718522944, "lane_pos": {"dist": 0.10248495094213816, "dot_dir": 0.4042370117960511, "angle_deg": 66.15667679089846, "angle_rad": 1.1546518321788943}, "wheel_vel": [0.0013209811225533487, -0.8626630210876466], "action": [0.001376022002659738, -0.8986073136329651]}, "25": {"time": 18.547872304916382, "reward": -0.12056780011292656, "lane_pos": {"dist": 0.11587427335479972, "dot_dir": 0.6667727453776522, "angle_deg": 48.18153027699028, "angle_rad": 0.8409263419828158}, "wheel_vel": [3.2258955791633405e-22, 0.96], "action": [3.360307894961813e-22, 1.0]}, "26": {"time": 18.557950019836426, "reward": -0.12037581958269247, "lane_pos": {"dist": 0.1396879881102202, "dot_dir": 0.6673028416300344, "angle_deg": 48.14076342241475, "angle_rad": 0.8402148261447911}, "wheel_vel": [0.9578222465515137, 0.9599994850158692],