{"0": {"time": 7.121354341506958, "reward": 0.04888606555631131, "lane_pos": {"dist": -0.2762155712270373, "dot_dir": 0.9773335592373006, "angle_deg": -12.222303147271328, "angle_rad": -0.21331943209675006}, "wheel_vel": [0.012122758626937867, 0.96], "action": [0.012627873569726944, 1.0]}, "1": {"time": 7.131825685501099, "reward": 0.08133599617912166, "lane_pos": {"dist": -0.2807207974987478, "dot_dir": 0.9960996231119166, "angle_deg": -5.062116989246453, "angle_rad": -0.088350608583493}, "wheel_vel": [0.9548333930969238, 0.8073824501037598], "action": [0.9946181178092957, 0.8410233855247498]}, "2": {"time": 7.142519474029541, "reward": 0.07151000909845723, "lane_pos": {"dist": -0.2834777745576864, "dot_dir": 0.9929328614150338, "angle_deg": -6.815779539253116, "angle_rad": -0.11895779405002897}, "wheel_vel": [0.4632187557220459, 0.9485852050781249], "action": [0.4825195372104645, 0.9881095886230469]}, "3": {"time": 7.153026342391968, "reward": 0.6448828214274094, "lane_pos": {"dist": -0.2742762863886208, "dot_dir": 0.5794671828010312, "angle_deg": 54.58692416246907, "angle_rad": 0.9527215551715333}, "wheel_vel": [0.7471243858337402, 0.48159839630126955], "action": [0.7782545685768127, 0.5016649961471558]}, "4": {"time": 7.16342306137085, "reward": 0.7376616969462044, "lane_pos": {"dist": -0.26288821148545816, "dot_dir": 0.8026457429109547, "angle_deg": 36.616499861181694, "angle_rad": 0.6390784831336671}, "wheel_vel": [0.0002516273595392704, 0.9599994277954101], "action": [0.00026211183285340667, 0.9999994039535522]}, "5": {"time": 7.174267768859863, "reward": 1.2310719812391326, "lane_pos": {"dist": -0.2412910017288505, "dot_dir": 0.7173544506663936, "angle_deg": 44.163511278893694, "angle_rad": 0.7707986810583466}, "wheel_vel": [0.9121452140808105, 0.96], "action": [0.950151264667511, 1.0]}, "6": {"time": 7.185211420059204, "reward": 1.148503156739258, "lane_pos": {"dist": -0.2187275895186547, "dot_dir": 0.6726397464809485, "angle_deg": 47.72886991020804, "angle_rad": 0.8330259281891806}, "wheel_vel": [0.9541944694519043, 0.9268709564208985], "action": [0.9939525723457336, 0.9654905796051025]}, "7": {"time": 7.195639371871948, "reward": 1.1893691028227837, "lane_pos": {"dist": -0.19682608568152116, "dot_dir": 0.681756976729956, "angle_deg": 47.01890756655924, "angle_rad": 0.8206347477273337}, "wheel_vel": [0.8246804809570313, 0.96], "action": [0.8590421676635742, 1.0]}, "8": {"time": 7.205988168716431, "reward": 0.29559249868461246, "lane_pos": {"dist": -0.1942119229375125, "dot_dir": 0.24971716489586912, "angle_deg": 75.53922390144325, "angle_rad": 1.3184081714813813}, "wheel_vel": [0.8460550689697266, -0.6655534744262696], "action": [0.8813073635101318, -0.6932848691940308]}, "9": {"time": 7.216905117034912, "reward": 0.005215219863690446, "lane_pos": {"dist": -0.19421193604631407, "dot_dir": -0.36633074398337245, "angle_deg": 111.4895019296285, "angle_rad": 1.9458588900805887}, "wheel_vel": [0.9599991989135743, -0.96], "action": [0.9999991655349731, -1.0]}, "10": {"time": 7.228059768676758, "reward": 0.09103469608496612, "lane_pos": {"dist": -0.17864773227833705, "dot_dir": -0.0575216014574291, "angle_deg": 93.29756516335546, "angle_rad": 1.6283496961945139}, "wheel_vel": [3.418192382206791e-26, 0.96], "action": [3.5606170647987407e-26, 1.0]}, "11": {"time": 7.238399028778076, "reward": 0.32813931714475825, "lane_pos": {"dist": -0.1627917784820517, "dot_dir": 0.2533794533716938, "angle_deg": 75.32241864944729, "angle_rad": 1.3146242059984357}, "wheel_vel": [2.6143617706895355e-16, 0.96], "action": [2.723293511134933e-16, 1.0]}, "12": {"time": 7.248704195022583, "reward": -0.12639036899233394, "lane_pos": {"dist": -0.17583436029081626, "dot_dir": -0.002394692867563518, "angle_deg": 90.13720592567748, "angle_rad": 1.5731910219512153}, "wheel_vel": [5.76117227319628e-05, -0.7911568450927734], "action": [6.001221117912792e-05, -0.8241217136383057]}, "13": {"time": 7.259958744049072, "reward": 0.3845255112276483, "lane_pos": {"dist": -0.1600883591264311, "dot_dir": 0.302721733802502, "angle_deg": 72.3788496641342, "angle_rad": 1.2632492354451337}, "wheel_vel": [8.393732283122797e-17, 0.96], "action": [8.743471128252914e-17, 1.0]}, "14": {"time": 7.270339012145996, "reward": 0.6699848052704187, "lane_pos": {"dist": -0.1464805022478313, "dot_dir": 0.5628329441859897, "angle_deg": 55.748057990422204, "angle_rad": 0.9729871635256009}, "wheel_vel": [0.00020894300658255816, 0.9111829948425294], "action": [0.00021764896519016474, 0.949148952960968]}, "15": {"time": 7.280837535858154, "reward": 0.8634259139765768, "lane_pos": {"dist": -0.13478694031735963, "dot_dir": 0.7815468787186303, "angle_deg": 38.59757483711321, "angle_rad": 0.6736547641925394}, "wheel_vel": [4.806523845601873e-11, 0.96], "action": [5.0067956725019513e-11, 1.0]}, "16": {"time": 7.291253089904785, "reward": 0.5363149737710332, "lane_pos": {"dist": -0.124609949480621, "dot_dir": 0.9029586164579344, "angle_deg": 25.450268791662857, "angle_rad": 0.4441909859320756}, "wheel_vel": [0.19485118389129638, 0.9594704246520996], "action": [0.2029699832201004, 0.9994483590126038]}, "17": {"time": 7.301921129226685, "reward": 0.5515730367132003, "lane_pos": {"dist": -0.11055535847024378, "dot_dir": 0.8967624496357541, "angle_deg": 26.264284026491012, "angle_rad": 0.45839823194122176}, "wheel_vel": [0.9593283462524413, 0.96], "action": [0.9993003606796265, 1.0]}, "18": {"time": 7.312175750732422, "reward": 0.2292076745119927, "lane_pos": {"dist": -0.10583863658827097, "dot_dir": 0.9840603120580415, "angle_deg": 10.243682458423546, "angle_rad": 0.178785986428278}, "wheel_vel": [0.02541851878166199, 0.8810319900512695], "action": [0.026477623730897903, 0.9177416563034058]}, "19": {"time": 7.32234787940979, "reward": 0.07122240737658092, "lane_pos": {"dist": -0.1054493388294343, "dot_dir": 0.9914849452782578, "angle_deg": -7.482384198889802, "angle_rad": -0.1305922401698253}, "wheel_vel": [0.013302626609802247, 0.96], "action": [0.013856902718544006, 1.0]}, "20": {"time": 7.3325910568237305, "reward": -0.0134830295454621, "lane_pos": {"dist": -0.10996697105994224, "dot_dir": 0.9029048527628748, "angle_deg": -25.45743618942566, "angle_rad": -0.44431608062183664}, "wheel_vel": [5.048216844443232e-06, 0.96], "action": [5.2585592129617e-06, 1.0]}, "21": {"time": 7.344019889831543, "reward": 0.21750619269659202, "lane_pos": {"dist": -0.10982496687443777, "dot_dir": 0.9868826205951223, "angle_deg": 9.290456408672727, "angle_rad": 0.16214905334434696}, "wheel_vel": [0.8971261596679688, -0.9586571502685547], "action": [0.9345064163208008, -0.9986011981964111]}, "22": {"time": 7.354522705078125, "reward": 1.2391685164685793, "lane_pos": {"dist": -0.10982977926620852, "dot_dir": 0.7042806765985619, "angle_deg": 45.22853973675867, "angle_rad": 0.7893869342755282}, "wheel_vel": [0.9593535232543945, -0.9599943923950195], "action": [0.9993265867233276, -0.999994158744812]}, "23": {"time": 7.364715576171875, "reward": 1.1741578396861263, "lane_pos": {"dist": -0.09271378013078357, "dot_dir": 0.6960700376466495, "angle_deg": 45.887453175150355, "angle_rad": 0.8008871432610999}, "wheel_vel": [0.7367996406555176, 0.701609001159668], "action": [0.7674996256828308, 0.7308427095413208]}, "24": {"time": 7.375657558441162, "reward": 0.33612792102634265, "lane_pos": {"dist": -0.09316676871118257, "dot_dir": 0.32688177274675334, "angle_deg": 70.92037933343391, "angle_rad": 1.237794126131763}, "wheel_vel": [0.6523853302001953, -0.6845500373840333], "action": [0.6795680522918701, -0.7130729556083679]}, "25": {"time": 7.386914968490601, "reward": 0.7597936805071897, "lane_pos": {"dist": -0.07910625408698724, "dot_dir": 0.6025781379270516, "angle_deg": 52.94523281952574, "angle_rad": 0.9240686359356849}, "wheel_vel": [0.0, 0.96], "action": [0.0, 1.0]}, "26": {"time": 7.397247552871704, "reward": 0.8670480190887531, "lane_pos": {"dist": -0.07041486706067579, "dot_dir": 0.7729967176630022, "angle_deg": 39.376240535267144,