{"1": {"time": 10160, "steps": 500, "reward": 422.22373642601775}, "2": {"time": 10165, "steps": 500, "reward": 436.8876115440054}, "3": {"time": 10170, "steps": 500, "reward": 414.4326702374598}, "4": {"time": 10175, "steps": 500, "reward": 417.65786580597904}, "5": {"time": 10181, "steps": 500, "reward": 391.3901297449415}, "6": {"time": 10186, "steps": 500, "reward": 430.11785227138773}, "7": {"time": 10191, "steps": 500, "reward": 428.96241523331304}, "8": {"time": 10196, "steps": 500, "reward": 436.7562821416016}, "9": {"time": 10202, "steps": 500, "reward": 433.6617873313995}, "10": {"time": 10207, "steps": 500, "reward": 426.6012256086903}}