{"1": {"time": 5.0392420291900635, "steps": 500, "reward": 204.59281478182749}, "2": {"time": 6.806052207946777, "steps": 175, "reward": 78.44233921352395}, "3": {"time": 9.139644861221313, "steps": 231, "reward": 106.40125427727676}, "4": {"time": 9.390629053115845, "steps": 24, "reward": -3.8747988416482477}, "5": {"time": 10.272213459014893, "steps": 87, "reward": 37.28573951631648}, "6": {"time": 15.279788494110107, "steps": 500, "reward": 195.56857319270247}, "7": {"time": 15.982971906661987, "steps": 69, "reward": 24.892094294930395}, "8": {"time": 21.020323753356934, "steps": 500, "reward": 255.9490241740603}, "9": {"time": 22.21195077896118, "steps": 117, "reward": 46.020106628926186}, "10": {"time": 24.28543448448181, "steps": 205, "reward": 97.50069218736206}}