{"0": {"time": 14.828295469284058, "reward": 0.6088824504740573, "lane_pos": {"dist": 0.05926755396462471, "dot_dir": 0.870375985491005, "angle_deg": -29.49763913006003, "angle_rad": -0.5148309243846634}, "wheel_vel": [4.346534850790951e-14, 0.96], "action": [4.527640469573907e-14, 1.0]}, "1": {"time": 14.838325500488281, "reward": 0.07607489710041099, "lane_pos": {"dist": 0.05926755396462471, "dot_dir": 0.9936650613891506, "angle_deg": 6.452653897756231, "angle_rad": 0.11262005600749177}, "wheel_vel": [0.96, -0.96], "action": [1.0, -1.0]}, "2": {"time": 14.848340272903442, "reward": 0.26105293346977254, "lane_pos": {"dist": 0.05831237160951611, "dot_dir": 0.981770865483712, "angle_deg": -10.956771519574396, "angle_rad": -0.19123173840531554}, "wheel_vel": [0.3693737125396729, 0.96], "action": [0.38476428389549255, 1.0]}, "3": {"time": 14.858320951461792, "reward": 0.6536619891264346, "lane_pos": {"dist": 0.05242480308622568, "dot_dir": 0.8454316685296432, "angle_deg": -32.28178487675456, "angle_rad": -0.5634234345198789}, "wheel_vel": [1.6046180917328454e-08, 0.96], "action": [1.671477178888381e-08, 1.0]}, "4": {"time": 14.868312358856201, "reward": 0.08899870667161683, "lane_pos": {"dist": 0.052425464298864334, "dot_dir": 0.9979543477429909, "angle_deg": 3.665452511922538, "angle_rad": 0.06397421490854499}, "wheel_vel": [0.9598368072509766, -0.96], "action": [0.9998300075531006, -1.0]}, "5": {"time": 14.878278732299805, "reward": 0.31980863638656054, "lane_pos": {"dist": 0.05088291818426782, "dot_dir": 0.9693087633536441, "angle_deg": -14.231867126577015, "angle_rad": -0.24839294006511348}, "wheel_vel": [0.022191660404205324, 0.96], "action": [0.02311631292104721, 1.0]}, "6": {"time": 14.888236999511719, "reward": 0.7604314082709064, "lane_pos": {"dist": 0.04460069567336866, "dot_dir": 0.846127929806592, "angle_deg": -32.20701364048518, "angle_rad": -0.5621184302611917}, "wheel_vel": [9.803194387919371e-26, 0.96], "action": [1.0211660820749344e-25, 1.0]}, "7": {"time": 14.898221492767334, "reward": 0.12558646152670747, "lane_pos": {"dist": 0.04459462000983416, "dot_dir": 0.9979283657514887, "angle_deg": 3.688664659026696, "angle_rad": 0.06437934330196982}, "wheel_vel": [0.9592938423156738, -0.9577893447875977], "action": [0.9992644190788269, -0.9976972341537476]}, "8": {"time": 14.908236742019653, "reward": 0.43556822791243854, "lane_pos": {"dist": 0.04313665861041649, "dot_dir": 0.9700808012892745, "angle_deg": -14.050811584803347, "angle_rad": -0.24523292473218083}, "wheel_vel": [0.012586459815502169, 0.96], "action": [0.01311089564114809, 1.0]}, "9": {"time": 14.919018030166626, "reward": 0.032380568627175754, "lane_pos": {"dist": 0.04313812400713335, "dot_dir": 0.9284027582564821, "angle_deg": 21.812812503008345, "angle_rad": 0.38070539729768116}, "wheel_vel": [0.9583458709716797, -0.9570253944396973], "action": [0.998276948928833, -0.9969014525413513]}, "10": {"time": 14.928966999053955, "reward": -0.1653274545347725, "lane_pos": {"dist": 0.04372234598366109, "dot_dir": 0.7655621708916974, "angle_deg": 40.042968816963686, "angle_rad": 0.6988816481294349}, "wheel_vel": [0.5210552215576172, -0.45256410598754887], "action": [0.5427658557891846, -0.47142094373703003]}, "11": {"time": 14.93889307975769, "reward": -0.00018544121520153167, "lane_pos": {"dist": 0.0522738953471813, "dot_dir": 0.9229713006752609, "angle_deg": 22.635594232863635, "angle_rad": 0.3950656475089105}, "wheel_vel": [0.03032292366027832, 0.9599998855590821], "action": [0.03158637881278992, 0.9999998807907104]}, "12": {"time": 14.948808908462524, "reward": 0.084310680024828, "lane_pos": {"dist": 0.05603373837240655, "dot_dir": 0.996693712934577, "angle_deg": 4.6604477189555045, "angle_rad": 0.0813401573128329}, "wheel_vel": [3.7369688782911585e-22, 0.96], "action": [3.8926759148866233e-22, 1.0]}, "13": {"time": 14.958756685256958, "reward": 0.301981766067625, "lane_pos": {"dist": 0.05483503409258672, "dot_dir": 0.9733195034190394, "angle_deg": -13.264929374386263, "angle_rad": -0.23151669262755184}, "wheel_vel": [0.0026580391824245456, 0.96], "action": [0.002768790815025568, 1.0]}, "14": {"time": 14.968722343444824, "reward": 0.6542316693549055, "lane_pos": {"dist": 0.04880082681931741, "dot_dir": 0.8550017137470938, "angle_deg": -31.240075888294413, "angle_rad": -0.5452421828236298}, "wheel_vel": [1.1634197863342419e-20, 0.96], "action": [1.2118956107648352e-20, 1.0]}, "15": {"time": 14.978549003601074, "reward": 0.0890101791859029, "lane_pos": {"dist": 0.048805523480278445, "dot_dir": 0.9966561512657612, "angle_deg": 4.6868605710661, "angle_rad": 0.08180114854700513}, "wheel_vel": [0.9587525939941406, -0.96], "action": [0.9987006187438965, -1.0]}, "16": {"time": 14.988548994064331, "reward": -0.02928804822086095, "lane_pos": {"dist": 0.0518149818872935, "dot_dir": 0.8775009336570953, "angle_deg": 28.65764356461148, "angle_rad": 0.5001702360654346}, "wheel_vel": [0.9571024131774903, -0.32310699462890624], "action": [0.996981680393219, -0.33656978607177734]}, "17": {"time": 14.998520612716675, "reward": 0.05614223083770753, "lane_pos": {"dist": 0.05717857718425101, "dot_dir": 0.982669468891553, "angle_deg": 10.68249705070331, "angle_rad": 0.1864447458693564}, "wheel_vel": [5.0919336154914224e-23, 0.96], "action": [5.304097516136898e-23, 1.0]}, "18": {"time": 15.008521795272827, "reward": -0.11326953386817484, "lane_pos": {"dist": 0.05717857718425101, "dot_dir": 0.686671583379829, "angle_deg": 46.632790078519676, "angle_rad": 0.8138957262615134}, "wheel_vel": [0.96, -0.96], "action": [1.0, -1.0]}, "19": {"time": 15.018496036529541, "reward": -0.19720816683501574, "lane_pos": {"dist": 0.07043916316646692, "dot_dir": 0.43164879878555007, "angle_deg": 64.42775735722844, "angle_rad": 1.1244764955596367}, "wheel_vel": [0.9596726989746094, 0.009295544922351838], "action": [0.9996590614318848, 0.009682859294116497]}, "20": {"time": 15.028464317321777, "reward": -0.2703122226110743, "lane_pos": {"dist": -0.304364125964697, "dot_dir": 0.17862295557147143, "angle_deg": -79.71043886733635, "angle_rad": -1.3912096064446788}, "wheel_vel": [0.9553282356262207, -0.9599458122253418], "action": [0.9951335787773132, -0.9999435544013977]}, "21": {"time": 15.03837251663208, "reward": -0.42003658620369205, "lane_pos": {"dist": -0.28954102369181234, "dot_dir": 0.4772725133369335, "angle_deg": -61.492583439485, "angle_rad": -1.0732480465763525}, "wheel_vel": [0.013032296597957613, -0.9599300765991211], "action": [0.013575308956205845, -0.9999271631240845]}, "22": {"time": 15.048335075378418, "reward": -0.26800091176436547, "lane_pos": {"dist": -0.3045596310862848, "dot_dir": 0.18279002369267516, "angle_deg": -79.46768684439947, "angle_rad": -1.3869727843785533}, "wheel_vel": [1.3506906100246852e-08, 0.9599977111816407], "action": [1.4069693854423804e-08, 0.999997615814209]}, "23": {"time": 15.058318376541138, "reward": -0.31515276314808705, "lane_pos": {"dist": 0.09193404199177602, "dot_dir": 0.016901900041943113, "angle_deg": 89.03154634773747, "angle_rad": 1.5538936219099513}, "wheel_vel": [0.3374424934387207, 0.9516648101806641], "action": [0.35150259733200073, 0.9913175106048584]}, "24": {"time": 15.068286180496216, "reward": -0.2430961238133524, "lane_pos": {"dist": 0.11044978324804822, "dot_dir": 0.2727226834956375, "angle_deg": 74.17365317212976, "angle_rad": 1.2945744660860006}, "wheel_vel": [0.16631006240844728, 0.9598266792297364], "action": [0.17323964834213257, 0.9998194575309753]}, "25": {"time": 15.078289270401001, "reward": -0.5475073033594279, "lane_pos": {"dist": -0.328628849148477, "dot_dir": 0.037492103012754886, "angle_deg": -87.85135715558357, "angle_rad": -1.5332954347104137}, "wheel_vel": [6.071597999834921e-07, -0.9599910163879395], "action": [6.324581249828043e-07, -0.9999906420707703]}, "26": {"time": 15.088279724121094, "reward": -0.4654361305274482, "lane_pos": {"dist": -0.3186215402431283, "dot_dir": 0.27641202213529287, "angle_deg": -73.95382085327162,