{"1": {"time": 15172, "steps": 500, "reward": 390.1361151301721}, "2": {"time": 15177, "steps": 500, "reward": 458.7844598521346}, "3": {"time": 15182, "steps": 500, "reward": 433.74843968958163}, "4": {"time": 15187, "steps": 500, "reward": 466.0346471923003}, "5": {"time": 15193, "steps": 500, "reward": 426.80425523660637}, "6": {"time": 15198, "steps": 500, "reward": 390.50911060735206}, "7": {"time": 15203, "steps": 500, "reward": 443.0996755269707}, "8": {"time": 15208, "steps": 500, "reward": 390.194884647525}, "9": {"time": 15213, "steps": 500, "reward": 443.3284813240244}, "10": {"time": 15218, "steps": 500, "reward": 414.07641952695906}}