{"0": {"time": 40.681687355041504, "reward": 0.36972436560897604, "lane_pos": {"dist": -0.15339587620832473, "dot_dir": 0.9005338140616327, "angle_deg": 25.771676334130134, "angle_rad": 0.4498006057888731}, "wheel_vel": [0.2691070747375488, -0.9445929908752442], "action": [0.28031986951828003, -0.9839510321617126]}, "1": {"time": 40.69249892234802, "reward": 1.0026853936482851, "lane_pos": {"dist": -0.16223149299250716, "dot_dir": 0.715119244560119, "angle_deg": 44.347027462381774, "angle_rad": 0.7740016426909078}, "wheel_vel": [0.03255007266998291, -0.9595051002502442], "action": [0.033906325697898865, -0.9994844794273376]}, "2": {"time": 40.70341348648071, "reward": 0.5535561874261308, "lane_pos": {"dist": -0.15301008521305037, "dot_dir": 0.8959290535328627, "angle_deg": 26.371985744414957, "angle_rad": 0.46027798152904875}, "wheel_vel": [5.596844712272286e-06, 0.96], "action": [5.830046575283632e-06, 1.0]}, "3": {"time": 40.71440124511719, "reward": 0.21902946475813415, "lane_pos": {"dist": -0.14824814913273776, "dot_dir": 0.989273899557535, "angle_deg": 8.399385537689511, "angle_rad": 0.14659693277707625}, "wheel_vel": [0.0001359908189624548, 0.96], "action": [0.0001416571030858904, 1.0]}, "4": {"time": 40.72530126571655, "reward": 0.06140151565883262, "lane_pos": {"dist": -0.14841051555174012, "dot_dir": 0.9860935435674923, "angle_deg": -9.566442148823011, "angle_rad": -0.16696591319852291}, "wheel_vel": [0.0004976913146674633, 0.96], "action": [0.0005184284527786076, 1.0]}, "5": {"time": 40.73609757423401, "reward": -0.023304366663906284, "lane_pos": {"dist": -0.15348083908424004, "dot_dir": 0.8866754351579987, "angle_deg": -27.541588656322045, "angle_rad": -0.4806914032827406}, "wheel_vel": [3.4229565848420404e-10, 0.96], "action": [3.5655797758771257e-10, 1.0]}, "6": {"time": 40.747204542160034, "reward": -0.10718621058667555, "lane_pos": {"dist": -0.16303886963050207, "dot_dir": 0.7028859533573332, "angle_deg": -45.3409945200704, "angle_rad": -0.7913496405039347}, "wheel_vel": [0.0093693146109581, 0.9599835205078124], "action": [0.00975970271974802, 0.9999828338623047]}, "7": {"time": 40.75825643539429, "reward": -0.19188797306656358, "lane_pos": {"dist": -0.17598362067659667, "dot_dir": 0.44906730539473, "angle_deg": -63.316141033977296, "angle_rad": -1.1050751306999906}, "wheel_vel": [6.773648048713499e-14, 0.96], "action": [7.055883384076561e-14, 1.0]}, "8": {"time": 40.76916766166687, "reward": -0.20370648272941627, "lane_pos": {"dist": -0.20286526012580475, "dot_dir": 0.40957823730062354, "angle_deg": -65.82165691655806, "angle_rad": -1.1488046323120367}, "wheel_vel": [0.8261415481567382, 0.9599538230895996], "action": [0.860564112663269, 0.9999518990516663]}, "9": {"time": 40.78029799461365, "reward": -0.03640810518748147, "lane_pos": {"dist": -0.2027888237352682, "dot_dir": 0.866121412748055, "angle_deg": -29.988996352983783, "angle_rad": -0.5234067257281386}, "wheel_vel": [0.9537175941467285, -0.96], "action": [0.9934558272361755, -1.0]}, "10": {"time": 40.790924310684204, "reward": -0.11770537694755262, "lane_pos": {"dist": -0.2129877852957459, "dot_dir": 0.674636063040634, "angle_deg": -47.57410521567027, "angle_rad": -0.8303247747036533}, "wheel_vel": [0.020830770134925843, 0.96], "action": [0.021698718890547752, 1.0]}, "11": {"time": 40.80243396759033, "reward": -0.11769741320602575, "lane_pos": {"dist": -0.23660272986755393, "dot_dir": 0.6747015558234223, "angle_deg": -47.56902141212332, "angle_rad": -0.8302360455932344}, "wheel_vel": [0.9599360275268555, 0.9596645164489745], "action": [0.9999333620071411, 0.9996505379676819]}, "12": {"time": 40.81315326690674, "reward": -0.09304579604365773, "lane_pos": {"dist": -0.25591781556353044, "dot_dir": 0.7391474105594508, "angle_deg": -42.34116140792665, "angle_rad": -0.7389926756866779}, "wheel_vel": [0.9599996566772461, 0.6807949447631837], "action": [0.9999996423721313, 0.7091614007949829]}, "13": {"time": 40.82505512237549, "reward": -0.23070544589259573, "lane_pos": {"dist": -0.26466812517151383, "dot_dir": 0.6840227496257343, "angle_deg": -46.841199668373434, "angle_rad": -0.8175331597971924}, "wheel_vel": [0.2538508987426758, 0.4941847801208496], "action": [0.2644280195236206, 0.514775812625885]}, "14": {"time": 40.83589267730713, "reward": -0.11443733982471405, "lane_pos": {"dist": -0.2879928048024687, "dot_dir": 0.6839522793669538, "angle_deg": -46.846734532256164, "angle_rad": -0.8176297613955957}, "wheel_vel": [0.9590659332275391, 0.9593615341186523], "action": [0.9990270137786865, 0.9993349313735962]}, "15": {"time": 40.846694469451904, "reward": -0.18994728771370534, "lane_pos": {"dist": -0.3024282296608406, "dot_dir": 0.4555091375255658, "angle_deg": -62.90230218237728, "angle_rad": -1.0978522801668982}, "wheel_vel": [0.10248115539550783, 0.9599620628356933], "action": [0.1067512035369873, 0.9999604821205139]}, "16": {"time": 40.85867381095886, "reward": -0.02052731607934538, "lane_pos": {"dist": -0.3024281859359428, "dot_dir": 0.8913859138667485, "angle_deg": -26.952079867107607, "angle_rad": -0.47040253394150344}, "wheel_vel": [0.959996223449707, -0.96], "action": [0.9999960660934448, -1.0]}, "17": {"time": 40.869746923446655, "reward": -0.10523225429470656, "lane_pos": {"dist": -0.3117806464756143, "dot_dir": 0.7080043346575315, "angle_deg": -44.92722638101435, "angle_rad": -0.7841280241375569}, "wheel_vel": [7.766336402106888e-14, 0.96], "action": [8.089933752194675e-14, 1.0]}, "18": {"time": 40.88101291656494, "reward": -0.2381330364520995, "lane_pos": {"dist": -0.30361283034276143, "dot_dir": 0.896970833035362, "angle_deg": -26.23728999036736, "angle_rad": -0.4579270971324617}, "wheel_vel": [0.07609987020492553, -0.922074966430664], "action": [0.07927069813013077, -0.9604947566986084]}, "19": {"time": 40.89252734184265, "reward": -0.10186388635627197, "lane_pos": {"dist": -0.31280362028515873, "dot_dir": 0.7167592655373752, "angle_deg": -44.21243650427554, "angle_rad": -0.7716525873285401}, "wheel_vel": [1.5994141131143743e-16, 0.96], "action": [1.666056367827473e-16, 1.0]}, "20": {"time": 40.90328526496887, "reward": -0.18656976870921205, "lane_pos": {"dist": -0.325562847828638, "dot_dir": 0.4665783333123018, "angle_deg": -62.187583018183446, "angle_rad": -1.0853780775246138}, "wheel_vel": [1.3403313289979401e-14, 0.96], "action": [1.3961784677061877e-14, 1.0]}, "21": {"time": 40.91420388221741, "reward": -0.019018244490821012, "lane_pos": {"dist": -0.3258041685225955, "dot_dir": 0.8939084646481688, "angle_deg": -26.631432083060194, "angle_rad": -0.46480617437065236}, "wheel_vel": [0.9599884414672852, -0.9389615821838379], "action": [0.9999879598617554, -0.9780849814414978]}, "22": {"time": 40.92591214179993, "reward": -0.10372123713342668, "lane_pos": {"dist": -0.3350842837367559, "dot_dir": 0.7119454215647505, "angle_deg": -44.606578580595176, "angle_rad": -0.7785316642809645}, "wheel_vel": [8.744444635055971e-10, 0.96], "action": [9.108796494849969e-10, 1.0]}, "23": {"time": 40.936463832855225, "reward": -0.1884271194863678, "lane_pos": {"dist": -0.347908870472871, "dot_dir": 0.4604829365428843, "angle_deg": -62.58172509450334, "angle_rad": -1.0922571544770427}, "wheel_vel": [1.3674641761948476e-20, 0.96], "action": [1.4244418502029664e-20, 1.0]}, "24": {"time": 40.948790073394775, "reward": -0.06731726304913349, "lane_pos": {"dist": -0.3548121994544361, "dot_dir": 0.7998798794939411, "angle_deg": -36.88136677875506, "angle_rad": -0.6437012829249308}, "wheel_vel": [0.9599990844726562, -0.41258188247680666], "action": [0.9999990463256836, -0.4297727942466736]}, "25": {"time": 40.959710359573364, "reward": -0.1520229165202387, "lane_pos": {"dist": -0.3662491447214239, "dot_dir": 0.5756260507294749, "angle_deg": -54.85651329266322, "angle_rad": -0.957426773121009}, "wheel_vel": [3.713182147570902e-29, 0.96], "action": [3.8678980703863564e-29, 1.0]}}