{"1": {"time": 20174, "steps": 500, "reward": 356.9372994733267}, "2": {"time": 20179, "steps": 500, "reward": 347.47080501969634}, "3": {"time": 20184, "steps": 500, "reward": 355.19556095319456}, "4": {"time": 20189, "steps": 500, "reward": 342.97332005508434}, "5": {"time": 20194, "steps": 500, "reward": 348.1471482442406}, "6": {"time": 20200, "steps": 500, "reward": 357.43364356555713}, "7": {"time": 20205, "steps": 500, "reward": 350.4578509158941}, "8": {"time": 20210, "steps": 500, "reward": 359.9625866993207}, "9": {"time": 20215, "steps": 500, "reward": 365.6776104955488}, "10": {"time": 20220, "steps": 500, "reward": 342.1799921537914}}