{"0": {"time": 17.985684156417847, "reward": 0.05760290354848069, "lane_pos": {"dist": -0.3104521760847927, "dot_dir": 0.983849306840948, "angle_deg": -10.311443462554731, "angle_rad": -0.1799686390548247}, "wheel_vel": [0.5884366607666016, 0.9588484954833985], "action": [0.61295485496521, 0.99880051612854]}, "1": {"time": 17.99576163291931, "reward": -0.02681510267530951, "lane_pos": {"dist": -0.3157184879797037, "dot_dir": 0.8805882892936715, "angle_deg": -28.28658997646279, "angle_rad": -0.493694129250901}, "wheel_vel": [6.63693180817139e-15, 0.96], "action": [6.913470633511864e-15, 1.0]}, "2": {"time": 18.005882024765015, "reward": -0.05292466515646033, "lane_pos": {"dist": -0.3296772327177009, "dot_dir": 0.8307202356727851, "angle_deg": -33.827205146306014, "angle_rad": -0.5903961065506101}, "wheel_vel": [0.6640918350219727, 0.9599998855590821], "action": [0.6917623281478882, 0.9999998807907104]}, "3": {"time": 18.0158748626709, "reward": 0.1349821876754942, "lane_pos": {"dist": -0.3296719251722111, "dot_dir": 0.9993278103804739, "angle_deg": 2.1009119983039577, "angle_rad": 0.03666783166505758}, "wheel_vel": [0.9588156509399414, -0.96], "action": [0.998766303062439, -1.0]}, "4": {"time": 18.026029348373413, "reward": 0.024445942979159058, "lane_pos": {"dist": -0.33137597692249354, "dot_dir": 0.9661141216750633, "angle_deg": -14.95825957120503, "angle_rad": -0.26107087988548294}, "wheel_vel": [0.002730615958571434, 0.9138110733032226], "action": [0.0028443916235119104, 0.9518865346908569]}, "5": {"time": 18.035995960235596, "reward": -0.04823049807234503, "lane_pos": {"dist": -0.337867381549402, "dot_dir": 0.8402726498241474, "angle_deg": -32.83107802407031, "angle_rad": -0.5730104084991811}, "wheel_vel": [0.0054650424420833585, 0.96], "action": [0.005692752543836832, 1.0]}, "6": {"time": 18.0460844039917, "reward": -0.04918263304620768, "lane_pos": {"dist": -0.3551662329600256, "dot_dir": 0.8383555277473406, "angle_deg": -33.03312734084486, "angle_rad": -0.5765368343283018}, "wheel_vel": [0.9492091369628907, 0.96], "action": [0.9887595176696777, 1.0]}, "7": {"time": 18.056313276290894, "reward": -0.12182808310531319, "lane_pos": {"dist": -0.3531670957101847, "dot_dir": 0.9654917450234737, "angle_deg": -15.095795432687433, "angle_rad": -0.26347133350791774}, "wheel_vel": [0.33130745887756347, -0.6266729736328126], "action": [0.3451119363307953, -0.6527843475341797]}}