{"1": {"time": 5273, "steps": 500, "reward": 338.43787424791924}, "2": {"time": 5278, "steps": 500, "reward": 409.7721934372201}, "3": {"time": 5284, "steps": 500, "reward": 390.79522824888414}, "4": {"time": 5289, "steps": 500, "reward": 396.9445090212611}, "5": {"time": 5294, "steps": 500, "reward": 398.1014807519418}, "6": {"time": 5299, "steps": 500, "reward": 384.6319670216709}, "7": {"time": 5304, "steps": 500, "reward": 415.04579060332344}, "8": {"time": 5309, "steps": 500, "reward": 350.31406370625047}, "9": {"time": 5315, "steps": 500, "reward": 362.1676219160145}, "10": {"time": 5320, "steps": 500, "reward": 373.8144208133923}}