{"0": {"time": 2.052917242050171, "reward": -0.0016256597313683008, "lane_pos": {"dist": -0.20065934190878218, "dot_dir": 0.9209051934742538, "angle_deg": -22.941224165450127, "angle_rad": -0.40039989612519306}, "wheel_vel": [3.294867812655866e-05, 0.96], "action": [3.432153971516527e-05, 1.0]}, "1": {"time": 2.0636069774627686, "reward": -0.09648980819848035, "lane_pos": {"dist": -0.20935801574845042, "dot_dir": 0.7304958413330868, "angle_deg": -43.072021699775874, "angle_rad": -0.7517485941515336}, "wheel_vel": [0.0, 0.96], "action": [0.0, 1.0]}, "2": {"time": 2.0741751194000244, "reward": -0.18942159350447896, "lane_pos": {"dist": -0.22208514137529373, "dot_dir": 0.4572103266675814, "angle_deg": -62.79275903551515, "angle_rad": -1.0959403915811583}, "wheel_vel": [5.817602262541629e-26, 0.96], "action": [6.060002356814196e-26, 1.0]}, "3": {"time": 2.084592819213867, "reward": -0.278751514587437, "lane_pos": {"dist": -0.23723730954476596, "dot_dir": 0.14894040478143922, "angle_deg": -81.43447353291693, "angle_rad": -1.4212996877775792}, "wheel_vel": [0.005403227359056473, 0.9540683555603027], "action": [0.0056283618323504925, 0.9938212037086487]}, "4": {"time": 2.0959324836730957, "reward": -0.10786643834510229, "lane_pos": {"dist": -0.23723689327712338, "dot_dir": 0.7010995540534458, "angle_deg": -45.48471192060306, "angle_rad": -0.793857982335637}, "wheel_vel": [0.9599716186523437, -0.96], "action": [0.9999704360961914, -1.0]}, "5": {"time": 2.1066298484802246, "reward": -0.19880735747116945, "lane_pos": {"dist": -0.250302831133222, "dot_dir": 0.42602437092033013, "angle_deg": -64.78448000883859, "angle_rad": -1.1307024803466783}, "wheel_vel": [1.6813253263595064e-14, 0.96], "action": [1.7513805482911524e-14, 1.0]}, "6": {"time": 2.1171252727508545, "reward": -0.2856010573384562, "lane_pos": {"dist": -0.265624224889793, "dot_dir": 0.11835760627629016, "angle_deg": -83.20267515965604, "angle_rad": -1.4521606280032966}, "wheel_vel": [1.2995380984648364e-07, 0.96], "action": [1.3536855192342045e-07, 1.0]}, "7": {"time": 2.127528429031372, "reward": -0.3061427309803322, "lane_pos": {"dist": -0.2785068718287272, "dot_dir": 0.29451448284641596, "angle_deg": -72.87157407073609, "angle_rad": -1.2718488986452718}, "wheel_vel": [0.6830966377258302, 0.1076448941230774], "action": [0.711558997631073, 0.11213009804487228]}, "8": {"time": 2.137990951538086, "reward": -0.22799706413299325, "lane_pos": {"dist": -0.2718718643798311, "dot_dir": 0.6993399484488719, "angle_deg": -45.62592806824875, "angle_rad": -0.7963226690690367}, "wheel_vel": [0.48211097717285156, -0.9493014335632324], "action": [0.5021989345550537, -0.9888556599617004]}, "9": {"time": 2.1487081050872803, "reward": -0.2718184167268789, "lane_pos": {"dist": -0.2638090983317718, "dot_dir": 0.8716554932412015, "angle_deg": -29.3484078878791, "angle_rad": -0.5122263478617651}, "wheel_vel": [1.5398934556287713e-06, -0.7984653282165527], "action": [1.6040556829466368e-06, -0.8317347168922424]}, "10": {"time": 2.159315347671509, "reward": -0.12486871874889921, "lane_pos": {"dist": -0.2738481142006457, "dot_dir": 0.6548171458832477, "angle_deg": -49.09421355799175, "angle_rad": -0.8568556702641961}, "wheel_vel": [7.129224697380946e-29, 0.96], "action": [7.426275726438487e-29, 1.0]}, "11": {"time": 2.170092821121216, "reward": -0.21376506991943245, "lane_pos": {"dist": -0.28743649826872547, "dot_dir": 0.375276363687894, "angle_deg": -67.95860517348956, "angle_rad": -1.1861014153402452}, "wheel_vel": [1.7095330484551144e-10, 0.96], "action": [1.7807635921407439e-10, 1.0]}, "12": {"time": 2.1809864044189453, "reward": -0.31938114015859265, "lane_pos": {"dist": 0.044828232908342876, "dot_dir": -0.08760121631556522, "angle_deg": 95.02562175398519, "angle_rad": 1.6585099733617905}, "wheel_vel": [5.465551744521236e-10, 0.96], "action": [5.69328306720962e-10, 1.0]}, "13": {"time": 2.191802978515625, "reward": -0.2194892743597747, "lane_pos": {"dist": -0.31102209079969695, "dot_dir": 0.4390229430642154, "angle_deg": -63.95844233069354, "angle_rad": -1.1162854031175182}, "wheel_vel": [0.861701889038086, -0.3595367431640625], "action": [0.8976061344146729, -0.37451744079589844]}, "14": {"time": 2.2032155990600586, "reward": -0.28172370368986255, "lane_pos": {"dist": -0.32627788601652163, "dot_dir": 0.13260454130542942, "angle_deg": -82.37987516060393, "angle_rad": -1.437800058934431}, "wheel_vel": [2.113734968306469e-14, 0.96], "action": [2.2018072586525717e-14, 1.0]}, "15": {"time": 2.215912103652954, "reward": -0.11966399043841214, "lane_pos": {"dist": -0.32660188250746114, "dot_dir": 0.6779722544849144, "angle_deg": -47.314609653278914, "angle_rad": -0.8257957227456098}, "wheel_vel": [0.947274169921875, -0.9254590988159179], "action": [0.9867439270019531, -0.9640198945999146]}, "16": {"time": 2.227362871170044, "reward": -0.20750660573367613, "lane_pos": {"dist": -0.33996722163982973, "dot_dir": 0.39665900468499476, "angle_deg": -66.63051782505394, "angle_rad": -1.1629219183559625}, "wheel_vel": [7.121648422980798e-08, 0.96], "action": [7.418383773938331e-08, 1.0]}, "17": {"time": 2.2402186393737793, "reward": -0.29432069431504826, "lane_pos": {"dist": -0.35541231573369136, "dot_dir": 0.08623351258931178, "angle_deg": -85.05303959537798, "angle_rad": -1.4844555797684513}, "wheel_vel": [0.0, 0.96], "action": [0.0, 1.0]}, "18": {"time": 2.2518272399902344, "reward": -0.25916596985821644, "lane_pos": {"dist": 0.1128212829543365, "dot_dir": 0.2148550684579128, "angle_deg": 77.59297536826026, "angle_rad": 1.3542528965950011}, "wheel_vel": [1.816997270056361e-24, 0.96], "action": [1.8927054896420425e-24, 1.0]}, "19": {"time": 2.2630748748779297, "reward": -0.20961481196210696, "lane_pos": {"dist": -0.37130717319057926, "dot_dir": 0.3894793499763622, "angle_deg": -67.07789308146981, "angle_rad": -1.1707300895723731}, "wheel_vel": [0.96, -0.96], "action": [1.0, -1.0]}, "20": {"time": 2.27470326423645, "reward": -0.29642954374358355, "lane_pos": {"dist": -0.386773695417877, "dot_dir": 0.07844950263562728, "angle_deg": -85.50055134309518, "angle_rad": -1.492266133207471}, "wheel_vel": [0.0, 0.96], "action": [0.0, 1.0]}, "21": {"time": 2.285884141921997, "reward": -0.25682425546500465, "lane_pos": {"dist": 0.14415915551836878, "dot_dir": 0.22331734764841066, "angle_deg": 77.09604814027479, "angle_rad": 1.3455798803238461}, "wheel_vel": [4.101232562871803e-24, 0.96], "action": [4.272117252991461e-24, 1.0]}, "22": {"time": 2.2976691722869873, "reward": -0.18102299104476843, "lane_pos": {"dist": 0.1597927179009634, "dot_dir": 0.48464902067646065, "angle_deg": 61.010520240146235, "angle_rad": 1.0648344565451933}, "wheel_vel": [0.04785789728164673, 0.96], "action": [0.049851976335048676, 1.0]}, "23": {"time": 2.309619188308716, "reward": -0.10332371720658917, "lane_pos": {"dist": 0.172456546849241, "dot_dir": 0.7129785470725136, "angle_deg": 44.522222232150234, "angle_rad": 0.7770593682556407}, "wheel_vel": [6.339807200474878e-34, 0.96], "action": [6.603965833827998e-34, 1.0]}, "24": {"time": 2.321118116378784, "reward": -0.02559448671214065, "lane_pos": {"dist": 0.18186755463024634, "dot_dir": 0.8827216096709353, "angle_deg": 28.02756722425586, "angle_rad": 0.48917332938731267}, "wheel_vel": [0.0, 0.96], "action": [0.0, 1.0]}, "25": {"time": 2.33252215385437, "reward": 0.04987576647937564, "lane_pos": {"dist": 0.18732731563751492, "dot_dir": 0.9781030097110213, "angle_deg": 12.012282088486916, "angle_rad": 0.20965387312243752}, "wheel_vel": [2.0878209307229435e-23, 0.96], "action": [2.1748134695030662e-23, 1.0]}, "26": {"time": 2.3440935611724854, "reward": -0.1198728373975235, "lane_pos": {"dist": 0.1873102650646435, "dot_dir": 0.670121378804871, "angle_deg": 47.923566432775246, "angle_rad": 0.8364240235501618}, "wheel_vel": [0.9579173469543457, -0.9599993133544922], "action": [0.9978305697441101, -0.9999992847442627]}, "27": {"time": 2.355647325515747, "reward": -0.041508660662857244,