{"1": {"time": 8300, "steps": 500, "reward": 436.8451419317926}, "2": {"time": 8306, "steps": 500, "reward": 445.5474838529088}, "3": {"time": 8311, "steps": 500, "reward": 395.2481188976013}, "4": {"time": 8316, "steps": 500, "reward": 428.2505506687371}, "5": {"time": 8321, "steps": 500, "reward": 411.42562890402314}, "6": {"time": 8326, "steps": 500, "reward": 391.19053417868895}, "7": {"time": 8331, "steps": 500, "reward": 420.3770145204235}, "8": {"time": 8336, "steps": 500, "reward": 419.3215193927427}, "9": {"time": 8342, "steps": 500, "reward": 443.85440034315036}, "10": {"time": 8347, "steps": 500, "reward": 392.7142719854574}}