{"0": {"time": 11.247425079345703, "reward": 0.04445538397516799, "lane_pos": {"dist": 0.041254939851767244, "dot_dir": 0.9420134911542282, "angle_deg": 19.60750735107932, "angle_rad": 0.3422155613853259}, "wheel_vel": [0.9331286430358886, -0.019246727228164673], "action": [0.972009003162384, -0.020048674196004868]}, "1": {"time": 11.257416248321533, "reward": -0.11823854148968654, "lane_pos": {"dist": 0.041254939851767244, "dot_dir": 0.5655745646499397, "angle_deg": 55.55780037889567, "angle_rad": 0.9696665417774826}, "wheel_vel": [0.96, -0.96], "action": [1.0, -1.0]}, "2": {"time": 11.267323732376099, "reward": -0.18473074280276824, "lane_pos": {"dist": 0.06555596446798244, "dot_dir": 0.4968948297758079, "angle_deg": 60.205224647232576, "angle_rad": 1.05077939699705}, "wheel_vel": [0.9299895286560058, 0.7894202613830567], "action": [0.9687390923500061, 0.8223127722740173]}, "3": {"time": 11.277425527572632, "reward": -0.09984794454174267, "lane_pos": {"dist": 0.07812650553897635, "dot_dir": 0.7219457492803023, "angle_deg": 43.78464036458488, "angle_rad": 0.7641861361636166}, "wheel_vel": [5.296658944835546e-28, 0.96], "action": [5.517353067537027e-28, 1.0]}, "4": {"time": 11.287354707717896, "reward": -0.26955162362652046, "lane_pos": {"dist": 0.07810044524161766, "dot_dir": 0.17878256030608758, "angle_deg": 79.70114458050244, "angle_rad": 1.3910473905378025}, "wheel_vel": [0.9581954383850098, -0.96], "action": [0.9981202483177185, -1.0]}, "5": {"time": 11.297416687011719, "reward": -0.1879653985224473, "lane_pos": {"dist": 0.09316288872718066, "dot_dir": 0.46200024464585293, "angle_deg": 62.483744862853875, "angle_rad": 1.0905470768328929}, "wheel_vel": [3.863813103640833e-27, 0.96], "action": [4.0248053162925345e-27, 1.0]}, "6": {"time": 11.307394981384277, "reward": -0.10849987037989367, "lane_pos": {"dist": 0.10603556113583659, "dot_dir": 0.6994059656391036, "angle_deg": 45.620636050459844, "angle_rad": 0.7962303059345462}, "wheel_vel": [2.641175039092003e-13, 0.96], "action": [2.75122399905417e-13, 1.0]}, "7": {"time": 11.317468881607056, "reward": -0.27778557925611086, "lane_pos": {"dist": 0.1060610777825983, "dot_dir": 0.14738671315073862, "angle_deg": 81.5244870061268, "angle_rad": 1.4228707192562473}, "wheel_vel": [0.9596288108825684, -0.9578908538818359], "action": [0.999613344669342, -0.9978029727935791]}, "8": {"time": 11.327376127243042, "reward": -0.19470272504232622, "lane_pos": {"dist": 0.12127172316952058, "dot_dir": 0.4397283493610371, "angle_deg": 63.913449954671, "angle_rad": 1.1155001380176295}, "wheel_vel": [0.0, 0.96], "action": [0.0, 1.0]}, "9": {"time": 11.33746862411499, "reward": -0.11338203057988372, "lane_pos": {"dist": 0.1343855191334028, "dot_dir": 0.6863686294018904, "angle_deg": 46.65666262218641, "angle_rad": 0.814312380749324}, "wheel_vel": [4.894491286062692e-16, 0.96], "action": [5.098428422981971e-16, 1.0]}, "10": {"time": 11.34742283821106, "reward": -0.28316090492106305, "lane_pos": {"dist": 0.13438031479516505, "dot_dir": 0.1315234274311886, "angle_deg": 82.44236576914216, "angle_rad": 1.4388907258049979}, "wheel_vel": [0.9554291152954102, -0.9557806205749513], "action": [0.9952386617660522, -0.9956048130989075]}, "11": {"time": 11.357331037521362, "reward": -0.20633351776166137, "lane_pos": {"dist": -0.38078843408593877, "dot_dir": 0.40064369687598916, "angle_deg": -66.38157475453764, "angle_rad": -1.1585770421254284}, "wheel_vel": [0.9599998855590821, -0.9599998855590821], "action": [0.9999998807907104, -0.9999998807907104]}, "12": {"time": 11.367316961288452, "reward": -0.03754283233236874, "lane_pos": {"dist": -0.38076591212716865, "dot_dir": 0.8619331510661716, "angle_deg": -30.465665166853658, "angle_rad": -0.5317261659717439}, "wheel_vel": [0.9581636810302735, -0.96], "action": [0.9980871677398682, -1.0]}}