{"0": {"time": 2.492919683456421, "reward": 0.0017069673308978683, "lane_pos": {"dist": -0.26849002593270865, "dot_dir": 0.9256460828197389, "angle_deg": -22.234018738194802, "angle_rad": -0.3880568329316144}, "wheel_vel": [2.016228041611612e-05, 0.96], "action": [2.100237543345429e-05, 1.0]}, "1": {"time": 2.5031301975250244, "reward": -0.09353416742467097, "lane_pos": {"dist": -0.2770108005721631, "dot_dir": 0.7379276932448654, "angle_deg": -42.44481524756828, "angle_rad": -0.7408017764707585}, "wheel_vel": [3.5455604558470597e-23, 0.96], "action": [3.693292141507354e-23, 1.0]}, "2": {"time": 2.5131242275238037, "reward": -0.18456788512290506, "lane_pos": {"dist": -0.2895621688472937, "dot_dir": 0.47312332182847006, "angle_deg": -61.76277012717639, "angle_rad": -1.0779636938716248}, "wheel_vel": [0.0, 0.96], "action": [0.0, 1.0]}, "3": {"time": 2.523106813430786, "reward": -0.27138261690438126, "lane_pos": {"dist": -0.30462672095217824, "dot_dir": 0.17046010515039606, "angle_deg": -80.18542838880177, "angle_rad": -1.3994997375067226}, "wheel_vel": [2.3443880253582194e-35, 0.96], "action": [2.442070859748145e-35, 1.0]}, "4": {"time": 2.5330262184143066, "reward": -0.3607047856903268, "lane_pos": {"dist": 0.059298296343967785, "dot_dir": 0.055935139136751355, "angle_deg": 86.7934790547441, "angle_rad": 1.5148319787660203}, "wheel_vel": [0.06502609491348267, 0.7272701454162599], "action": [0.06773551553487778, 0.7575730681419373]}, "5": {"time": 2.5429913997650146, "reward": -0.18316450810849222, "lane_pos": {"dist": -0.3208878496099479, "dot_dir": 0.4844522842196189, "angle_deg": -61.02340620589297, "angle_rad": -1.065059359074773}, "wheel_vel": [0.9516768264770508, -0.757847785949707], "action": [0.9913300275802612, -0.7894247770309448]}, "6": {"time": 2.5529470443725586, "reward": -0.2678969034878387, "lane_pos": {"dist": -0.3358839104048867, "dot_dir": 0.18316665241257357, "angle_deg": -79.44573702820908, "angle_rad": -1.3865896878158237}, "wheel_vel": [1.6424795527646054e-38, 0.96], "action": [1.710916200796464e-38, 1.0]}, "7": {"time": 2.5628769397735596, "reward": -0.2769369969008244, "lane_pos": {"dist": 0.0934072511503081, "dot_dir": 0.15015476582851933, "angle_deg": 81.36410443179463, "angle_rad": 1.4200715152713264}, "wheel_vel": [7.960304182543064e-27, 0.96], "action": [8.291983523482358e-27, 1.0]}, "8": {"time": 2.573017120361328, "reward": -0.277802443137409, "lane_pos": {"dist": 0.12430158031723436, "dot_dir": 0.14753397152945324, "angle_deg": 81.515956466396, "angle_rad": 1.4227218332509726}, "wheel_vel": [0.9145405769348144, 0.9594005584716796], "action": [0.9526464343070984, 0.999375581741333]}, "9": {"time": 2.5830025672912598, "reward": -0.1920628330749225, "lane_pos": {"dist": -0.38404796378747075, "dot_dir": 0.44848969200821714, "angle_deg": -63.35317462486535, "angle_rad": -1.105721488794824}, "wheel_vel": [0.9599986267089844, -0.8804352378845215], "action": [0.9999985694885254, -0.9171200394630432]}, "10": {"time": 2.593003273010254, "reward": -0.2809818291343348, "lane_pos": {"dist": -0.39926363847208357, "dot_dir": 0.13532745612599867, "angle_deg": -82.22244449038212, "angle_rad": -1.435052375395439}, "wheel_vel": [3.0202340059242928e-15, 0.96], "action": [3.1460770895044713e-15, 1.0]}, "11": {"time": 2.603050947189331, "reward": -0.26829390472215353, "lane_pos": {"dist": 0.15679052747115257, "dot_dir": 0.18172095597189214, "angle_deg": 79.52998330668217, "angle_rad": 1.388060062757731}, "wheel_vel": [4.8904181746110976e-18, 0.96], "action": [5.094185598553227e-18, 1.0]}, "12": {"time": 2.612992286682129, "reward": -0.26706864741040903, "lane_pos": {"dist": 0.18723563671098165, "dot_dir": 0.19001250935467423, "angle_deg": 79.04648576879525, "angle_rad": 1.3796214387963182}, "wheel_vel": [0.9034662437438965, 0.9557873153686524], "action": [0.9411106705665588, 0.9956117868423462]}, "13": {"time": 2.6229584217071533, "reward": -0.18599145618983776, "lane_pos": {"dist": 0.20225399755521634, "dot_dir": 0.46847172747835586, "angle_deg": 62.06486129003634, "angle_rad": 1.0832361793047094}, "wheel_vel": [7.119531620843089e-19, 0.96], "action": [7.41617877171155e-19, 1.0]}, "14": {"time": 2.6329426765441895, "reward": -0.10597191539199136, "lane_pos": {"dist": 0.21505963346902507, "dot_dir": 0.7060670335239069, "angle_deg": 45.084187340808526, "angle_rad": 0.7868675096830556}, "wheel_vel": [5.685202725915801e-33, 0.96], "action": [5.922086172828959e-33, 1.0]}, "15": {"time": 2.6428966522216797, "reward": -0.07637454093185395, "lane_pos": {"dist": 0.2238578314366377, "dot_dir": 0.851127702675579, "angle_deg": 31.665462809379214, "angle_rad": 0.5526665851914808}, "wheel_vel": [0.02912351131439209, 0.8254524993896485], "action": [0.03033699095249176, 0.8598463535308838]}, "16": {"time": 2.652852773666382, "reward": -0.030598998076167422, "lane_pos": {"dist": 0.23707256434439022, "dot_dir": 0.8797196017542874, "angle_deg": 28.39144236649493, "angle_rad": 0.4955241486855471}, "wheel_vel": [0.6395156478881836, 0.9468408393859863], "action": [0.6661621332168579, 0.9862925410270691]}, "17": {"time": 2.6628096103668213, "reward": 0.048103107976359694, "lane_pos": {"dist": 0.24261252205305234, "dot_dir": 0.9767155502535853, "angle_deg": 12.388448870405785, "angle_rad": 0.21621922200355326}, "wheel_vel": [1.6467698969790946e-07, 0.9599999427795409], "action": [1.7153853093532234e-07, 0.9999999403953552]}, "18": {"time": 2.6727871894836426, "reward": 0.14500776762250506, "lane_pos": {"dist": 0.24384467493742018, "dot_dir": 0.998185972677942, "angle_deg": -3.451637795563891, "angle_rad": -0.060242444118868824}, "wheel_vel": [0.013491272628307342, 0.9378764533996582], "action": [0.014053408987820148, 0.9769546389579773]}, "19": {"time": 2.682795524597168, "reward": 0.00022588271573899255, "lane_pos": {"dist": 0.2435069877186426, "dot_dir": 0.9940279442936522, "angle_deg": -6.26492574988725, "angle_rad": -0.10934358172850728}, "wheel_vel": [0.03581858038902283, 0.21206959247589113], "action": [0.037311021238565445, 0.2209058254957199]}, "20": {"time": 2.69281268119812, "reward": -0.03375633187285254, "lane_pos": {"dist": 0.24350112786271078, "dot_dir": 0.8693249632785264, "angle_deg": 29.61970960691461, "angle_rad": 0.5169614561252553}, "wheel_vel": [0.9573637962341308, -0.9591296195983886], "action": [0.997253954410553, -0.9990933537483215]}}