{"0": {"time": 15.172771453857422, "reward": -0.10828757112360002, "lane_pos": {"dist": -0.08431538002777741, "dot_dir": 0.9999454422574348, "angle_deg": 0.5985050247584542, "angle_rad": 0.010445883271765205}, "wheel_vel": [0.0459933614730835, -0.14225400924682619], "action": [0.047909751534461975, -0.1481812596321106]}, "1": {"time": 15.18360161781311, "reward": 0.09376753319144418, "lane_pos": {"dist": -0.08583904176467656, "dot_dir": 0.998781265595194, "angle_deg": -2.8290217296503495, "angle_rad": -0.04937574379286349}, "wheel_vel": [0.4469922065734863, 0.9599980545043946], "action": [0.4656168818473816, 0.9999979734420776]}, "2": {"time": 15.193798065185547, "reward": 0.008444979045567458, "lane_pos": {"dist": -0.08910209446789256, "dot_dir": 0.9347998400421664, "angle_deg": -20.804168243527137, "angle_rad": -0.363101233988394}, "wheel_vel": [1.6707933994664083e-12, 0.96], "action": [1.7404097911108418e-12, 1.0]}, "3": {"time": 15.204031229019165, "reward": 0.02887661894682375, "lane_pos": {"dist": -0.09913543480367536, "dot_dir": 0.958976049433517, "angle_deg": -16.468436560209422, "angle_rad": -0.28742844063146383}, "wheel_vel": [0.8867889976501465, 0.9599999427795409], "action": [0.9237385392189026, 0.9999999403953552]}, "4": {"time": 15.214173316955566, "reward": 0.0038177407710212052, "lane_pos": {"dist": -0.10651742000442088, "dot_dir": 0.9285759020828528, "angle_deg": -21.78609870253785, "angle_rad": -0.38023915352375015}, "wheel_vel": [0.38127242088317875, 0.96], "action": [0.39715877175331116, 1.0]}, "5": {"time": 15.225001811981201, "reward": 0.1534053658332189, "lane_pos": {"dist": -0.10855841938959444, "dot_dir": 0.997924415915104, "angle_deg": 3.6921806568204905, "angle_rad": 0.06444070903996439}, "wheel_vel": [0.9599362564086915, -0.18207488536834718], "action": [0.9999336004257202, -0.18966133892536163]}, "6": {"time": 15.235306739807129, "reward": 0.17743333923211227, "lane_pos": {"dist": -0.10650853319023779, "dot_dir": 0.9952703506435714, "angle_deg": 5.574724669228364, "angle_rad": 0.09729730037018676}, "wheel_vel": [0.5699160003662109, 0.9592131614685058], "action": [0.5936625003814697, 0.9991803765296936]}, "7": {"time": 15.24535083770752, "reward": 0.07847634504944023, "lane_pos": {"dist": -0.1065265093152721, "dot_dir": 0.9946253002352485, "angle_deg": -5.9430508155350354, "angle_rad": -0.10372580434442054}, "wheel_vel": [5.394543637521565e-05, 0.96], "action": [5.6193162890849635e-05, 1.0]}, "8": {"time": 15.25582480430603, "reward": 0.021514011927091292, "lane_pos": {"dist": -0.10980383500541735, "dot_dir": 0.9508901324130159, "angle_deg": -18.030824223908184, "angle_rad": -0.31469724955554906}, "wheel_vel": [5.159599240869283e-06, 0.9599998283386231], "action": [5.3745825425721705e-06, 0.9999998211860657]}, "9": {"time": 15.26670527458191, "reward": -0.11696308069467873, "lane_pos": {"dist": -0.10727350622651019, "dot_dir": 0.9988161117385737, "angle_deg": -2.788276529820351, "angle_rad": -0.04866460590144698}, "wheel_vel": [0.11608419656753541, -0.9594883918762207], "action": [0.12092103809118271, -0.9994670748710632]}, "10": {"time": 15.276992082595825, "reward": 0.036250037758199016, "lane_pos": {"dist": -0.10975644682221251, "dot_dir": 0.9663592410930685, "angle_deg": -14.903751527426216, "angle_rad": -0.26011953505272145}, "wheel_vel": [4.775684828928206e-07, 0.96], "action": [4.974671696800215e-07, 1.0]}, "11": {"time": 15.287205934524536, "reward": 0.4516283455028781, "lane_pos": {"dist": -0.10975645215010349, "dot_dir": 0.9332897272106292, "angle_deg": 21.046427931754483, "angle_rad": 0.3673294631928162}, "wheel_vel": [0.9599939346313476, -0.96], "action": [0.9999936819076538, -1.0]}, "12": {"time": 15.297471046447754, "reward": 0.5272941512194748, "lane_pos": {"dist": -0.0986885717290565, "dot_dir": 0.9065018381681202, "angle_deg": 24.973678869015576, "angle_rad": 0.43587292260005545}, "wheel_vel": [0.7263037490844727, 0.9592259788513184], "action": [0.7565664052963257, 0.9991937279701233]}, "13": {"time": 15.308141231536865, "reward": 0.25879006582531927, "lane_pos": {"dist": -0.09375492875542858, "dot_dir": 0.9822064338383334, "angle_deg": 10.824683592882927, "angle_rad": 0.1889263691824165}, "wheel_vel": [0.0002440394461154938, 0.96], "action": [0.000254207756370306, 1.0]}, "14": {"time": 15.318288803100586, "reward": 0.089488368367272, "lane_pos": {"dist": -0.09270364876298909, "dot_dir": 0.9980480291741394, "angle_deg": -3.5805105764490754, "angle_rad": -0.062491698461516504}, "wheel_vel": [2.146094630006701e-08, 0.96], "action": [2.2355152395903133e-08, 1.0]}, "15": {"time": 15.328421831130981, "reward": 0.01971854399856643, "lane_pos": {"dist": -0.09572653539718357, "dot_dir": 0.9488107443969125, "angle_deg": -18.41184345881068, "angle_rad": -0.32134728971802734}, "wheel_vel": [0.010230685472488404, 0.96], "action": [0.010656964033842087, 1.0]}, "16": {"time": 15.33995532989502, "reward": 0.04240495212332951, "lane_pos": {"dist": -0.10434894815162131, "dot_dir": 0.9722789645861815, "angle_deg": -13.52230570031663, "angle_rad": -0.23600875693172282}, "wheel_vel": [0.9541346740722657, 0.9585800170898438], "action": [0.9938902854919434, 0.9985208511352539]}, "17": {"time": 15.350430250167847, "reward": 0.47862079562024795, "lane_pos": {"dist": -0.10434894815162131, "dot_dir": 0.92435978148653, "angle_deg": 22.42798732749975, "angle_rad": 0.3914422234604344}, "wheel_vel": [0.96, -0.96], "action": [1.0, -1.0]}, "18": {"time": 15.360611915588379, "reward": 0.9676030617819068, "lane_pos": {"dist": -0.10199843722131305, "dot_dir": 0.6458780065917213, "angle_deg": 49.76846265262627, "angle_rad": 0.8686235369441593}, "wheel_vel": [0.8422854995727539, -0.6015482711791992], "action": [0.8773807287216187, -0.6266127824783325]}, "19": {"time": 15.370666027069092, "reward": 0.37935760365366666, "lane_pos": {"dist": -0.10978444560372984, "dot_dir": 0.5015559551690152, "angle_deg": 59.89700533306209, "angle_rad": 1.0453999551465363}, "wheel_vel": [0.0013440577313303947, -0.5724410247802735], "action": [0.0014000601368024945, -0.5962927341461182]}, "20": {"time": 15.38229513168335, "reward": 1.2092278473229254, "lane_pos": {"dist": -0.0972714930729386, "dot_dir": 0.7261399511267015, "angle_deg": 43.436238887814795, "angle_rad": 0.7581053832751681}, "wheel_vel": [5.955199523150029e-26, 0.96], "action": [6.203332836614614e-26, 1.0]}, "21": {"time": 15.392560005187988, "reward": 0.520421946171986, "lane_pos": {"dist": -0.10416184161408601, "dot_dir": 0.6027374429377985, "angle_deg": 52.93379483986725, "angle_rad": 0.923869005530868}, "wheel_vel": [2.2650478058494627e-06, -0.555263786315918], "action": [2.359424797759857e-06, -0.5783997774124146]}, "22": {"time": 15.402679920196533, "reward": 0.19145598912285888, "lane_pos": {"dist": -0.11815615838089312, "dot_dir": 0.3423215204499286, "angle_deg": 69.98162309127737, "angle_rad": 1.2214097388324823}, "wheel_vel": [8.673127240399482e-08, -0.96], "action": [9.034507542082792e-08, -1.0]}, "23": {"time": 15.413172006607056, "reward": 0.7604212906145423, "lane_pos": {"dist": -0.1041618402271987, "dot_dir": 0.6027374203213556, "angle_deg": 52.933796463833204, "angle_rad": 0.9238690338744209}, "wheel_vel": [0.0, 0.96], "action": [0.0, 1.0]}, "24": {"time": 15.4245445728302, "reward": 0.8134841314645836, "lane_pos": {"dist": -0.09392205921334687, "dot_dir": 0.7852458074867372, "angle_deg": 38.256581833712374, "angle_rad": 0.6677033135569307}, "wheel_vel": [2.4717891733416764e-08, 0.8630975532531738], "action": [2.5747803888975795e-08, 0.8990599513053894]}, "25": {"time": 15.434787034988403, "reward": 0.3492604025698965, "lane_pos": {"dist": -0.09392209040699244, "dot_dir": 0.2721655092795448, "angle_deg": 74.20683200543985, "angle_rad": 1.295153545969232}, "wheel_vel": [0.9599977111816407, -0.96], "action": [0.999997615814209, -1.0]}, "26": {"time": 15.445075511932373, "reward": 0.6672542468167454, "lane_pos": {"dist": -0.07942043988425382, "dot_dir": 0.5475075145657904,