{"0": {"time": 2.7226080894470215, "reward": 0.045261509833861846, "lane_pos": {"dist": -0.2284657918783192, "dot_dir": 0.9744037825255948, "angle_deg": -12.991409190023687, "angle_rad": -0.226742864839763}, "wheel_vel": [0.13330378532409667, 0.9599990844726562], "action": [0.1388581097126007, 0.9999990463256836]}, "1": {"time": 2.7326786518096924, "reward": 0.4888935924331835, "lane_pos": {"dist": -0.22846586415840303, "dot_dir": 0.9207916693171119, "angle_deg": 22.957905647563283, "angle_rad": 0.40069104291218016}, "wheel_vel": [0.959948501586914, -0.9599992561340331], "action": [0.9999463558197021, -0.9999992251396179]}, "2": {"time": 2.7426528930664062, "reward": 0.2768124160147756, "lane_pos": {"dist": -0.22387566957110094, "dot_dir": 0.9771214658599483, "angle_deg": 12.279571850659114, "angle_rad": 0.21431895952921495}, "wheel_vel": [0.00011877243407070637, 0.9304282379150391], "action": [0.00012372128549031913, 0.969196081161499]}, "3": {"time": 2.752563238143921, "reward": 0.256427877389843, "lane_pos": {"dist": -0.22110507665979146, "dot_dir": 0.9821974698358921, "angle_deg": 10.827418008107408, "angle_rad": 0.18897409373120036}, "wheel_vel": [0.0022088085114955903, 0.9503642463684082], "action": [0.002300842199474573, 0.9899627566337585]}, "4": {"time": 2.762521505355835, "reward": 0.536272578569813, "lane_pos": {"dist": -0.21274919103208387, "dot_dir": 0.9013305464162884, "angle_deg": 25.66648345984587, "angle_rad": 0.44796464378297624}, "wheel_vel": [0.44480289459228517, 0.943139591217041], "action": [0.46333634853363037, 0.9824370741844177]}, "5": {"time": 2.7725274562835693, "reward": 0.4662400435057575, "lane_pos": {"dist": -0.20377644982254217, "dot_dir": 0.928531532395266, "angle_deg": 21.79294732647227, "angle_rad": 0.3803586845606367}, "wheel_vel": [0.3572997665405273, 0.96], "action": [0.3721872568130493, 1.0]}, "6": {"time": 2.7824671268463135, "reward": 0.6540414117721525, "lane_pos": {"dist": -0.20374844683438043, "dot_dir": 0.5344524976977064, "angle_deg": 57.693211227497464, "angle_rad": 1.00693649196839}, "wheel_vel": [0.9599997711181641, -0.9573283195495605], "action": [0.9999997615814209, -0.9972169995307922]}, "7": {"time": 2.792447328567505, "reward": 1.2150520490530505, "lane_pos": {"dist": -0.19034960492060507, "dot_dir": 0.7060824011067197, "angle_deg": 45.08294394127892, "angle_rad": 0.7868458082673463}, "wheel_vel": [0.1679887819290161, 0.8605612564086914], "action": [0.17498831450939178, 0.8964179754257202]}, "8": {"time": 2.8026540279388428, "reward": 0.7422890304199303, "lane_pos": {"dist": -0.17685941381165132, "dot_dir": 0.8016177708654878, "angle_deg": 36.71513302459577, "angle_rad": 0.6407999565869005}, "wheel_vel": [0.23110174655914306, 0.9599243545532227], "action": [0.24073098599910736, 0.9999212026596069]}, "9": {"time": 2.8126189708709717, "reward": 0.6286734253399614, "lane_pos": {"dist": -0.16838230298755247, "dot_dir": 0.7996023937442015, "angle_deg": 36.907849490082874, "angle_rad": 0.6441634934324564}, "wheel_vel": [0.38258700370788573, 0.4668830108642578], "action": [0.398528128862381, 0.48633646965026855]}, "10": {"time": 2.822601795196533, "reward": 0.6160730171082767, "lane_pos": {"dist": -0.15539357398146916, "dot_dir": 0.866466120223896, "angle_deg": 29.94945899993025, "angle_rad": 0.522716668739831}, "wheel_vel": [0.45564167976379394, 0.9584125900268555], "action": [0.474626749753952, 0.9983464479446411]}, "11": {"time": 2.8325839042663574, "reward": 0.7660759178231397, "lane_pos": {"dist": -0.14062624660931797, "dot_dir": 0.7956811924479524, "angle_deg": 37.280356593527614, "angle_rad": 0.6506649688746342}, "wheel_vel": [0.9338249588012696, 0.661310920715332], "action": [0.9727343320846558, 0.6888655424118042]}, "12": {"time": 2.842642068862915, "reward": 0.3689598011330738, "lane_pos": {"dist": -0.14074045394387574, "dot_dir": 0.2911748514042635, "angle_deg": 73.0716942447728, "angle_rad": 1.2753416545818765}, "wheel_vel": [0.9515130043029785, -0.9599976539611816], "action": [0.9911593794822693, -0.9999975562095642]}, "13": {"time": 2.852670431137085, "reward": 0.6814692142390845, "lane_pos": {"dist": -0.12635603471586432, "dot_dir": 0.5621395002084538, "angle_deg": 55.796112049536106, "angle_rad": 0.9738258650760865}, "wheel_vel": [1.7507529719296143e-08, 0.9597665405273438], "action": [1.8237010124266817e-08, 0.9997568130493164]}, "14": {"time": 2.862643241882324, "reward": 1.1082361602169857, "lane_pos": {"dist": -0.11687784907970802, "dot_dir": 0.6828701991026447, "angle_deg": 46.93166028309417, "angle_rad": 0.8191119953674473}, "wheel_vel": [0.1095126485824585, 0.6188518524169921], "action": [0.1140756756067276, 0.6446373462677002]}, "15": {"time": 2.872602701187134, "reward": 0.20098491429817558, "lane_pos": {"dist": -0.117474036379808, "dot_dir": 0.13731814988515806, "angle_deg": 82.10731129002659, "angle_rad": 1.4330429219708767}, "wheel_vel": [0.9191869354248047, -0.9594416999816895], "action": [0.9574863910675049, -0.9994184374809265]}, "16": {"time": 2.882596492767334, "reward": 0.5361019992068895, "lane_pos": {"dist": -0.10221140274314462, "dot_dir": 0.4294368329151631, "angle_deg": 64.56817454423772, "angle_rad": 1.1269272377993373}, "wheel_vel": [0.0, 0.96], "action": [0.0, 1.0]}, "17": {"time": 2.8926732540130615, "reward": 1.178717506846862, "lane_pos": {"dist": -0.08902340254979295, "dot_dir": 0.67906907272912, "angle_deg": 47.229060135831716, "angle_rad": 0.8243026019926638}, "wheel_vel": [3.555223289989051e-27, 0.96], "action": [3.703357593738594e-27, 1.0]}, "18": {"time": 2.9027695655822754, "reward": 0.9069792956799353, "lane_pos": {"dist": -0.08298847474306924, "dot_dir": 0.7581469935677342, "angle_deg": 40.698887864064446, "angle_rad": 0.710329595127887}, "wheel_vel": [0.07563232183456421, 0.44640990257263186], "action": [0.07878366857767105, 0.46501031517982483]}, "19": {"time": 2.912712812423706, "reward": 0.4124332833317187, "lane_pos": {"dist": -0.09399200032442129, "dot_dir": 0.5166886189952269, "angle_deg": 58.88960843418049, "angle_rad": 1.0278175623866719}, "wheel_vel": [0.06807798385620117, -0.9366518783569335], "action": [0.07091456651687622, -0.9756790399551392]}, "20": {"time": 2.9233274459838867, "reward": 1.1001486564563345, "lane_pos": {"dist": -0.0817455591193357, "dot_dir": 0.7485330972012939, "angle_deg": 41.53653047872724, "angle_rad": 0.7249492167087668}, "wheel_vel": [1.4786981639147712e-11, 0.9599938201904297], "action": [1.54031058741122e-11, 0.9999935626983643]}, "21": {"time": 2.9333043098449707, "reward": 0.6152809943605165, "lane_pos": {"dist": -0.07199344804100372, "dot_dir": 0.8262966754287204, "angle_deg": 34.27982466851648, "angle_rad": 0.5982958074719864}, "wheel_vel": [0.2606924057006836, 0.6908357620239257], "action": [0.2715545892715454, 0.7196205854415894]}, "22": {"time": 2.9432356357574463, "reward": 0.42712847436422485, "lane_pos": {"dist": -0.07199747643367091, "dot_dir": 0.3389915686521252, "angle_deg": 70.18455310260384, "angle_rad": 1.2249515356812386}, "wheel_vel": [0.9586278533935547, -0.9589386749267578], "action": [0.9985706806182861, -0.998894453048706]}, "23": {"time": 2.953190565109253, "reward": 0.7688499323682254, "lane_pos": {"dist": -0.05799088422013778, "dot_dir": 0.6048176265592515, "angle_deg": 52.78428043739044, "angle_rad": 0.9212594869284958}, "wheel_vel": [0.0, 0.96], "action": [0.0, 1.0]}, "24": {"time": 2.9631576538085938, "reward": 0.8412940834321965, "lane_pos": {"dist": -0.04711984652850643, "dot_dir": 0.8111782786178161, "angle_deg": 35.78878731946155, "angle_rad": 0.6246321740205997}, "wheel_vel": [5.578011623583734e-05, 0.9374149131774903], "action": [5.8104287745663896e-05, 0.976473867893219]}, "25": {"time": 2.973128318786621, "reward": 0.5651459718597813, "lane_pos": {"dist": -0.04393749085638881, "dot_dir": 0.6254937577311241, "angle_deg": 51.28156285936496, "angle_rad": 0.8950321174643564}, "wheel_vel": [0.5477356338500976, -0.27001673698425294],