{"1": {"time": 20814, "steps": 500, "reward": 457.05614841711986}, "2": {"time": 20820, "steps": 500, "reward": 459.1185039720331}, "3": {"time": 20825, "steps": 500, "reward": 476.97070016792304}, "4": {"time": 20830, "steps": 500, "reward": 461.5482109929611}, "5": {"time": 20835, "steps": 500, "reward": 465.94960373824784}, "6": {"time": 20840, "steps": 500, "reward": 454.1073213768298}, "7": {"time": 20846, "steps": 500, "reward": 485.9048948183237}, "8": {"time": 20851, "steps": 500, "reward": 454.51049109703047}, "9": {"time": 20856, "steps": 500, "reward": 465.4490423095787}, "10": {"time": 20861, "steps": 500, "reward": 482.81768929265445}}