{"1": {"time": 17037, "steps": 500, "reward": 447.8418660024378}, "2": {"time": 17042, "steps": 500, "reward": 465.92057124456784}, "3": {"time": 17047, "steps": 500, "reward": 460.20874852183306}, "4": {"time": 17052, "steps": 500, "reward": 452.77633017705233}, "5": {"time": 17057, "steps": 500, "reward": 441.5258574370468}, "6": {"time": 17063, "steps": 500, "reward": 441.57979872116175}, "7": {"time": 17068, "steps": 500, "reward": 476.284241940665}, "8": {"time": 17073, "steps": 500, "reward": 468.0962392838713}, "9": {"time": 17078, "steps": 500, "reward": 436.2892476230853}, "10": {"time": 17084, "steps": 500, "reward": 464.5323684600112}}