{"0": {"time": 1.7054824829101562, "reward": -0.06037591861876096, "lane_pos": {"dist": 0.07141137105281681, "dot_dir": 0.8195129221773255, "angle_deg": 34.963934921498506, "angle_rad": 0.610235783833174}, "wheel_vel": [0.9516217231750488, -0.9392235946655274], "action": [0.9912726283073425, -0.9783579111099243]}, "1": {"time": 1.7153794765472412, "reward": 0.026418783373321042, "lane_pos": {"dist": 0.07839130156106222, "dot_dir": 0.9563557265183542, "angle_deg": 16.990008503622473, "angle_rad": 0.29653158833004706}, "wheel_vel": [6.516176043078303e-05, 0.96], "action": [6.787683378206566e-05, 1.0]}, "2": {"time": 1.725217342376709, "reward": 0.12389398994910034, "lane_pos": {"dist": 0.08060962112267855, "dot_dir": 0.9998521885108269, "angle_deg": -0.9851380102856703, "angle_rad": -0.01719390186603071}, "wheel_vel": [0.0, 0.96], "action": [0.0, 1.0]}, "3": {"time": 1.7353253364562988, "reward": -0.05833918642684266, "lane_pos": {"dist": 0.08060810276695562, "dot_dir": 0.8195641970121385, "angle_deg": 34.9588080307631, "angle_rad": 0.6101463027094512}, "wheel_vel": [0.9596720123291016, -0.9599890136718751], "action": [0.9996583461761475, -0.9999885559082031]}, "4": {"time": 1.7453899383544922, "reward": -0.2277234550192283, "lane_pos": {"dist": 0.08060369543661672, "dot_dir": 0.32717184102183533, "angle_deg": 70.90279264229193, "angle_rad": 1.2374871804668042}, "wheel_vel": [0.9596630859374999, -0.96], "action": [0.9996490478515625, -1.0]}, "5": {"time": 1.7553608417510986, "reward": -0.14293334415066217, "lane_pos": {"dist": 0.09466190814309394, "dot_dir": 0.6028230705606114, "angle_deg": 52.92764612838375, "angle_rad": 0.9237616902707259}, "wheel_vel": [6.050132625527237e-34, 0.96], "action": [6.302221484924205e-34, 1.0]}, "6": {"time": 1.765451431274414, "reward": -0.059697339528118565, "lane_pos": {"dist": 0.10594411141995064, "dot_dir": 0.8164963632466908, "angle_deg": 35.26441128524094, "angle_rad": 0.6154800857048996}, "wheel_vel": [0.016658175587654114, 0.9599998855590821], "action": [0.017352266237139702, 0.9999998807907104]}, "7": {"time": 1.7760252952575684, "reward": -0.22918221851694554, "lane_pos": {"dist": 0.1059381728777371, "dot_dir": 0.322162626639626, "angle_deg": 71.20623809269317, "angle_rad": 1.242783302676503}, "wheel_vel": [0.9595478439331055, -0.96], "action": [0.9995290040969849, -1.0]}, "8": {"time": 1.7858448028564453, "reward": -0.14436329714728102, "lane_pos": {"dist": 0.12003591756851817, "dot_dir": 0.5985889931255252, "angle_deg": 53.23109157878499, "angle_rad": 0.9290578124804246}, "wheel_vel": [1.406817370930291e-16, 0.96], "action": [1.46543476138572e-16, 1.0]}, "9": {"time": 1.796112060546875, "reward": -0.30793413960970833, "lane_pos": {"dist": 0.12136260595654225, "dot_dir": 0.057834084673713926, "angle_deg": 86.68450101172925, "angle_rad": 1.5129299531030311}, "wheel_vel": [0.936298542022705, -0.8503502082824708], "action": [0.9753109812736511, -0.885781466960907]}}