{"0": {"time": 2.4249138832092285, "reward": 0.08632059944670806, "lane_pos": {"dist": -0.25088623947137956, "dot_dir": 0.9974739356498362, "angle_deg": -4.073345973054347, "angle_rad": -0.07109329880265058}, "wheel_vel": [0.904800796508789, 0.9573505783081055], "action": [0.9425008296966553, 0.9972401857376099]}, "1": {"time": 2.4357147216796875, "reward": 0.0350661099912245, "lane_pos": {"dist": -0.2545774747326992, "dot_dir": 0.965222170807062, "angle_deg": -15.154988802596526, "angle_rad": -0.26450445270818235}, "wheel_vel": [0.3681618690490723, 0.96], "action": [0.38350194692611694, 1.0]}, "2": {"time": 2.44642972946167, "reward": 0.33453585500205607, "lane_pos": {"dist": -0.2546293604847105, "dot_dir": 0.9546655327049792, "angle_deg": 17.318345804469814, "angle_rad": 0.30226215528694433}, "wheel_vel": [0.7835833740234376, -0.9507224464416504], "action": [0.8162326812744141, -0.9903358817100525]}, "3": {"time": 2.458526849746704, "reward": 0.7430914072611958, "lane_pos": {"dist": -0.2546293604847105, "dot_dir": 0.5980639138458856, "angle_deg": 53.268638832286165, "angle_rad": 0.9297131356791011}, "wheel_vel": [0.96, -0.96], "action": [1.0, -1.0]}, "4": {"time": 2.4695568084716797, "reward": 0.11462221548655305, "lane_pos": {"dist": -0.257838199595005, "dot_dir": 0.08425048104606336, "angle_deg": 85.16707400625754, "angle_rad": 1.4864458556988718}, "wheel_vel": [0.747494773864746, -0.956107349395752], "action": [0.7786403894424438, -0.995945155620575]}, "5": {"time": 2.480855703353882, "reward": 0.4669231235077078, "lane_pos": {"dist": -0.2428435042451329, "dot_dir": 0.3782638824306345, "angle_deg": 67.77381507207072, "angle_rad": 1.1828762196453921}, "wheel_vel": [3.6796101994696077e-07, 0.928923454284668], "action": [3.8329272911141743e-07, 0.9676285982131958]}, "6": {"time": 2.492856502532959, "reward": -0.06112981409786148, "lane_pos": {"dist": -0.2570877429162861, "dot_dir": 0.09847707518182836, "angle_deg": 84.34851956284251, "angle_rad": 1.47215938555445}, "wheel_vel": [0.0007719974778592586, -0.8844344902038574], "action": [0.0008041640394367278, -0.9212859272956848]}, "7": {"time": 2.5032846927642822, "reward": 0.5014766162350908, "lane_pos": {"dist": -0.24166617634751386, "dot_dir": 0.4005495881470898, "angle_deg": 66.38745961831381, "angle_rad": 1.158679752374354}, "wheel_vel": [0.0004940293170511722, 0.9597417068481446], "action": [0.0005146138719283044, 0.9997309446334839]}, "8": {"time": 2.5143861770629883, "reward": -0.06024555266069446, "lane_pos": {"dist": -0.25691220827094874, "dot_dir": 0.0980526399049502, "angle_deg": 84.3729561790256, "angle_rad": 1.472585884964891}, "wheel_vel": [0.005644528269767761, -0.9549082374572754], "action": [0.005879716947674751, -0.9946960806846619]}, "9": {"time": 2.5257978439331055, "reward": 0.5013353294215797, "lane_pos": {"dist": -0.2414933011390632, "dot_dir": 0.40037989974273425, "angle_deg": 66.39807000827194, "angle_rad": 1.158864938614044}, "wheel_vel": [6.751609034836292e-06, 0.9599928474426269], "action": [7.032926077954471e-06, 0.9999925494194031]}, "10": {"time": 2.5363576412200928, "reward": -0.060866138931647044, "lane_pos": {"dist": -0.25668307202718, "dot_dir": 0.09548538514588564, "angle_deg": 84.52074266531821, "angle_rad": 1.4751652457406503}, "wheel_vel": [0.01119932860136032, -0.9566796112060547], "action": [0.011665967293083668, -0.9965412616729736]}, "11": {"time": 2.5494797229766846, "reward": 0.49846350946591245, "lane_pos": {"dist": -0.24125469285705003, "dot_dir": 0.39800262376506435, "angle_deg": 66.54662791207198, "angle_rad": 1.1614577631652157}, "wheel_vel": [1.7168449994997558e-11, 0.959944896697998], "action": [1.7883802078122457e-11, 0.9999426007270813]}, "12": {"time": 2.562331438064575, "reward": 1.0823260831257526, "lane_pos": {"dist": -0.22769774559942446, "dot_dir": 0.6599609261068073, "angle_deg": 48.703107137134964, "angle_rad": 0.8500295754945546}, "wheel_vel": [0.007028715759515762, 0.9599989700317383], "action": [0.007321578916162252, 0.999998927116394]}, "13": {"time": 2.573996067047119, "reward": 1.0075841407639858, "lane_pos": {"dist": -0.2105597247864215, "dot_dir": 0.7618719023723497, "angle_deg": 40.37050027278395, "angle_rad": 0.7045981504373489}, "wheel_vel": [0.5111911010742187, 0.9562112617492675], "action": [0.5324907302856445, 0.9960533976554871]}, "14": {"time": 2.5845279693603516, "reward": 0.48659052189324425, "lane_pos": {"dist": -0.20201420097831457, "dot_dir": 0.9214920440799788, "angle_deg": 22.854807426183964, "angle_rad": 0.398891639496161}, "wheel_vel": [0.023263891339302064, 0.9587258148193359], "action": [0.024233220145106316, 0.9986727237701416]}, "15": {"time": 2.5953757762908936, "reward": 0.637969225679299, "lane_pos": {"dist": -0.20197083937205518, "dot_dir": 0.5190902914799855, "angle_deg": 58.728750188802934, "angle_rad": 1.0250100563758526}, "wheel_vel": [0.959985237121582, -0.9559371185302735], "action": [0.999984622001648, -0.9957678318023682]}, "16": {"time": 2.607109785079956, "reward": 0.07734823483871728, "lane_pos": {"dist": -0.216020445563192, "dot_dir": 0.24360646050265694, "angle_deg": 75.90050517170928, "angle_rad": 1.324713719173311}, "wheel_vel": [2.2581480152439326e-06, -0.9170909500122071], "action": [2.3522375158790965e-06, -0.9553030729293823]}, "17": {"time": 2.6177947521209717, "reward": 0.6256883562039045, "lane_pos": {"dist": -0.2020113343467589, "dot_dir": 0.5182949127388018, "angle_deg": 58.782053039618205, "angle_rad": 1.0259403666232785}, "wheel_vel": [4.97253481057669e-09, 0.9142464637756347], "action": [5.179723761017385e-09, 0.9523400664329529]}, "18": {"time": 2.628499984741211, "reward": 1.1396902289557387, "lane_pos": {"dist": -0.1888821627178392, "dot_dir": 0.7417582338259949, "angle_deg": 42.118593732055956, "angle_rad": 0.7351081369342227}, "wheel_vel": [0.06764588356018066, 0.9575925064086914], "action": [0.07046446204185486, 0.9974921941757202]}, "19": {"time": 2.6391401290893555, "reward": 0.7391665092919628, "lane_pos": {"dist": -0.17167355737506362, "dot_dir": 0.8023082132472882, "angle_deg": 36.64891074636971, "angle_rad": 0.6396441597936838}, "wheel_vel": [0.6678802299499512, 0.96], "action": [0.6957085728645325, 1.0]}, "20": {"time": 2.650007963180542, "reward": 0.7216752049268311, "lane_pos": {"dist": -0.15288310135153615, "dot_dir": 0.806583870974281, "angle_deg": 36.23650338858321, "angle_rad": 0.6324462935408592}, "wheel_vel": [0.937972412109375, 0.9599978828430176], "action": [0.9770545959472656, 0.9999977946281433]}, "21": {"time": 2.6608736515045166, "reward": 0.6300870683188025, "lane_pos": {"dist": -0.1456695886762236, "dot_dir": 0.5317842111363785, "angle_deg": 57.873913766078864, "angle_rad": 1.0100903462333475}, "wheel_vel": [0.8751909828186035, -0.2803998184204102], "action": [0.9116572737693787, -0.29208314418792725]}, "22": {"time": 2.6715915203094482, "reward": 1.14513995140091, "lane_pos": {"dist": -0.13292988407485806, "dot_dir": 0.7386417940623085, "angle_deg": 42.38415456726744, "angle_rad": 0.7397430478730092}, "wheel_vel": [0.08586369752883911, 0.9131264305114746], "action": [0.08944135159254074, 0.9511733651161194]}, "23": {"time": 2.6831676959991455, "reward": 0.4520936153958277, "lane_pos": {"dist": -0.1406129316428646, "dot_dir": 0.5566381146152068, "angle_deg": 56.176381673703354, "angle_rad": 0.9804628220631263}, "wheel_vel": [0.06345113039016724, -0.6731513786315918], "action": [0.06609492748975754, -0.7011993527412415]}, "24": {"time": 2.694211483001709, "reward": 1.0730444876020628, "lane_pos": {"dist": -0.13100531143605565, "dot_dir": 0.7450227847025004, "angle_deg": 41.83894400087931, "angle_rad": 0.7302273283728733}, "wheel_vel": [8.098873422568432e-08, 0.7657206916809083], "action": [8.436326481842116e-08, 0.797625720500946]}, "25": {"time": 2.704763412475586, "reward": 0.38859503369259146, "lane_pos": {"dist": -0.14235774225478304, "dot_dir": 0.5003062388166248, "angle_deg": 59.97973733394086, "angle_rad": 1.0468439009586337},