{"1": {"time": 24920, "steps": 500, "reward": 421.8405315250682}, "2": {"time": 24925, "steps": 500, "reward": 464.0065256702785}, "3": {"time": 24930, "steps": 500, "reward": 462.43789415899175}, "4": {"time": 24935, "steps": 500, "reward": 467.12351506443156}, "5": {"time": 24940, "steps": 500, "reward": 458.08019938194843}, "6": {"time": 24946, "steps": 500, "reward": 468.35737546006936}, "7": {"time": 24951, "steps": 500, "reward": 457.1361537034513}, "8": {"time": 24956, "steps": 500, "reward": 455.5072992202878}, "9": {"time": 24961, "steps": 500, "reward": 454.460355291343}, "10": {"time": 24966, "steps": 500, "reward": 470.29629712628616}}