{"0": {"time": 2.3751509189605713, "reward": 0.013396483356870575, "lane_pos": {"dist": -0.3094120646784808, "dot_dir": 0.9411560024950502, "angle_deg": -19.753393002311537, "angle_rad": -0.3447617463307442}, "wheel_vel": [3.465465386398137e-05, 0.9599993705749511], "action": [3.609859777498059e-05, 0.9999993443489075]}, "1": {"time": 2.3849387168884277, "reward": -0.07130924133073119, "lane_pos": {"dist": -0.3170741605983243, "dot_dir": 0.7909188286925454, "angle_deg": -37.72853945063149, "angle_rad": -0.6584872353820921}, "wheel_vel": [3.5028752165544578e-09, 0.96], "action": [3.64882835057756e-09, 1.0]}, "2": {"time": 2.3948793411254883, "reward": 0.1006747257029991, "lane_pos": {"dist": -0.3170741295269148, "dot_dir": 0.9995183572291713, "angle_deg": -1.7783514202330182, "angle_rad": -0.031038087540583473}, "wheel_vel": [0.9599943923950195, -0.96], "action": [0.999994158744812, -1.0]}, "3": {"time": 2.404649496078491, "reward": 0.013396146233535355, "lane_pos": {"dist": -0.3200506411856372, "dot_dir": 0.9411553835287217, "angle_deg": -19.753497934141144, "angle_rad": -0.34476357773666094}, "wheel_vel": [1.0446967766682472e-23, 0.96], "action": [1.0882258090294241e-23, 1.0]}, "4": {"time": 2.414353847503662, "reward": -0.07130973611940578, "lane_pos": {"dist": -0.3277127626725451, "dot_dir": 0.7909177073148488, "angle_deg": -37.728644448049316, "angle_rad": -0.6584890679327392}, "wheel_vel": [9.6778011210591e-24, 0.96], "action": [1.0081042834436563e-23, 1.0]}, "5": {"time": 2.4241034984588623, "reward": 0.03700545150311335, "lane_pos": {"dist": -0.3325434321408687, "dot_dir": 0.9684528949641324, "angle_deg": -14.429981532394267, "angle_rad": -0.25185068874225675}, "wheel_vel": [0.9540913009643555, -0.2902221393585205], "action": [0.9938451051712036, -0.30231472849845886]}, "6": {"time": 2.4338958263397217, "reward": 0.46091008236964215, "lane_pos": {"dist": -0.3325434321408687, "dot_dir": 0.9302875839304853, "angle_deg": 21.520311495422085, "angle_rad": 0.3756002916499}, "wheel_vel": [0.96, -0.96], "action": [1.0, -1.0]}}