{"1": {"time": 14533, "steps": 500, "reward": 492.0149028773395}, "2": {"time": 14538, "steps": 500, "reward": 476.26919439082627}, "3": {"time": 14543, "steps": 500, "reward": 463.3999486765317}, "4": {"time": 14549, "steps": 500, "reward": 492.0472386909858}, "5": {"time": 14554, "steps": 500, "reward": 503.58743559731585}, "6": {"time": 14559, "steps": 500, "reward": 484.35834982751277}, "7": {"time": 14564, "steps": 500, "reward": 508.7258201474567}, "8": {"time": 14569, "steps": 500, "reward": 497.5548530420853}, "9": {"time": 14575, "steps": 500, "reward": 505.7783656367615}, "10": {"time": 14580, "steps": 500, "reward": 467.8364985594269}}