{"0": {"time": 1.250373363494873, "reward": 0.02041289033040633, "lane_pos": {"dist": -0.29061492897974783, "dot_dir": 0.9496198502752017, "angle_deg": -18.26449859090394, "angle_rad": -0.3187756366371386}, "wheel_vel": [1.2818129300638787e-29, 0.96], "action": [1.3352218021498736e-29, 1.0]}, "1": {"time": 1.2604665756225586, "reward": -0.07059911828048732, "lane_pos": {"dist": -0.2969467645133036, "dot_dir": 0.9420420812143245, "angle_deg": -19.6026253256017, "angle_rad": -0.34213035396657515}, "wheel_vel": [0.5497096252441407, 0.6211750602722168], "action": [0.5726141929626465, 0.6470573544502258]}, "2": {"time": 1.270432472229004, "reward": -0.07059876570148199, "lane_pos": {"dist": -0.3045720697458335, "dot_dir": 0.7925262923411909, "angle_deg": -37.57777183950972, "angle_rad": -0.6558558441626509}, "wheel_vel": [8.124203621038412e-15, 0.96], "action": [8.462712105248345e-15, 1.0]}, "3": {"time": 1.2805325984954834, "reward": 0.10175605042380492, "lane_pos": {"dist": -0.3045720697458335, "dot_dir": 0.9995966089807267, "angle_deg": -1.6274788116934165, "angle_rad": -0.02840486377049491}, "wheel_vel": [0.96, -0.96], "action": [1.0, -1.0]}, "4": {"time": 1.290497064590454, "reward": 0.01410711665145914, "lane_pos": {"dist": -0.3075073506619198, "dot_dir": 0.9420420812143254, "angle_deg": -19.602625325601547, "angle_rad": -0.3421303539665725}, "wheel_vel": [0.0, 0.96], "action": [0.0, 1.0]}, "5": {"time": 1.300464391708374, "reward": -0.022587163748536476, "lane_pos": {"dist": -0.31749424334360443, "dot_dir": 0.887900561582104, "angle_deg": -27.38939347074736, "angle_rad": -0.47803509618877865}, "wheel_vel": [0.5441314888000488, 0.96], "action": [0.5668036341667175, 1.0]}, "6": {"time": 1.310356616973877, "reward": -0.106739965175431, "lane_pos": {"dist": -0.32699388381517125, "dot_dir": 0.704049882713995, "angle_deg": -45.247163459989764, "angle_rad": -0.7897119795648909}, "wheel_vel": [0.0062685652077198025, 0.9599998283386231], "action": [0.006529755424708128, 0.9999998211860657]}, "7": {"time": 1.3203659057617188, "reward": -0.19142298144095432, "lane_pos": {"dist": -0.33992651986625, "dot_dir": 0.450605507558427, "angle_deg": -63.217460675081945, "angle_rad": -1.1033528335302172}, "wheel_vel": [0.0002588724251836538, 0.9599998855590821], "action": [0.00026965877623297274, 0.9999998807907104]}, "8": {"time": 1.3304860591888428, "reward": -0.2761187293366686, "lane_pos": {"dist": -0.3551003546335445, "dot_dir": 0.1531503849971571, "angle_deg": -81.1904596260121, "angle_rad": -1.417040841681435}, "wheel_vel": [0.0001146378368139267, 0.9599999427795409], "action": [0.00011941441334784031, 0.9999999403953552]}}