{"0": {"time": 18.61035943031311, "reward": 0.15643748837513702, "lane_pos": {"dist": 0.044280497605221125, "dot_dir": 0.9997779306422071, "angle_deg": 1.2075079141160192, "angle_rad": 0.02107498884521345}, "wheel_vel": [0.9599790573120117, 0.9599067306518555], "action": [0.9999781847000122, 0.9999028444290161]}, "1": {"time": 18.62171721458435, "reward": 0.11124919360417099, "lane_pos": {"dist": 0.045671027289157395, "dot_dir": 0.9972535613971125, "angle_deg": 4.247388869498725, "angle_rad": 0.07413092038531251}, "wheel_vel": [0.9579393196105956, 0.7955881690979004], "action": [0.9978534579277039, 0.8287376761436462]}, "2": {"time": 18.63211417198181, "reward": 0.09052630125209349, "lane_pos": {"dist": 0.0481965144681229, "dot_dir": 0.9961907617230663, "angle_deg": 5.002587082844231, "angle_rad": 0.08731161571337016}, "wheel_vel": [0.9597887992858887, 0.9194558715820312], "action": [0.999779999256134, 0.9577665328979492]}, "3": {"time": 18.642372131347656, "reward": -0.07131143512200436, "lane_pos": {"dist": 0.04893653276494181, "dot_dir": 0.7805860956725907, "angle_deg": 38.68573086599883, "angle_rad": 0.6751933771520768}, "wheel_vel": [0.9599925613403321, -0.8389256286621094], "action": [0.9999922513961792, -0.8738808631896973]}, "4": {"time": 18.655401706695557, "reward": -0.1457159129246132, "lane_pos": {"dist": 0.06251594903145974, "dot_dir": 0.6075412471340916, "angle_deg": 52.58806932699842, "angle_rad": 0.917834957023161}, "wheel_vel": [0.9424688529968263, 0.1999856185913086], "action": [0.9817383885383606, 0.20831835269927979]}, "5": {"time": 18.66584300994873, "reward": -0.4596873916198671, "lane_pos": {"dist": 0.048502590141716984, "dot_dir": 0.33276917017703794, "angle_deg": 70.56306069902301, "angle_rad": 1.231557739482563}, "wheel_vel": [5.834969124407508e-07, -0.9599911308288575], "action": [6.078092837924487e-07, -0.9999907612800598]}, "6": {"time": 18.676128387451172, "reward": -0.23981534988063602, "lane_pos": {"dist": -0.28250259014171686, "dot_dir": 0.2842388057485079, "angle_deg": -73.48664627316063, "angle_rad": -1.2825839337150733}, "wheel_vel": [0.96, -0.96], "action": [1.0, -1.0]}, "7": {"time": 18.687423944473267, "reward": -0.3107441597908053, "lane_pos": {"dist": 0.06429979603344782, "dot_dir": 0.025510329383425713, "angle_deg": 88.53820721293245, "angle_rad": 1.5452832296786634}, "wheel_vel": [6.695281048324509e-14, 0.96], "action": [6.974251092004696e-14, 1.0]}, "8": {"time": 18.69775700569153, "reward": -0.5104421077328132, "lane_pos": {"dist": -0.28813066321816994, "dot_dir": 0.1738873547163011, "angle_deg": -79.9860844626609, "angle_rad": -1.396020529651712}, "wheel_vel": [4.492202861001715e-06, -0.612879524230957], "action": [4.67937798021012e-06, -0.6384161710739136]}, "9": {"time": 18.70816946029663, "reward": -0.280116278887907, "lane_pos": {"dist": 0.07006257167219787, "dot_dir": 0.13850300712738078, "angle_deg": 82.03876902343092, "angle_rad": 1.4318466337420026}, "wheel_vel": [1.1395807888514452e-29, 0.96], "action": [1.1870633217202555e-29, 1.0]}, "10": {"time": 18.71887516975403, "reward": -0.19582117023216564, "lane_pos": {"dist": -0.3045633150411694, "dot_dir": 0.4503192509441779, "angle_deg": -63.235831396735016, "angle_rad": -1.1036734631090306}, "wheel_vel": [0.9427534103393554, -0.91182861328125], "action": [0.9820348024368286, -0.9498214721679688]}, "11": {"time": 18.73048186302185, "reward": -0.2762154051699457, "lane_pos": {"dist": -0.3197369759390034, "dot_dir": 0.15279648824155198, "angle_deg": -81.2109779106432, "angle_rad": -1.417398953305109}, "wheel_vel": [1.522950821663649e-22, 0.96], "action": [1.5864071058996345e-22, 1.0]}, "12": {"time": 18.740857124328613, "reward": -0.2743441045014898, "lane_pos": {"dist": 0.10167134515296306, "dot_dir": 0.15964212379687068, "angle_deg": 80.81387557544863, "angle_rad": 1.4104682100886057}, "wheel_vel": [2.810024938542742e-25, 0.96], "action": [2.9271093109820226e-25, 1.0]}, "13": {"time": 18.75151491165161, "reward": -0.5162167822487007, "lane_pos": {"dist": -0.3197379414297764, "dot_dir": 0.152783330925064, "angle_deg": -81.21174072579485, "angle_rad": -1.4174122669410896}, "wheel_vel": [8.870411838870496e-06, -0.9599503898620606], "action": [9.240012332156766e-06, -0.9999483227729797]}, "14": {"time": 18.763169050216675, "reward": -0.43155595710999706, "lane_pos": {"dist": -0.3045714411205849, "dot_dir": 0.4501656899288176, "angle_deg": -63.24568505974668, "angle_rad": -1.103845441971966}, "wheel_vel": [1.4604614360350398e-23, -0.9595144844055176], "action": [1.521313995869833e-23, -0.9994942545890808]}, "15": {"time": 18.774128675460815, "reward": -0.2762618391584206, "lane_pos": {"dist": -0.3197459385050888, "dot_dir": 0.15262652766608942, "angle_deg": -81.2208315090342, "angle_rad": -1.4175709310402014}, "wheel_vel": [3.4512002855535685e-09, 0.96], "action": [3.5950002974516337e-09, 1.0]}, "16": {"time": 18.785198211669922, "reward": -0.4315559567990473, "lane_pos": {"dist": -0.30457144117864554, "dot_dir": 0.45016569094146885, "angle_deg": -63.24568499476995, "angle_rad": -1.1038454408379084}, "wheel_vel": [1.9017014629696406e-11, -0.96], "action": [1.980939023926709e-11, -1.0]}, "17": {"time": 18.79561495780945, "reward": -0.2762618391529861, "lane_pos": {"dist": -0.3197459385060214, "dot_dir": 0.15262652768598128, "angle_deg": -81.22083150788097, "angle_rad": -1.4175709310200737}, "wheel_vel": [4.257418084741005e-11, 0.96], "action": [4.4348105049385467e-11, 1.0]}, "18": {"time": 18.806535243988037, "reward": -0.27433831387387486, "lane_pos": {"dist": 0.10167832100553809, "dot_dir": 0.15977312916728867, "angle_deg": 80.80627192287861, "angle_rad": 1.4103355013160812}, "wheel_vel": [4.963661378257973e-18, 0.9598798370361328], "action": [5.170480602352055e-18, 0.9998748302459717]}, "19": {"time": 18.817940950393677, "reward": -0.5165941499178716, "lane_pos": {"dist": -0.31980797888055756, "dot_dir": 0.1514100505555984, "angle_deg": -81.29135010771907, "angle_rad": -1.4188017127711448}, "wheel_vel": [1.2316152364633128e-09, -0.9561136436462403], "action": [1.2829325379826173e-09, -0.9959517121315002]}, "20": {"time": 18.828372716903687, "reward": -0.27396535944566014, "lane_pos": {"dist": 0.10174225495864553, "dot_dir": 0.16102673528926312, "angle_deg": 80.73350337837276, "angle_rad": 1.40906545062257}, "wheel_vel": [8.697068402614313e-22, 0.96], "action": [9.05944625272324e-22, 1.0]}, "21": {"time": 18.838889837265015, "reward": -0.5165941184832571, "lane_pos": {"dist": -0.3198079828344411, "dot_dir": 0.15141005354707338, "angle_deg": -81.29134993432108, "angle_rad": -1.418801709744779}, "wheel_vel": [1.2370159765850986e-07, -0.9599998855590821], "action": [1.288558308942811e-07, -0.9999998807907104]}, "22": {"time": 18.850561141967773, "reward": -0.43188915060580035, "lane_pos": {"dist": -0.30462766172612654, "dot_dir": 0.44906340861411526, "angle_deg": -63.31639091573988, "angle_rad": -1.1050794919594884}, "wheel_vel": [3.311311849718557e-12, -0.9599899864196777], "action": [3.4492831767901633e-12, -0.9999895691871643]}, "23": {"time": 18.86128330230713, "reward": -0.22756747754996953, "lane_pos": {"dist": -0.32790653004109394, "dot_dir": 0.3300709519894557, "angle_deg": -70.72691795653027, "angle_rad": -1.2344175881293529}, "wheel_vel": [0.5611972618103027, 0.9569718360900878], "action": [0.5845804810523987, 0.9968456625938416]}, "24": {"time": 18.87165355682373, "reward": -0.3115163281816834, "lane_pos": {"dist": -0.3435849307768081, "dot_dir": 0.02265132972055043, "angle_deg": -88.70206339903622, "angle_rad": -1.548143059625935}, "wheel_vel": [7.855664926593548e-18, 0.9599999427795409], "action": [8.182984298534945e-18, 0.9999999403953552]}}