{"1": {"time": 22090, "steps": 500, "reward": 370.21271165702444}, "2": {"time": 22095, "steps": 500, "reward": 355.06023692349817}, "3": {"time": 22101, "steps": 500, "reward": 358.4011294633285}, "4": {"time": 22106, "steps": 500, "reward": 369.73981113735135}, "5": {"time": 22111, "steps": 500, "reward": 355.2310903631255}, "6": {"time": 22116, "steps": 500, "reward": 357.45983600037977}, "7": {"time": 22121, "steps": 500, "reward": 346.2604184810596}, "8": {"time": 22127, "steps": 500, "reward": 359.45224822303857}, "9": {"time": 22132, "steps": 500, "reward": 350.97748756556825}, "10": {"time": 22137, "steps": 500, "reward": 351.79546838139413}}