{"0": {"time": 12.06239914894104, "reward": 0.6294341803984423, "lane_pos": {"dist": 0.0775305345965368, "dot_dir": 0.8595093441628576, "angle_deg": -30.738463358015835, "angle_rad": -0.5364873926010089}, "wheel_vel": [0.0002988720126450062, 0.96], "action": [0.00031132501317188144, 1.0]}, "1": {"time": 12.072465658187866, "reward": 0.6712183170898671, "lane_pos": {"dist": 0.06369439537618549, "dot_dir": 0.834080939804972, "angle_deg": -33.479739697668975, "angle_rad": -0.5843316904349746}, "wheel_vel": [0.9594848442077637, 0.5690386390686035], "action": [0.9994633793830872, 0.5927485823631287]}, "2": {"time": 12.082523584365845, "reward": 1.0973488048739832, "lane_pos": {"dist": 0.0459891453488817, "dot_dir": 0.7891035523903063, "angle_deg": -37.89818417979312, "angle_rad": -0.6614480944646166}, "wheel_vel": [0.9571541976928711, 0.853718719482422], "action": [0.9970356225967407, 0.8892903327941895]}, "3": {"time": 12.09259843826294, "reward": 0.1773802978614067, "lane_pos": {"dist": 0.04599068602354059, "dot_dir": 0.9994190867316644, "angle_deg": -1.953054239288195, "angle_rad": -0.0340872269456122}, "wheel_vel": [0.9597242546081544, -0.96], "action": [0.9997127652168274, -1.0]}, "4": {"time": 12.102710962295532, "reward": 0.4074358921756216, "lane_pos": {"dist": 0.04266298932954293, "dot_dir": 0.9774497693384119, "angle_deg": -12.190812164006472, "angle_rad": -0.21276981075408788}, "wheel_vel": [0.5311039924621582, 0.96], "action": [0.5532333254814148, 1.0]}, "5": {"time": 12.112744331359863, "reward": 1.129194150848889, "lane_pos": {"dist": 0.036906300114240675, "dot_dir": 0.8645735102339412, "angle_deg": -30.165958676393547, "angle_rad": -0.5264953009236181}, "wheel_vel": [8.123661743297817e-11, 0.96], "action": [8.462147649268559e-11, 1.0]}, "6": {"time": 12.122885704040527, "reward": 0.18348762448714745, "lane_pos": {"dist": 0.03690643561754858, "dot_dir": 0.994909591161222, "angle_deg": 5.783601512302418, "angle_rad": 0.10094288901300053}, "wheel_vel": [0.9599608612060547, -0.96], "action": [0.9999592304229736, -1.0]}, "7": {"time": 12.133078813552856, "reward": 0.40107790969116514, "lane_pos": {"dist": 0.03676133421630656, "dot_dir": 0.9934136671485957, "angle_deg": -6.5795792650375615, "angle_rad": -0.11483532157085408}, "wheel_vel": [0.2977599620819092, 0.9580412864685058], "action": [0.3101666271686554, 0.9979596734046936]}, "8": {"time": 12.143126249313354, "reward": 1.0042091145790546, "lane_pos": {"dist": 0.032485038927268395, "dot_dir": 0.9095648466428272, "angle_deg": -24.55471433876675, "angle_rad": -0.4285606120981421}, "wheel_vel": [6.109864989412017e-07, 0.96], "action": [6.364442697304185e-07, 1.0]}, "9": {"time": 12.153210639953613, "reward": 0.5072254054914394, "lane_pos": {"dist": 0.023615787470523952, "dot_dir": 0.7391501830051331, "angle_deg": -42.34092556606945, "angle_rad": -0.7389885594697557}, "wheel_vel": [0.00973302483558655, 0.9596425437927246], "action": [0.01013856753706932, 0.9996276497840881]}, "10": {"time": 12.163487195968628, "reward": 0.6196026597205109, "lane_pos": {"dist": 0.02361712251881587, "dot_dir": 0.9937719876461795, "angle_deg": -6.397908430747757, "angle_rad": -0.11166456735765197}, "wheel_vel": [0.95970703125, -0.9599043846130371], "action": [0.99969482421875, -0.9999004006385803]}, "11": {"time": 12.173561334609985, "reward": 0.824744491996712, "lane_pos": {"dist": 0.019389520724562792, "dot_dir": 0.9108778348176875, "angle_deg": -24.373054944655934, "angle_rad": -0.4253900575537303}, "wheel_vel": [3.6040877517107794e-16, 0.96], "action": [3.7542580746987284e-16, 1.0]}, "12": {"time": 12.183651208877563, "reward": 0.3526825362949817, "lane_pos": {"dist": 0.019389520724562792, "dot_dir": 0.9796550546018572, "angle_deg": 11.577238083160411, "angle_rad": 0.20206092283842625}, "wheel_vel": [0.96, -0.96], "action": [1.0, -1.0]}, "13": {"time": 12.193726778030396, "reward": 0.6676357535929779, "lane_pos": {"dist": 0.020121389929535827, "dot_dir": 0.9939000983880222, "angle_deg": -6.331696003566036, "angle_rad": -0.11050894249759396}, "wheel_vel": [0.00353621207177639, 0.96], "action": [0.0036835542414337397, 1.0]}, "14": {"time": 12.203752040863037, "reward": 0.7277510396019367, "lane_pos": {"dist": 0.016595163418929193, "dot_dir": 0.9939079942876281, "angle_deg": -6.327592533052903, "angle_rad": -0.11043732342638128}, "wheel_vel": [0.9596395111083984, 0.9594203567504883], "action": [0.999624490737915, 0.9993962049484253]}, "15": {"time": 12.213801622390747, "reward": 0.11850439932982923, "lane_pos": {"dist": 0.01657565217981971, "dot_dir": 0.8703717333795264, "angle_deg": 29.49813391533575, "angle_rad": 0.5148395600168151}, "wheel_vel": [0.9537109565734864, -0.9596363067626953], "action": [0.9934489130973816, -0.9996211528778076]}, "16": {"time": 12.223918914794922, "reward": -0.17097975065388307, "lane_pos": {"dist": 0.007327940806028721, "dot_dir": 0.6873355784010146, "angle_deg": 46.58043487836286, "angle_rad": 0.8129819556382363}, "wheel_vel": [0.004257831126451493, -0.9080578994750977], "action": [0.0044352407567203045, -0.9458936452865601]}, "17": {"time": 12.234105110168457, "reward": -0.10145597314137828, "lane_pos": {"dist": 0.007327940806028721, "dot_dir": 0.1299944584870953, "angle_deg": 82.53072790617922, "angle_rad": 1.4404329360303931}, "wheel_vel": [0.96, -0.96], "action": [1.0, -1.0]}, "18": {"time": 12.244170188903809, "reward": -0.18539721698322537, "lane_pos": {"dist": -0.2416897159861222, "dot_dir": 0.4704150266881508, "angle_deg": -61.93875981388784, "angle_rad": -1.081035293354293}, "wheel_vel": [0.96, -0.937580738067627], "action": [1.0, -0.9766466021537781]}, "19": {"time": 12.254182577133179, "reward": -0.2701030993361655, "lane_pos": {"dist": -0.2567493660275437, "dot_dir": 0.17512777097401053, "angle_deg": -79.91390632779581, "angle_rad": -1.394760783550368}, "wheel_vel": [1.0978238988452322e-14, 0.96], "action": [1.1435665612971168e-14, 1.0]}, "20": {"time": 12.264225959777832, "reward": -0.2855890442870358, "lane_pos": {"dist": 0.04423827245357437, "dot_dir": 0.028171459292915323, "angle_deg": 88.3856807027522, "angle_rad": 1.5426211398794414}, "wheel_vel": [0.33511516571044925, 0.96], "action": [0.34907829761505127, 1.0]}, "21": {"time": 12.27509331703186, "reward": -0.22532670804518806, "lane_pos": {"dist": 0.05990210478553282, "dot_dir": 0.3352532555672006, "angle_deg": 70.41206098409454, "angle_rad": 1.2289222972874883}, "wheel_vel": [8.154166862368583e-05, 0.96], "action": [8.493923814967275e-05, 1.0]}, "22": {"time": 12.28505802154541, "reward": -0.14062082569224682, "lane_pos": {"dist": 0.07389555241761481, "dot_dir": 0.6096345816864553, "angle_deg": 52.43691447018635, "angle_rad": 0.9151968070914098}, "wheel_vel": [3.4724934234530606e-36, 0.96], "action": [3.617180649430271e-36, 1.0]}, "23": {"time": 12.29507851600647, "reward": -0.31003259039812914, "lane_pos": {"dist": 0.07389555241761481, "dot_dir": 0.028144822255073688, "angle_deg": 88.38720749800271, "angle_rad": 1.5426477874835667}, "wheel_vel": [0.96, -0.96], "action": [1.0, -1.0]}, "24": {"time": 12.305084228515625, "reward": -0.27108529818244526, "lane_pos": {"dist": 0.0983937928861005, "dot_dir": 0.17154517018587645, "angle_deg": 80.12232932516267, "angle_rad": 1.398398451091295}, "wheel_vel": [0.5185969161987305, 0.9599998855590821], "action": [0.5402051210403442, 0.9999998807907104]}, "25": {"time": 12.315163850784302, "reward": -0.1876217231138033, "lane_pos": {"dist": 0.11354412091164656, "dot_dir": 0.46482827501606916, "angle_deg": 62.30089112936507, "angle_rad": 1.087355677133949}, "wheel_vel": [0.006137101650238038, 0.9579279899597167], "action": [0.006392814218997955, 0.9978416562080383]}, "26": {"time": 12.325081825256348, "reward": -0.10246776422945225, "lane_pos": {"dist": 0.12631979225567225, "dot_dir": 0.715331634387234, "angle_deg": 44.32961560300889, "angle_rad": 0.7736977484159566}, "wheel_vel": [6.04633036971336e-10, 0.9597932624816894],