{"0": {"time": 9.087497234344482, "reward": 0.36273370938140703, "lane_pos": {"dist": 0.06213033137213775, "dot_dir": 0.9588406222487316, "angle_deg": -16.495785765190647, "angle_rad": -0.287905774306189}, "wheel_vel": [1.5174400232353947e-07, 0.96], "action": [1.5806666908702027e-07, 1.0]}, "1": {"time": 9.098021745681763, "reward": 0.6851809295995424, "lane_pos": {"dist": 0.055274544872239595, "dot_dir": 0.8244134359762147, "angle_deg": -34.470932279098804, "angle_rad": -0.601631264502267}, "wheel_vel": [4.611017537575064e-31, 0.96], "action": [4.803143268307358e-31, 1.0]}, "2": {"time": 9.108491659164429, "reward": 0.1028376221451246, "lane_pos": {"dist": 0.055274544872239595, "dot_dir": 0.9996666896532931, "angle_deg": 1.4793607487177005, "angle_rad": 0.025819715889892354}, "wheel_vel": [0.96, -0.96], "action": [1.0, -1.0]}, "3": {"time": 9.118618726730347, "reward": 0.362317839923221, "lane_pos": {"dist": 0.05319287432068698, "dot_dir": 0.9589475976787556, "angle_deg": -16.474185988770408, "angle_rad": -0.2875287870899612}, "wheel_vel": [0.0011535808816552163, 0.96], "action": [0.0012016467517241836, 1.0]}, "4": {"time": 9.12893033027649, "reward": 0.8015506311108855, "lane_pos": {"dist": 0.04634251096935316, "dot_dir": 0.8246267476526022, "angle_deg": -34.449332502678594, "angle_rad": -0.6012542772860398}, "wheel_vel": [2.0267128333459458e-32, 0.96], "action": [2.111159201402027e-32, 1.0]}, "5": {"time": 9.139265298843384, "reward": 0.13200122643926082, "lane_pos": {"dist": 0.04634251096935316, "dot_dir": 0.9996568859961837, "angle_deg": 1.5009605251377323, "angle_rad": 0.026196703106116544}, "wheel_vel": [0.96, -0.96], "action": [1.0, -1.0]}, "6": {"time": 9.149420738220215, "reward": 0.4616480541589547, "lane_pos": {"dist": 0.044268637909618214, "dot_dir": 0.959304481457421, "angle_deg": -16.40192632888912, "angle_rad": -0.28626761810866147}, "wheel_vel": [0.003693695515394211, 0.9598345184326172], "action": [0.003847599495202303, 0.9998276233673096]}, "7": {"time": 9.159525632858276, "reward": 1.234014319389205, "lane_pos": {"dist": 0.037436424173220684, "dot_dir": 0.8253395062339358, "angle_deg": -34.37707284279732, "angle_rad": -0.5999931083047402}, "wheel_vel": [4.5519928748198454e-26, 0.96], "action": [4.741659244604005e-26, 1.0]}, "8": {"time": 9.169874429702759, "reward": 0.24047465491193634, "lane_pos": {"dist": 0.037436424173220684, "dot_dir": 0.9996230563136866, "angle_deg": 1.573220185019051, "angle_rad": 0.02745787208741681}, "wheel_vel": [0.96, -0.96], "action": [1.0, -1.0]}, "9": {"time": 9.1801438331604, "reward": 0.2349660480391971, "lane_pos": {"dist": 0.038199069853408596, "dot_dir": 0.9997832362088743, "angle_deg": 1.1929956071995433, "angle_rad": 0.020821701307461}, "wheel_vel": [0.937727222442627, 0.9580339050292969], "action": [0.9767991900444031, 0.9979519844055176]}, "10": {"time": 9.190919399261475, "reward": 0.5344633217909721, "lane_pos": {"dist": 0.03621792712877692, "dot_dir": 0.9745777207279652, "angle_deg": -12.947003169803834, "angle_rad": -0.22596783357921937}, "wheel_vel": [0.2043385648727417, 0.9595145416259766], "action": [0.21285267174243927, 0.9994943141937256]}, "11": {"time": 9.201684951782227, "reward": 1.0838417295248142, "lane_pos": {"dist": 0.030265645401581828, "dot_dir": 0.8578663143123746, "angle_deg": -30.92214968371198, "angle_rad": -0.5396933237752972}, "wheel_vel": [4.6985596480098406e-29, 0.96], "action": [4.894332966676917e-29, 1.0]}, "12": {"time": 9.211926221847534, "reward": 0.2923291192012587, "lane_pos": {"dist": 0.030265645401581828, "dot_dir": 0.9961517675373465, "angle_deg": 5.028143344104368, "angle_rad": 0.08775765661685943}, "wheel_vel": [0.96, -0.96], "action": [1.0, -1.0]}, "13": {"time": 9.222038507461548, "reward": 0.007813659723352129, "lane_pos": {"dist": 0.0312919123098938, "dot_dir": 0.7904179069851128, "angle_deg": 37.77541728568937, "angle_rad": 0.659305407950059}, "wheel_vel": [0.96, -0.7889361190795898], "action": [1.0, -0.8218084573745728]}, "14": {"time": 9.232251405715942, "reward": 0.05997497378449157, "lane_pos": {"dist": 0.03896543662757079, "dot_dir": 0.9408791681160347, "angle_deg": 19.80027077178121, "angle_rad": 0.34557991775398084}, "wheel_vel": [1.3454339704483486e-32, 0.96], "action": [1.4014937192170297e-32, 1.0]}, "15": {"time": 9.242439270019531, "reward": -0.08442880302788602, "lane_pos": {"dist": 0.043485533197267334, "dot_dir": 0.6907051663506367, "angle_deg": 46.31404515485467, "angle_rad": 0.8083325778695409}, "wheel_vel": [0.9588393974304199, -0.4571837425231933], "action": [0.9987910389900208, -0.4762330651283264]}, "16": {"time": 9.253361463546753, "reward": -0.027061601449401118, "lane_pos": {"dist": 0.05314748938597558, "dot_dir": 0.8801552876978554, "angle_deg": 28.338898640946482, "angle_rad": 0.49460708767346245}, "wheel_vel": [5.543695166944378e-29, 0.96], "action": [5.77468246556706e-29, 1.0]}, "17": {"time": 9.263679265975952, "reward": 0.05764426609883733, "lane_pos": {"dist": 0.05842753045742399, "dot_dir": 0.9836854685955329, "angle_deg": 10.363755268693794, "angle_rad": 0.1808816523096163}, "wheel_vel": [1.6778662939032075e-07, 0.96], "action": [1.7477773894825077e-07, 1.0]}, "18": {"time": 9.27392053604126, "reward": -0.11176749860704482, "lane_pos": {"dist": 0.05842753045742399, "dot_dir": 0.6907051266994485, "angle_deg": 46.31404829651012, "angle_rad": 0.8083326327017726}, "wheel_vel": [0.96, -0.96], "action": [1.0, -1.0]}, "19": {"time": 9.284290552139282, "reward": -0.2811792633129273, "lane_pos": {"dist": 0.05842753045742399, "dot_dir": 0.13460290901968336, "angle_deg": 82.26434132432648, "angle_rad": 1.4357836130939294}, "wheel_vel": [0.96, -0.96], "action": [1.0, -1.0]}, "20": {"time": 9.295008897781372, "reward": -0.19647338095998584, "lane_pos": {"dist": 0.07368806148029727, "dot_dir": 0.4338290075073936, "angle_deg": 64.28919481041828, "angle_rad": 1.1220581228978508}, "wheel_vel": [9.938448798975928e-18, 0.96], "action": [1.0352550832266591e-17, 1.0]}, "21": {"time": 9.306503057479858, "reward": -0.2693802463585083, "lane_pos": {"dist": -0.30768806148029726, "dot_dir": 0.17776299872806392, "angle_deg": -79.76051216176535, "angle_rad": -1.3920835502997855}, "wheel_vel": [0.96, -0.96], "action": [1.0, -1.0]}, "22": {"time": 9.316599369049072, "reward": -0.09996848165262612, "lane_pos": {"dist": -0.30768806148029726, "dot_dir": 0.7216367676691673, "angle_deg": -43.810219133949, "angle_rad": -0.7646325699076286}, "wheel_vel": [0.96, -0.96], "action": [1.0, -1.0]}, "23": {"time": 9.32675552368164, "reward": -0.17909296115681858, "lane_pos": {"dist": -0.32112787552244315, "dot_dir": 0.492330333135809, "angle_deg": -60.5061369736252, "angle_rad": -1.0560313078524373}, "wheel_vel": [0.06653258085250854, 0.958212718963623], "action": [0.06930477172136307, 0.9981382489204407]}, "24": {"time": 9.33688735961914, "reward": -0.17865004198666337, "lane_pos": {"dist": -0.3489804463997479, "dot_dir": 0.4923225530928335, "angle_deg": -60.50664910388769, "angle_rad": -1.0560402462117167}, "wheel_vel": [0.9599666976928711, 0.9599940490722657], "action": [0.9999653100967407, 0.9999938011169434]}, "25": {"time": 9.346959352493286, "reward": -0.13358822790289085, "lane_pos": {"dist": -0.36836766257890696, "dot_dir": 0.6300729352642767, "angle_deg": -50.944496227402105, "angle_rad": -0.8891491949379966}, "wheel_vel": [0.9599989700317383, 0.44931235313415524], "action": [0.999998927116394, 0.46803370118141174]}}