{"1": {"time": 10793, "steps": 500, "reward": 364.5064791847952}, "2": {"time": 10798, "steps": 500, "reward": 328.9366243965506}, "3": {"time": 10803, "steps": 500, "reward": 355.77949485531957}, "4": {"time": 10808, "steps": 500, "reward": 342.9304470435017}, "5": {"time": 10813, "steps": 500, "reward": 338.54022588647956}, "6": {"time": 10819, "steps": 500, "reward": 366.2169275558827}, "7": {"time": 10824, "steps": 500, "reward": 375.47492178825263}, "8": {"time": 10829, "steps": 500, "reward": 363.5686636564163}, "9": {"time": 10834, "steps": 500, "reward": 368.4285518734361}, "10": {"time": 10839, "steps": 500, "reward": 392.7642106991249}}