{"1": {"time": 3443, "steps": 500, "reward": 216.19168960064533}, "2": {"time": 3448, "steps": 500, "reward": 348.40786564553906}, "3": {"time": 3453, "steps": 500, "reward": 360.50103588910315}, "4": {"time": 3459, "steps": 500, "reward": 385.3622003733436}, "5": {"time": 3464, "steps": 500, "reward": 240.60891186962138}, "6": {"time": 3469, "steps": 500, "reward": 366.25773772354665}, "7": {"time": 3474, "steps": 500, "reward": 283.1974003617349}, "8": {"time": 3480, "steps": 500, "reward": 365.06233387770607}, "9": {"time": 3485, "steps": 500, "reward": 315.0747726425281}, "10": {"time": 3490, "steps": 500, "reward": 291.99758380583734}}