{"1": {"time": 1.3640575408935547, "steps": 133, "reward": 63.26234027345349}, "2": {"time": 1.930879831314087, "steps": 54, "reward": 5.738261604268114}, "3": {"time": 6.978309392929077, "steps": 500, "reward": 263.6357589040937}, "4": {"time": 7.090177297592163, "steps": 8, "reward": -1.9731473253418588}, "5": {"time": 10.852553606033325, "steps": 370, "reward": 189.97605844355894}, "6": {"time": 13.073339462280273, "steps": 214, "reward": 73.2494069112337}, "7": {"time": 13.625532627105713, "steps": 51, "reward": 22.950144285394078}, "8": {"time": 15.345327377319336, "steps": 167, "reward": 88.55523141627991}, "9": {"time": 15.986264944076538, "steps": 62, "reward": 12.844981127490453}, "10": {"time": 21.089112997055054, "steps": 500, "reward": 151.77868977068428}}