{"4000": {"time": 22033.723570346832, "steps": 136, "reward": 626.9216654390673, "actor_loss": -367.841552734375, "critic_loss": 378.0621337890625}}