{"5000": {"time": 30920.47766804695, "steps": 500, "reward": 4443.217861646013, "actor_loss": -434.10858154296875, "critic_loss": 543.1326293945312}}