{"6000": {"time": 34985.166769981384, "steps": 188, "reward": 1516.5278897307444, "actor_loss": -513.2003784179688, "critic_loss": 6061.650390625}}