{"1": {"time": 0.16136693954467773, "steps": 14, "reward": -1.4651465549587817}, "2": {"time": 1.1500914096832275, "steps": 99, "reward": 30.13930348451886}, "3": {"time": 3.341082811355591, "steps": 215, "reward": 76.75634433278451}, "4": {"time": 3.6409478187561035, "steps": 28, "reward": 4.811070236424958}, "5": {"time": 3.7554843425750732, "steps": 10, "reward": -0.69781730880881}, "6": {"time": 4.213561773300171, "steps": 45, "reward": 15.419191198302467}, "7": {"time": 9.292240142822266, "steps": 500, "reward": 221.52277641955308}, "8": {"time": 9.681721210479736, "steps": 38, "reward": -0.2604822437606198}, "9": {"time": 10.240268468856812, "steps": 54, "reward": 18.11482728267764}, "10": {"time": 10.710747003555298, "steps": 46, "reward": 5.248610178676153}}