{"1": {"time": 12658, "steps": 500, "reward": 439.6339728633646}, "2": {"time": 12663, "steps": 500, "reward": 395.49639298571765}, "3": {"time": 12668, "steps": 500, "reward": 406.3638905141861}, "4": {"time": 12673, "steps": 500, "reward": 399.5735298870197}, "5": {"time": 12678, "steps": 500, "reward": 428.39457243032683}, "6": {"time": 12684, "steps": 500, "reward": 444.2580290536163}, "7": {"time": 12689, "steps": 500, "reward": 406.4508304500079}, "8": {"time": 12694, "steps": 500, "reward": 397.97698455207995}, "9": {"time": 12699, "steps": 500, "reward": 413.72796242762774}, "10": {"time": 12704, "steps": 500, "reward": 437.80661929719685}}