{"1": {"time": 18898, "steps": 500, "reward": 469.87278593906495}, "2": {"time": 18903, "steps": 500, "reward": 455.8319695693368}, "3": {"time": 18908, "steps": 500, "reward": 465.59755005107434}, "4": {"time": 18913, "steps": 500, "reward": 456.25386063085966}, "5": {"time": 18918, "steps": 500, "reward": 469.3455397433055}, "6": {"time": 18924, "steps": 500, "reward": 484.53715778375164}, "7": {"time": 18929, "steps": 500, "reward": 474.2323807039132}, "8": {"time": 18934, "steps": 500, "reward": 449.88021726802253}, "9": {"time": 18939, "steps": 500, "reward": 469.64406772645447}, "10": {"time": 18944, "steps": 500, "reward": 473.86988509391114}}