{"0": {"time": 5.058590888977051, "reward": 0.0875496047261678, "lane_pos": {"dist": 0.01689194762837265, "dot_dir": 0.8328705606810606, "angle_deg": 33.60524683052776, "angle_rad": 0.5865222031380983}, "wheel_vel": [0.9569896888732911, -0.9597761535644531], "action": [0.9968642592430115, -0.9997668266296387]}, "1": {"time": 5.06854772567749, "reward": 0.21199076935458533, "lane_pos": {"dist": 0.023611678127805624, "dot_dir": 0.962214891229976, "angle_deg": 15.800652801959696, "angle_rad": 0.27577341535866423}, "wheel_vel": [0.00887742429971695, 0.9597687149047852], "action": [0.009247316978871822, 0.9997590780258179]}, "2": {"time": 5.078651189804077, "reward": 0.5119636708694861, "lane_pos": {"dist": 0.025515308316252594, "dot_dir": 0.9993155146415343, "angle_deg": -2.1200421088174313, "angle_rad": -0.03700171507978808}, "wheel_vel": [0.0029081008583307266, 0.96], "action": [0.0030292717274278402, 1.0]}, "3": {"time": 5.088596820831299, "reward": 0.5535862832935908, "lane_pos": {"dist": 0.02462206594856986, "dot_dir": 0.9818020382525174, "angle_deg": -10.94737055655993, "angle_rad": -0.19106766064785488}, "wheel_vel": [1.4534000074490905e-05, 0.47145632743835447], "action": [1.5139583410928026e-05, 0.49110034108161926]}, "4": {"time": 5.098666429519653, "reward": 0.6694489955504686, "lane_pos": {"dist": 0.019189163071722692, "dot_dir": 0.8752745308633608, "angle_deg": -28.92251707046791, "angle_rad": -0.5047931508439298}, "wheel_vel": [1.1247329565096388e-14, 0.96], "action": [1.1715968296975403e-14, 1.0]}, "5": {"time": 5.108680963516235, "reward": 0.4448748545402753, "lane_pos": {"dist": 0.019189163071722692, "dot_dir": 0.9924869549598677, "angle_deg": 7.0277759573484655, "angle_rad": 0.1226578295482273}, "wheel_vel": [0.96, -0.96], "action": [1.0, -1.0]}, "6": {"time": 5.118768930435181, "reward": 0.8276456570593851, "lane_pos": {"dist": 0.01875431921881654, "dot_dir": 0.9848169630879052, "angle_deg": -9.9969606484626, "angle_rad": -0.17447987850797977}, "wheel_vel": [0.05075861334800721, 0.96], "action": [0.052873555570840836, 1.0]}, "7": {"time": 5.128774881362915, "reward": 0.2327128237369902, "lane_pos": {"dist": 0.0190473704480284, "dot_dir": 0.9552418606249227, "angle_deg": 17.207071045029032, "angle_rad": 0.30032004436033805}, "wheel_vel": [0.8675835800170899, -0.585304183959961], "action": [0.9037328958511353, -0.609691858291626]}, "8": {"time": 5.138664484024048, "reward": 0.5572852432201473, "lane_pos": {"dist": 0.021325453122341798, "dot_dir": 0.9999101483565578, "angle_deg": -0.7680754688789178, "angle_rad": -0.013405445835736355}, "wheel_vel": [2.4476404027364138e-17, 0.96], "action": [2.5496254195170976e-17, 1.0]}, "9": {"time": 5.148742437362671, "reward": 0.9630070466097551, "lane_pos": {"dist": 0.01990042144527726, "dot_dir": 0.972107686518793, "angle_deg": -13.56421164429313, "angle_rad": -0.236740153630269}, "wheel_vel": [0.0017124857380986214, 0.6851166915893554], "action": [0.0017838393105193973, 0.7136632204055786]}, "10": {"time": 5.158779859542847, "reward": 0.1662865486383764, "lane_pos": {"dist": 0.019875931914932865, "dot_dir": 0.9271748144979671, "angle_deg": 22.001382630021425, "angle_rad": 0.38399656688496325}, "wheel_vel": [0.9395776748657226, -0.9598766899108887], "action": [0.9787267446517944, -0.999871551990509]}, "11": {"time": 5.168788194656372, "reward": 0.06437832320608813, "lane_pos": {"dist": 0.030929442203980195, "dot_dir": 0.9257743714618142, "angle_deg": 22.214585243934778, "angle_rad": 0.38771765447160955}, "wheel_vel": [0.886794719696045, 0.8754081916809083], "action": [0.9237444996833801, 0.911883533000946]}, "12": {"time": 5.178685426712036, "reward": -0.08628183531822026, "lane_pos": {"dist": 0.031038891146479175, "dot_dir": 0.5303510873744308, "angle_deg": 57.97082054415607, "angle_rad": 1.0117816885782942}, "wheel_vel": [0.96, -0.949635944366455], "action": [1.0, -0.9892041087150574]}, "13": {"time": 5.188549757003784, "reward": -0.29916761854282203, "lane_pos": {"dist": -0.26503829234932585, "dot_dir": 0.06837065856899663, "angle_deg": -86.07959141069016, "angle_rad": -1.5023722888879736}, "wheel_vel": [0.9599623489379883, -0.96], "action": [0.9999607801437378, -1.0]}, "14": {"time": 5.198401212692261, "reward": -0.23829819816667364, "lane_pos": {"dist": 0.04691048289425448, "dot_dir": 0.24284876388058188, "angle_deg": 75.94526207540167, "angle_rad": 1.3254948745057413}, "wheel_vel": [5.166025258101117e-31, 0.96], "action": [5.3812763105219965e-31, 1.0]}, "15": {"time": 5.208329200744629, "reward": -0.19043325910822415, "lane_pos": {"dist": 0.06330431590389707, "dot_dir": 0.4825208105651417, "angle_deg": 61.14983004227679, "angle_rad": 1.0672658712726732}, "wheel_vel": [0.134804105758667, 0.9249848556518555], "action": [0.14042094349861145, 0.9635258913040161]}, "16": {"time": 5.21837592124939, "reward": -0.2841741542973062, "lane_pos": {"dist": -0.29730431590389705, "dot_dir": 0.12360360824771231, "angle_deg": -82.89987692990687, "angle_rad": -1.4468758019249632}, "wheel_vel": [0.96, -0.96], "action": [1.0, -1.0]}, "17": {"time": 5.2283806800842285, "reward": -0.2768075732901691, "lane_pos": {"dist": 0.08109580770974201, "dot_dir": 0.15197530069067378, "angle_deg": 81.25858448677494, "angle_rad": 1.4182298448042092}, "wheel_vel": [0.11247844934463502, 0.9585286903381347], "action": [0.11716505140066147, 0.9984673857688904]}, "18": {"time": 5.238361358642578, "reward": -0.4986390399949515, "lane_pos": {"dist": -0.31132912448727157, "dot_dir": 0.04439038969564679, "angle_deg": -87.45578198608072, "angle_rad": -1.5263913455634543}, "wheel_vel": [0.18801724433898925, -0.4147154331207275], "action": [0.19585129618644714, -0.4319952428340912]}, "19": {"time": 5.248379230499268, "reward": -0.2896232289704328, "lane_pos": {"dist": 0.09109543776645568, "dot_dir": 0.22344359290638566, "angle_deg": 77.08862730516931, "angle_rad": 1.345450362318008}, "wheel_vel": [0.003226332664489746, 0.8286642265319825], "action": [0.003360763192176819, 0.8631919026374817]}, "20": {"time": 5.258278131484985, "reward": -0.17372682505819723, "lane_pos": {"dist": 0.1061866897921846, "dot_dir": 0.5081168533132525, "angle_deg": 59.46152449754908, "angle_rad": 1.0377993807374983}, "wheel_vel": [0.01857477843761444, 0.9599867820739746], "action": [0.01934872753918171, 0.9999862313270569]}, "21": {"time": 5.268279790878296, "reward": -0.2921338614136855, "lane_pos": {"dist": -0.3401865121570473, "dot_dir": 0.09431003914405274, "angle_deg": -84.58839032666579, "angle_rad": -1.4763459201624398}, "wheel_vel": [0.9599888992309571, -0.96], "action": [0.9999884366989136, -1.0]}, "22": {"time": 5.278351783752441, "reward": -0.2584288036996919, "lane_pos": {"dist": 0.12208994169797449, "dot_dir": 0.21752167793008526, "angle_deg": 77.43648920940122, "angle_rad": 1.351521697889112}, "wheel_vel": [3.6128471947449725e-07, 0.9599989700317383], "action": [3.763382494526013e-07, 0.999998927116394]}}