{"0": {"time": 15800, "reward": 0.6146955509052725, "lane_pos": {"dist": -0.2415791264351137, "dot_dir": 0.8673906742187836, "angle_deg": 29.843179619369902, "angle_rad": 0.5208617436220729}, "wheel_vel": [0.96, -0.7991905689239501], "action": [1.0, -0.6659921407699585]}, "1": {"time": 15800, "reward": 1.2324422241807338, "lane_pos": {"dist": -0.23165667019706504, "dot_dir": 0.6975491778122785, "angle_deg": 45.769296575865, "angle_rad": 0.7988249215706108}, "wheel_vel": [0.96, 0.013816914707422256], "action": [1.0, 0.011514095589518547]}, "2": {"time": 15800, "reward": 0.7025731557367447, "lane_pos": {"dist": -0.21457172414928716, "dot_dir": 0.5824198124659702, "angle_deg": 54.379080040398364, "angle_rad": 0.9490939909104825}, "wheel_vel": [0.96, 0.38077712059020996], "action": [1.0, 0.3173142671585083]}, "3": {"time": 15800, "reward": 0.4560968136836415, "lane_pos": {"dist": -0.19911335934561278, "dot_dir": 0.36283513922396843, "angle_deg": 68.7255859423807, "angle_rad": 1.1994877550568732}, "wheel_vel": [0.96, 0.09859749376773834], "action": [1.0, 0.08216457813978195]}, "4": {"time": 15800, "reward": 0.5087021544993857, "lane_pos": {"dist": -0.1692853075764433, "dot_dir": 0.4032571418870525, "angle_deg": 66.21804329641142, "angle_rad": 1.1557228797505388}, "wheel_vel": [0.96, 0.9756239175796508], "action": [1.0, 0.8130199313163757]}, "5": {"time": 15800, "reward": 0.49500831659018457, "lane_pos": {"dist": -0.14215073381723944, "dot_dir": 0.3951206164522167, "angle_deg": 66.72650318808198, "angle_rad": 1.1645971789745235}, "wheel_vel": [0.96, 0.8156448125839233], "action": [1.0, 0.6797040104866028]}, "6": {"time": 15800, "reward": 0.5995483579887542, "lane_pos": {"dist": -0.11227026369686313, "dot_dir": 0.46927399929664904, "angle_deg": 62.012819425556394, "angle_rad": 1.0823278774206577}, "wheel_vel": [0.96, 1.027302861213684], "action": [1.0, 0.8560857176780701]}, "7": {"time": 15800, "reward": 0.6649502305607462, "lane_pos": {"dist": -0.084070247759139, "dot_dir": 0.5363453162634325, "angle_deg": 57.56480647655976, "angle_rad": 1.0046954062893239}, "wheel_vel": [0.96, 0.9958671569824218], "action": [1.0, 0.8298892974853516]}, "8": {"time": 15800, "reward": 1.2466168075574968, "lane_pos": {"dist": -0.0555630443807858, "dot_dir": 0.6810412738867773, "angle_deg": 47.07493446054008, "angle_rad": 0.821612601496965}, "wheel_vel": [0.95872953414917, 1.199996781349182], "action": [0.998676598072052, 0.9999973177909851]}, "9": {"time": 15800, "reward": 0.9170764582572948, "lane_pos": {"dist": -0.03206324666663753, "dot_dir": 0.8157182585813063, "angle_deg": 35.341556305177235, "angle_rad": 0.6168265203043046}, "wheel_vel": [0.9409765434265137, 1.1998522996902465], "action": [0.9801838994026184, 0.9998769164085388]}, "10": {"time": 15800, "reward": 0.9774508785430593, "lane_pos": {"dist": -0.016537013809124836, "dot_dir": 0.9360042441307317, "angle_deg": 20.609002100381705, "angle_rad": 0.35969494220208764}, "wheel_vel": [0.8002278900146484, 1.1998329877853393], "action": [0.8335707187652588, 0.9998608231544495]}, "11": {"time": 15801, "reward": 1.2305895461912466, "lane_pos": {"dist": -0.007407327353821942, "dot_dir": 0.9875641032462444, "angle_deg": 9.045389735308948, "angle_rad": 0.15787183300723953}, "wheel_vel": [0.9599987411499024, 1.1999944925308228], "action": [0.9999986886978149, 0.9999954104423523]}, "12": {"time": 15801, "reward": 1.2968789087812267, "lane_pos": {"dist": -0.0039472891948872935, "dot_dir": 0.9985692479182761, "angle_deg": 3.065290348069133, "angle_rad": 0.05349940910340938}, "wheel_vel": [0.96, 1.1996782064437865], "action": [1.0, 0.9997318387031555]}, "13": {"time": 15801, "reward": 1.1978748309047025, "lane_pos": {"dist": -0.0029908098494737523, "dot_dir": 0.9999984896268055, "angle_deg": 0.09958176501723379, "angle_rad": 0.0017380296744980374}, "wheel_vel": [0.96, 1.1183898210525511], "action": [1.0, 0.9319915175437927]}, "14": {"time": 15801, "reward": 1.2279557865426094, "lane_pos": {"dist": -0.002205219592215979, "dot_dir": 0.9986683414345935, "angle_deg": 2.957210773895637, "angle_rad": 0.05161306467992844}, "wheel_vel": [0.96, 0.8073823928833007], "action": [1.0, 0.672818660736084]}, "15": {"time": 15801, "reward": 1.2530136676956452, "lane_pos": {"dist": -0.0013959942145262971, "dot_dir": 0.9999863382657818, "angle_deg": -0.2994960098664991, "angle_rad": -0.005227191468755832}, "wheel_vel": [0.96, 1.1339311838150024], "action": [1.0, 0.9449426531791687]}, "16": {"time": 15801, "reward": 1.2291282419899057, "lane_pos": {"dist": -0.0009963673563215814, "dot_dir": 0.999495336923124, "angle_deg": 1.8203573929125334, "angle_rad": 0.0317712300693438}, "wheel_vel": [0.96, 0.8467848300933838], "action": [1.0, 0.7056540250778198]}, "17": {"time": 15801, "reward": 1.2537317952489098, "lane_pos": {"dist": -0.0006470930318602797, "dot_dir": 0.999935666615322, "angle_deg": -0.6499173920567761, "angle_rad": -0.011343198357365584}, "wheel_vel": [0.96, 1.0919301509857178], "action": [1.0, 0.9099417924880981]}, "18": {"time": 15801, "reward": 1.2397837834373093, "lane_pos": {"dist": -0.0006336127811352732, "dot_dir": 0.9999253537557452, "angle_deg": 0.7000745865570149, "angle_rad": 0.012218606544957943}, "wheel_vel": [0.96, 0.8879008769989013], "action": [1.0, 0.7399173974990845]}, "19": {"time": 15801, "reward": 1.2336322619658924, "lane_pos": {"dist": -0.000678986789286018, "dot_dir": 0.9998884462296804, "angle_deg": -0.8558226854309072, "angle_rad": -0.014936923674029037}, "wheel_vel": [0.96, 1.0430959224700926], "action": [1.0, 0.8692466020584106]}, "20": {"time": 15801, "reward": 1.2396666175540685, "lane_pos": {"dist": -0.0006969382407580049, "dot_dir": 0.9999053169792312, "angle_deg": 0.7884553594629705, "angle_rad": 0.013761142027624264}, "wheel_vel": [0.96, 0.8721839189529419], "action": [1.0, 0.7268199324607849]}, "21": {"time": 15801, "reward": 1.2455690019376373, "lane_pos": {"dist": -0.0003696720886563476, "dot_dir": 0.9999791468738152, "angle_deg": 0.37001895351841924, "angle_rad": 0.0064580490336802725}, "wheel_vel": [0.96, 0.9823474645614624], "action": [1.0, 0.818622887134552]}, "22": {"time": 15801, "reward": 1.2436787822154942, "lane_pos": {"dist": -0.0002446784009042524, "dot_dir": 0.9999991676014782, "angle_deg": 0.07392703879005928, "angle_rad": 0.0012902702331360994}, "wheel_vel": [0.9599997711181641, 0.9758131742477416], "action": [0.9999997615814209, 0.8131776452064514]}, "23": {"time": 15801, "reward": 1.2325595923041677, "lane_pos": {"dist": -1.239601238900434e-05, "dot_dir": 0.9999086586696869, "angle_deg": 0.7744165082877197, "angle_rad": 0.013516117851418662}, "wheel_vel": [0.9599990844726562, 0.9225879907608032], "action": [0.9999990463256836, 0.7688233256340027]}, "24": {"time": 15801, "reward": 1.2413909026665495, "lane_pos": {"dist": 0.0002993100496708756, "dot_dir": 0.9999836009051858, "angle_deg": 0.3281316800682503, "angle_rad": 0.0057269781972916186}, "wheel_vel": [0.96, 0.9838347673416137], "action": [1.0, 0.8198623061180115]}, "25": {"time": 15801, "reward": 0.6786213904853957, "lane_pos": {"dist": 0.0022670094400374374, "dot_dir": 0.9877825619046872, "angle_deg": 8.965424578150925, "angle_rad": 0.1564761777279573}, "wheel_vel": [0.96, 0.4987074494361877], "action": [1.0, 0.4155895411968231]}, "26": {"time": 15801, "reward": 0.7482789830473745, "lane_pos": {"dist": 0.006476938475078242, "dot_dir": 0.9969582649867565, "angle_deg": 4.470009686145861, "angle_rad": 0.07801638661928363}, "wheel_vel": [0.9599069595336913, 1.1999939203262329], "action": [0.9999030828475952, 0.9999949336051941]}, "27": {"time": 15801, "reward": 0.7254243439266693, "lane_pos": {"dist": 0.00845046011986339, "dot_dir": 0.9992777805839075, "angle_deg": 2.1777015066390186, "angle_rad": 0.038008061416492024}, "wheel_vel": [0.96, 1.0824254751205444], "action": [1.0, 0.9020212292671204]}, "28": {"time": 15801, "reward": 0.6518155246558801, "lane_pos": {"dist": 0.010043680794171284, "dot_dir": 0.9978012780539253,