{"1": {"time": 4655, "steps": 500, "reward": 351.0662823676459}, "2": {"time": 4655, "steps": 1, "reward": -0.08416626353454909}, "3": {"time": 4660, "steps": 500, "reward": 365.09949187506083}, "4": {"time": 4665, "steps": 500, "reward": 362.57699901876094}, "5": {"time": 4670, "steps": 500, "reward": 380.9636415342105}, "6": {"time": 4676, "steps": 500, "reward": 374.5707436767113}, "7": {"time": 4681, "steps": 500, "reward": 354.7499635284222}, "8": {"time": 4686, "steps": 500, "reward": 362.0077739384245}, "9": {"time": 4691, "steps": 500, "reward": 396.26790856311027}, "10": {"time": 4696, "steps": 500, "reward": 363.3275405805608}}