{"0": {"time": 0.7972850799560547, "reward": 0.009717828653313831, "lane_pos": {"dist": -0.3037386863382583, "dot_dir": 0.9364638326309315, "angle_deg": -20.5340611676799, "angle_rad": -0.3583869761819257}, "wheel_vel": [6.192250712189207e-11, 0.96], "action": [6.450261158530424e-11, 1.0]}, "1": {"time": 0.8074471950531006, "reward": -0.07498805369962736, "lane_pos": {"dist": -0.31159042839997086, "dot_dir": 0.7825081059306799, "angle_deg": -38.50920768158808, "angle_rad": -0.6721124663780041}, "wheel_vel": [3.8434133972900895e-25, 0.96], "action": [4.0035556221771763e-25, 1.0]}, "2": {"time": 0.8179306983947754, "reward": 0.08365334689933776, "lane_pos": {"dist": -0.3114008825438557, "dot_dir": 0.99847262887061, "angle_deg": -3.167125053374144, "angle_rad": -0.055276760003779964}, "wheel_vel": [0.927517261505127, -0.96], "action": [0.9661638140678406, -1.0]}, "3": {"time": 0.8279211521148682, "reward": 0.006851704669349146, "lane_pos": {"dist": -0.3147559147729093, "dot_dir": 0.9326876832042422, "angle_deg": -21.142271567096188, "angle_rad": -0.3690022501966097}, "wheel_vel": [9.939977174688864e-12, 0.96], "action": [1.0354142890300899e-11, 1.0]}, "4": {"time": 0.8378891944885254, "reward": -0.07785417768359199, "lane_pos": {"dist": -0.3227543997744551, "dot_dir": 0.7758546439582474, "angle_deg": -39.11741808100437, "angle_rad": -0.6827277403926881}, "wheel_vel": [1.3228826226678655e-33, 0.96], "action": [1.3780027319456932e-33, 1.0]}, "5": {"time": 0.847893238067627, "reward": -0.1597688949581456, "lane_pos": {"dist": -0.3349526446803299, "dot_dir": 0.5519331871452903, "angle_deg": -56.500260969298076, "angle_rad": -0.9861155821502942}, "wheel_vel": [0.03163320422172546, 0.96], "action": [0.03295125439763069, 1.0]}, "6": {"time": 0.857680082321167, "reward": -0.1655397692620756, "lane_pos": {"dist": -0.35428713052418814, "dot_dir": 0.620321169838719, "angle_deg": -51.66040820866705, "angle_rad": -0.9016442161655458}, "wheel_vel": [0.845687427520752, 0.5872050476074219], "action": [0.88092440366745, 0.6116719245910645]}, "7": {"time": 0.8676192760467529, "reward": 0.024979098847683595, "lane_pos": {"dist": -0.35485439024433996, "dot_dir": 0.9561084657088315, "angle_deg": -17.03842465698142, "angle_rad": -0.2973766096173112}, "wheel_vel": [0.9551538848876954, -0.8939049911499024], "action": [0.9949519634246826, -0.9311510324478149]}}