{"0": {"time": 20.541051149368286, "reward": 0.6637869982374623, "lane_pos": {"dist": -0.07999815774769914, "dot_dir": 0.8390592493020197, "angle_deg": 32.95908840232951, "angle_rad": 0.5752446110765275}, "wheel_vel": [0.96, -0.96], "action": [1.0, -1.0]}, "1": {"time": 20.551040410995483, "reward": 0.6638038165240563, "lane_pos": {"dist": -0.06258919268913976, "dot_dir": 0.8390481704316184, "angle_deg": 32.960255159350076, "angle_rad": 0.5752649748281071}, "wheel_vel": [0.9599986267089844, 0.9599363136291503], "action": [0.9999985694885254, 0.999933660030365]}, "2": {"time": 20.56092381477356, "reward": 0.773689904818301, "lane_pos": {"dist": -0.04517951676195642, "dot_dir": 0.8390501847975712, "angle_deg": 32.96004302170998, "angle_rad": 0.57526127232782}, "wheel_vel": [0.959988670349121, 0.96], "action": [0.9999881982803345, 1.0]}, "3": {"time": 20.5709445476532, "reward": 1.185986669344086, "lane_pos": {"dist": -0.030319083322367657, "dot_dir": 0.8715272054002912, "angle_deg": 29.363401472863547, "angle_rad": 0.5124880352864213}, "wheel_vel": [0.7656469917297364, 0.9577330970764161], "action": [0.7975489497184753, 0.9976386427879333]}, "4": {"time": 20.581143379211426, "reward": 0.5998231998198602, "lane_pos": {"dist": -0.01469752502410726, "dot_dir": 0.8724021362150531, "angle_deg": 29.261005419631168, "angle_rad": 0.5107008870164689}, "wheel_vel": [0.9545313262939453, 0.96], "action": [0.9943034648895264, 1.0]}, "5": {"time": 20.59161067008972, "reward": 0.07356852719257165, "lane_pos": {"dist": -0.01469803398471381, "dot_dir": 0.41928571248646307, "angle_deg": 65.21050025279159, "angle_rad": 1.1381379362838078}, "wheel_vel": [0.9599575424194337, -0.9599998283386231], "action": [0.9999557733535767, -0.9999998211860657]}, "6": {"time": 20.603013038635254, "reward": 0.10691304264603416, "lane_pos": {"dist": -0.0014448220102516451, "dot_dir": 0.6788576000505365, "angle_deg": 47.2455637469295, "angle_rad": 0.8245906443447888}, "wheel_vel": [0.0005452294461429119, 0.9599999427795409], "action": [0.0005679473397321999, 0.9999999403953552]}, "7": {"time": 20.613003730773926, "reward": 0.21514736079671606, "lane_pos": {"dist": 0.008421853845028249, "dot_dir": 0.8723218325070017, "angle_deg": 29.270417233021327, "angle_rad": 0.5108651541487105}, "wheel_vel": [8.877991003967324e-27, 0.96], "action": [9.247907295799296e-27, 1.0]}, "8": {"time": 20.622896432876587, "reward": -0.024523886114638738, "lane_pos": {"dist": 0.008421853845028249, "dot_dir": 0.4191239277702526, "angle_deg": 65.22071026083768, "angle_rad": 1.1383161345408672}, "wheel_vel": [0.96, -0.96], "action": [1.0, -1.0]}, "9": {"time": 20.632928133010864, "reward": -0.2649905832148939, "lane_pos": {"dist": -0.24242185384502823, "dot_dir": 0.19373787665073905, "angle_deg": -78.82899671134597, "angle_rad": -1.3758255386567693}, "wheel_vel": [0.96, -0.96], "action": [1.0, -1.0]}, "10": {"time": 20.642956733703613, "reward": -0.1767611608872014, "lane_pos": {"dist": 0.024344749974094082, "dot_dir": 0.11847577153341755, "angle_deg": 83.19585681520171, "angle_rad": 1.4520416254430335}, "wheel_vel": [2.160628795877528e-09, 0.96], "action": [2.2506549957057587e-09, 1.0]}, "11": {"time": 20.6528480052948, "reward": -0.1987094730460792, "lane_pos": {"dist": -0.2574662996873429, "dot_dir": 0.47141487118159325, "angle_deg": -61.8738218588305, "angle_rad": -1.0799019122290303}, "wheel_vel": [0.9055269241333007, -0.9599993705749511], "action": [0.943257212638855, -0.9999993443489075]}, "12": {"time": 20.66275453567505, "reward": -0.2697970864323347, "lane_pos": {"dist": -0.2725200384046014, "dot_dir": 0.17624352378443986, "angle_deg": -79.84896837273637, "angle_rad": -1.3936274024250683}, "wheel_vel": [1.2308026993423927e-13, 0.96], "action": [1.2820861451483256e-13, 1.0]}, "13": {"time": 20.67272400856018, "reward": -0.2807624232391007, "lane_pos": {"dist": 0.054451218192324014, "dot_dir": 0.1361325504846307, "angle_deg": 82.17588511335546, "angle_rad": 1.4342397609686466}, "wheel_vel": [5.013085385447303e-16, 0.96], "action": [5.221963943174274e-16, 1.0]}, "14": {"time": 20.683099508285522, "reward": -0.18509201694650182, "lane_pos": {"dist": -0.2884511794085731, "dot_dir": 0.47141417854678924, "angle_deg": -61.87386685772152, "angle_rad": -1.0799026976078383}, "wheel_vel": [0.9599975967407227, -0.96], "action": [0.9999974966049194, -1.0]}, "15": {"time": 20.693496227264404, "reward": -0.269797298483583, "lane_pos": {"dist": -0.30350492222896674, "dot_dir": 0.17624275070318438, "angle_deg": -79.84901337140884, "angle_rad": -1.393628187800062}, "wheel_vel": [1.1795845133999451e-11, 0.96], "action": [1.2287338681249427e-11, 1.0]}, "16": {"time": 20.705010652542114, "reward": -0.2807622111878628, "lane_pos": {"dist": 0.08543610227079101, "dot_dir": 0.13613332854819987, "angle_deg": 82.17584011468519, "angle_rad": 1.434238975593691}, "wheel_vel": [1.168095438083827e-13, 0.96], "action": [1.21676608133732e-13, 1.0]}, "17": {"time": 20.71510124206543, "reward": -0.18509141613063146, "lane_pos": {"dist": -0.319436102270791, "dot_dir": 0.47141417855022283, "angle_deg": -61.87386685749845, "angle_rad": -1.079902697603945}, "wheel_vel": [0.96, -0.96], "action": [1.0, -1.0]}, "18": {"time": 20.725175619125366, "reward": -0.2697972961323166, "lane_pos": {"dist": -0.33448984548953353, "dot_dir": 0.176242759275264, "angle_deg": -79.8490128724546, "angle_rad": -1.3936281790916676}, "wheel_vel": [2.664756948433933e-08, 0.96], "action": [2.7757884879520134e-08, 1.0]}, "19": {"time": 20.735188961029053, "reward": -0.280762213539119, "lane_pos": {"dist": 0.11642102552853872, "dot_dir": 0.13613331992091385, "angle_deg": 82.17584061363725, "angle_rad": 1.4342389843020473}, "wheel_vel": [2.7374553835064904e-24, 0.96], "action": [2.851516024485927e-24, 1.0]}}