{"0": {"time": 12.929900169372559, "reward": 0.026369806104963922, "lane_pos": {"dist": -0.09736054452499743, "dot_dir": 0.9563027056007195, "angle_deg": -17.000401802766703, "angle_rad": -0.2967129856202586}, "wheel_vel": [2.2393950075638715e-07, 0.96], "action": [2.3327031328790326e-07, 1.0]}, "1": {"time": 12.941617488861084, "reward": -0.05775019929490127, "lane_pos": {"dist": -0.1043757841601759, "dot_dir": 0.8206417316107085, "angle_deg": -34.85091476623793, "angle_rad": -0.6082632100027617}, "wheel_vel": [0.0066505341231822964, 0.9599942207336425], "action": [0.006927639711648226, 0.9999939799308777]}, "2": {"time": 12.952279329299927, "reward": -0.14244956138241677, "lane_pos": {"dist": -0.1154129970947736, "dot_dir": 0.6042517247968114, "angle_deg": -52.82498423645182, "angle_rad": -0.921969902240187}, "wheel_vel": [5.752175347879529e-05, 0.96], "action": [5.991849320707843e-05, 1.0]}, "3": {"time": 12.962478399276733, "reward": -0.2271554437353578, "lane_pos": {"dist": -0.1294577459853672, "dot_dir": 0.32886449164792064, "angle_deg": -70.80013075035998, "angle_rad": -1.2356953924362652}, "wheel_vel": [6.095581201457885e-20, 0.96], "action": [6.34956375151863e-20, 1.0]}, "4": {"time": 12.97299337387085, "reward": -0.3118613260644558, "lane_pos": {"dist": -0.14513977042604043, "dot_dir": 0.02137381651370645, "angle_deg": -88.77527725920852, "angle_rad": -1.5494208825440363}, "wheel_vel": [2.702193935277819e-10, 0.96], "action": [2.814785349247728e-10, 1.0]}, "5": {"time": 12.984331607818604, "reward": 0.3670363032784868, "lane_pos": {"dist": -0.07304339822960926, "dot_dir": 0.2876777165651256, "angle_deg": 73.2810247343108, "angle_rad": 1.2789951608491263}, "wheel_vel": [0.0016781995072960854, 0.9599986267089844], "action": [0.0017481244867667556, 0.9999985694885254]}, "6": {"time": 12.99474024772644, "reward": 0.688191743898763, "lane_pos": {"dist": -0.058686007944165675, "dot_dir": 0.5691951731424506, "angle_deg": 55.30587822040264, "angle_rad": 0.9652696706530483}, "wheel_vel": [7.153367515755044e-27, 0.96], "action": [7.451424495578171e-27, 1.0]}, "7": {"time": 13.005136251449585, "reward": 0.9681340986155504, "lane_pos": {"dist": -0.047162396803066886, "dot_dir": 0.795148332771839, "angle_deg": 37.33073170649447, "angle_rad": 0.6515441804569699}, "wheel_vel": [2.4362457403041318e-26, 0.96], "action": [2.5377559794834708e-26, 1.0]}, "8": {"time": 13.015729427337646, "reward": 0.9162854134699001, "lane_pos": {"dist": -0.03668777050743177, "dot_dir": 0.8859903214572182, "angle_deg": 27.626361970363686, "angle_rad": 0.48217097673059445}, "wheel_vel": [0.3267513942718506, 0.8450333976745606], "action": [0.34036603569984436, 0.8802431225776672]}, "9": {"time": 13.027466058731079, "reward": 0.6890050091077683, "lane_pos": {"dist": -0.03086677335243193, "dot_dir": 0.9395963112407396, "angle_deg": 20.016127698057684, "angle_rad": 0.34934733183073996}, "wheel_vel": [0.2294736671447754, 0.6359140205383301], "action": [0.23903506994247437, 0.6624104380607605]}, "10": {"time": 13.03809404373169, "reward": 0.6060090733480747, "lane_pos": {"dist": -0.0258718149136683, "dot_dir": 0.9911853860443968, "angle_deg": 7.613052187551465, "angle_rad": 0.13287282679892992}, "wheel_vel": [0.2975789737701416, 0.9599909591674805], "action": [0.30997809767723083, 0.9999905824661255]}, "11": {"time": 13.048707723617554, "reward": 0.5787501334473548, "lane_pos": {"dist": -0.024764723410776956, "dot_dir": 0.7770820933132068, "angle_deg": 39.00581444024625, "angle_rad": 0.6807798894042459}, "wheel_vel": [0.9232918167114258, -0.7533037948608399], "action": [0.9617623090744019, -0.7846914529800415]}, "12": {"time": 13.060697555541992, "reward": 0.8699140253265374, "lane_pos": {"dist": -0.016641810537580404, "dot_dir": 0.9317138796951354, "angle_deg": 21.29642678681348, "angle_rad": 0.37169276633981174}, "wheel_vel": [0.014193403422832488, 0.96], "action": [0.014784795232117176, 1.0]}, "13": {"time": 13.071260929107666, "reward": 0.734201288649423, "lane_pos": {"dist": -0.013209734358191394, "dot_dir": 0.9982097661766023, "angle_deg": 3.4289197518751853, "angle_rad": 0.05984593945688899}, "wheel_vel": [0.005738238394260407, 0.9599895286560058], "action": [0.005977331660687923, 0.9999890923500061]}, "14": {"time": 13.081550121307373, "reward": 0.5947659398227387, "lane_pos": {"dist": -0.011285387054864926, "dot_dir": 0.9135935772939663, "angle_deg": 23.993220627181778, "angle_rad": 0.4187606981017409}, "wheel_vel": [0.7940135192871095, -0.30426564216613766], "action": [0.8270974159240723, -0.31694337725639343]}, "15": {"time": 13.091806888580322, "reward": 1.2376784043521836, "lane_pos": {"dist": -0.007159727019910633, "dot_dir": 0.9944888720897229, "angle_deg": 6.018074114081098, "angle_rad": 0.105035207919756}, "wheel_vel": [4.312798784766869e-11, 0.96], "action": [4.4924987341321554e-11, 1.0]}, "16": {"time": 13.102841854095459, "reward": 0.5443196872038151, "lane_pos": {"dist": -0.007983216345534228, "dot_dir": 0.9783656313923548, "angle_deg": -11.939766697840254, "angle_rad": -0.20838824079728335}, "wheel_vel": [0.0007021743245422841, 0.9597779273986816], "action": [0.0007314315880648792, 0.9997686743736267]}, "17": {"time": 13.113136291503906, "reward": 0.5919403813181657, "lane_pos": {"dist": -0.008077335671253238, "dot_dir": 0.9212905981744202, "angle_deg": 22.88450616471779, "angle_rad": 0.39940998026726526}, "wheel_vel": [0.8998626708984375, -0.9599998855590821], "action": [0.9373569488525391, -0.9999998807907104]}, "18": {"time": 13.123263835906982, "reward": 0.27477262088071114, "lane_pos": {"dist": -0.010456568496999274, "dot_dir": 0.8589375571196703, "angle_deg": 30.80249965410567, "angle_rad": 0.5376050368085584}, "wheel_vel": [0.05324332237243653, -0.36963355064392095], "action": [0.05546179413795471, -0.3850349485874176]}, "19": {"time": 13.133307218551636, "reward": 0.7118692545106106, "lane_pos": {"dist": -0.004529484254953808, "dot_dir": 0.9741399444681992, "angle_deg": 13.058483134098546, "angle_rad": 0.22791352600616785}, "wheel_vel": [0.0041744975745677945, 0.9518305206298828], "action": [0.00434843497350812, 0.9914901256561279]}, "20": {"time": 13.144553422927856, "reward": 0.7723604731016696, "lane_pos": {"dist": 0.00028371777788827046, "dot_dir": 0.9915160420822512, "angle_deg": 7.468689530829016, "angle_rad": 0.13035322312219685}, "wheel_vel": [0.6614627265930176, 0.9599972534179687], "action": [0.6890236735343933, 0.9999971389770508]}, "21": {"time": 13.15482473373413, "reward": 0.6843089004749232, "lane_pos": {"dist": -0.00010062142305056199, "dot_dir": 0.9839805043181041, "angle_deg": -10.269363466839637, "angle_rad": -0.1792342045803712}, "wheel_vel": [3.3000404946506024e-05, 0.9473705291748047], "action": [3.437542181927711e-05, 0.9868443012237549]}, "22": {"time": 13.165218591690063, "reward": 0.4195053709318485, "lane_pos": {"dist": -0.00010062142305056199, "dot_dir": 0.9012213113427526, "angle_deg": 25.6809295609767, "angle_rad": 0.4482167758117853}, "wheel_vel": [0.96, -0.96], "action": [1.0, -1.0]}, "23": {"time": 13.175962448120117, "reward": 0.06316376938555196, "lane_pos": {"dist": -0.0012928790863036, "dot_dir": 0.8132704463085028, "angle_deg": 35.58329523142283, "angle_rad": 0.621045660497526}, "wheel_vel": [0.19414239406585695, -0.33471399307250976], "action": [0.20223166048526764, -0.348660409450531]}, "24": {"time": 13.187025547027588, "reward": 0.4729168050564109, "lane_pos": {"dist": 0.005840858532346949, "dot_dir": 0.95314765451734, "angle_deg": 17.608148717514656, "angle_rad": 0.30732017030144765}, "wheel_vel": [2.0580954401238654e-24, 0.96], "action": [2.143849416795693e-24, 1.0]}, "25": {"time": 13.19707703590393, "reward": 0.48517021431836815, "lane_pos": {"dist": 0.010237078033676572, "dot_dir": 0.9841351353522476, "angle_deg": 10.21954738751168, "angle_rad": 0.17836474997566365}, "wheel_vel": [0.3515485668182373, 0.7461521530151368], "action": [0.3661964237689972, 0.7772418260574341]}, "26": {"time": 13.20710825920105,