{"1": {"time": 1.6954278945922852, "steps": 164, "reward": 38.77250185343158}, "2": {"time": 1.8149404525756836, "steps": 10, "reward": -1.0802361256951263}, "3": {"time": 2.787332057952881, "steps": 93, "reward": 39.759343117304475}, "4": {"time": 2.9296412467956543, "steps": 13, "reward": -1.896909733052836}, "5": {"time": 3.6758668422698975, "steps": 72, "reward": 13.904948108291418}, "6": {"time": 5.379193544387817, "steps": 167, "reward": 66.72533962655737}, "7": {"time": 7.5850019454956055, "steps": 217, "reward": 104.45860678244402}, "8": {"time": 7.940316200256348, "steps": 34, "reward": -9.497589763233474}, "9": {"time": 10.341673851013184, "steps": 234, "reward": 108.55009379022238}, "10": {"time": 10.673452854156494, "steps": 31, "reward": 0.8684341752457755}}