{"1": {"time": 5.469785690307617, "steps": 500, "reward": 188.72938950255497}, "2": {"time": 5.692291498184204, "steps": 20, "reward": 0.5001637258817945}, "3": {"time": 6.44267201423645, "steps": 70, "reward": 17.238601938033465}, "4": {"time": 7.6803672313690186, "steps": 117, "reward": 27.002374499603985}, "5": {"time": 12.895026206970215, "steps": 500, "reward": 198.74490341060024}, "6": {"time": 18.17468786239624, "steps": 500, "reward": 235.9607332014359}, "7": {"time": 19.021360874176025, "steps": 77, "reward": 25.41923807323888}, "8": {"time": 21.45663356781006, "steps": 227, "reward": 96.07644336892542}, "9": {"time": 26.72053337097168, "steps": 500, "reward": 199.33176707082302}, "10": {"time": 28.63102412223816, "steps": 182, "reward": 69.44981347285483}}