{"0": {"time": 9.149428606033325, "reward": 0.011272401183425873, "lane_pos": {"dist": -0.2088966163503767, "dot_dir": 0.9550078853274443, "angle_deg": -17.252329831830508, "angle_rad": -0.301109959205482}, "wheel_vel": [0.11823742389678954, 0.9043591117858887], "action": [0.12316398322582245, 0.942040741443634]}, "1": {"time": 9.159326314926147, "reward": -0.06711611887398389, "lane_pos": {"dist": -0.21626796972962004, "dot_dir": 0.8003262555789996, "angle_deg": -36.83873122932356, "angle_rad": -0.6429571522089543}, "wheel_vel": [0.016733429431915282, 0.96], "action": [0.017430655658245087, 1.0]}, "2": {"time": 9.169220685958862, "reward": -0.14287161076511945, "lane_pos": {"dist": -0.229969234220065, "dot_dir": 0.6030054826480298, "angle_deg": -52.91454589709986, "angle_rad": -0.9235330481020492}, "wheel_vel": [0.20857995986938477, 0.96], "action": [0.21727079153060913, 1.0]}, "3": {"time": 9.179152965545654, "reward": -0.1751077762267697, "lane_pos": {"dist": -0.25346207774989143, "dot_dir": 0.5036945716025095, "angle_deg": -59.755266598553746, "angle_rad": -1.0429261475517555}, "wheel_vel": [0.7442892265319825, 0.9599998855590821], "action": [0.7753012776374817, 0.9999998807907104]}, "4": {"time": 9.189011573791504, "reward": -0.005711427385719586, "lane_pos": {"dist": -0.2534615789664818, "dot_dir": 0.9149186115087333, "angle_deg": -23.80582854971113, "angle_rad": -0.4154900893577258}, "wheel_vel": [0.9599543380737304, -0.96], "action": [0.9999524354934692, -1.0]}, "5": {"time": 9.199007272720337, "reward": 0.20581771091145756, "lane_pos": {"dist": -0.25391718614369096, "dot_dir": 0.9907285958480274, "angle_deg": 7.808120406260866, "angle_rad": 0.13627740948140937}, "wheel_vel": [0.94368558883667, -0.7447229576110841], "action": [0.9830058217048645, -0.7757530808448792]}, "6": {"time": 9.20889925956726, "reward": 0.04997672302084977, "lane_pos": {"dist": -0.2544672681950052, "dot_dir": 0.9781807606424744, "angle_deg": -11.99085844500281, "angle_rad": -0.20927996000586646}, "wheel_vel": [4.3171840843569956e-07, 0.96], "action": [4.497066754538537e-07, 1.0]}, "7": {"time": 9.21877408027649, "reward": -0.04352209285372777, "lane_pos": {"dist": -0.2604439657632299, "dot_dir": 0.8495989579033302, "angle_deg": -31.83192340457349, "angle_rad": -0.5555718706524504}, "wheel_vel": [0.000670794490724802, 0.96], "action": [0.0006987442611716688, 1.0]}, "8": {"time": 9.228607892990112, "reward": -0.12219540431979631, "lane_pos": {"dist": -0.27302900891410015, "dot_dir": 0.7343274452918185, "angle_deg": -42.749583375771365, "angle_rad": -0.7461209837630426}, "wheel_vel": [0.3921283721923828, 0.8510997962951661], "action": [0.40846705436706543, 0.8865622878074646]}, "9": {"time": 9.238525629043579, "reward": -0.16696519124861167, "lane_pos": {"dist": -0.28947125443022903, "dot_dir": 0.6602357796808321, "angle_deg": -48.68214283137416, "angle_rad": -0.8496636793336337}, "wheel_vel": [0.594964599609375, 0.7838467597961426], "action": [0.6197547912597656, 0.8165070414543152]}, "10": {"time": 9.248412132263184, "reward": -0.17541674552658773, "lane_pos": {"dist": -0.30923668345147537, "dot_dir": 0.5774716050504817, "angle_deg": -54.727095403384595, "angle_rad": -0.9551680048421155}, "wheel_vel": [0.6505108451843262, 0.8639852142333985], "action": [0.6776154637336731, 0.89998459815979]}, "11": {"time": 9.25826644897461, "reward": -0.2400165903215018, "lane_pos": {"dist": -0.32356177209278386, "dot_dir": 0.28352418515350897, "angle_deg": -73.52934778540607, "angle_rad": -1.283329215699337}, "wheel_vel": [0.00022350504063069822, 0.9599999427795409], "action": [0.0002328177506569773, 0.9999999403953552]}, "12": {"time": 9.268109321594238, "reward": -0.07060481131050489, "lane_pos": {"dist": -0.32356177209278386, "dot_dir": 0.7925126371774192, "angle_deg": -37.579054757589724, "angle_rad": -0.6558782353071803}, "wheel_vel": [0.96, -0.96], "action": [1.0, -1.0]}, "13": {"time": 9.27803635597229, "reward": -0.15656706391989056, "lane_pos": {"dist": -0.33579856925361984, "dot_dir": 0.5617851151137152, "angle_deg": -55.82065953840537, "angle_rad": -0.9742542995799518}, "wheel_vel": [0.05301311373710633, 0.9599971389770507], "action": [0.05522199347615242, 0.9999970197677612]}, "14": {"time": 9.287945032119751, "reward": -0.24022113528353264, "lane_pos": {"dist": -0.35124606919743384, "dot_dir": 0.2986104494267524, "angle_deg": -72.62583739740857, "angle_rad": -1.2675599846028092}, "wheel_vel": [0.08987857103347778, 0.942150993347168], "action": [0.09362351149320602, 0.9814072847366333]}, "15": {"time": 9.297836303710938, "reward": -0.33161170877786605, "lane_pos": {"dist": 0.11257578761258942, "dot_dir": -0.05175099385094506, "angle_deg": 92.96643864160309, "angle_rad": 1.6225704481492587}, "wheel_vel": [8.2697164952494e-17, 0.96], "action": [8.614288015884792e-17, 1.0]}, "16": {"time": 9.30768895149231, "reward": -0.24903416895819447, "lane_pos": {"dist": 0.12843294851037054, "dot_dir": 0.25134403587648624, "angle_deg": 75.4429404407117, "angle_rad": 1.3167277080764008}, "wheel_vel": [0.00036833709105849266, 0.96], "action": [0.0003836844698525965, 1.0]}, "17": {"time": 9.31758189201355, "reward": -0.168481088358863, "lane_pos": {"dist": 0.14306976306729036, "dot_dir": 0.5247431547986965, "angle_deg": 58.3490458291604, "angle_rad": 1.0183829651159138}, "wheel_vel": [7.105848523227328e-21, 0.96], "action": [7.401925545028467e-21, 1.0]}, "18": {"time": 9.327483892440796, "reward": -0.08787479636486034, "lane_pos": {"dist": 0.15524262089168644, "dot_dir": 0.7519104675806171, "angle_deg": 41.243859408954826, "angle_rad": 0.7198411429159042}, "wheel_vel": [8.829396532702555e-18, 0.96], "action": [9.197288054898494e-18, 1.0]}, "19": {"time": 9.33736276626587, "reward": -0.24204582010764827, "lane_pos": {"dist": 0.15807370634595524, "dot_dir": 0.2849423040736911, "angle_deg": 73.44460014443773, "angle_rad": 1.2818500903311414}, "wheel_vel": [0.9502855682373047, -0.746462345123291], "action": [0.9898808002471924, -0.7775649428367615]}, "20": {"time": 9.347220659255981, "reward": -0.5622766849317024, "lane_pos": {"dist": 0.1422831419936068, "dot_dir": -0.01719911090520665, "angle_deg": 90.98548505627832, "angle_rad": 1.587996285756155}, "wheel_vel": [1.0241225185600444e-13, -0.9598068237304687], "action": [1.066794290166713e-13, -0.9997987747192383]}, "21": {"time": 9.357107639312744, "reward": -0.4470544872307789, "lane_pos": {"dist": 0.1561523544795958, "dot_dir": -0.11416306574018409, "angle_deg": 96.55535432811256, "angle_rad": 1.6852088434553214}, "wheel_vel": [0.5658783531188966, 0.26840792655944823], "action": [0.5894566178321838, 0.2795915901660919]}, "22": {"time": 9.36699366569519, "reward": -0.26395568488941146, "lane_pos": {"dist": 0.17207300852337193, "dot_dir": 0.19778508051794708, "angle_deg": 78.59253363028957, "angle_rad": 1.3716984793329248}, "wheel_vel": [0.0003406550176441669, 0.9596823692321776], "action": [0.0003548489767126739, 0.9996691346168518]}, "23": {"time": 9.376980543136597, "reward": -0.1832152691089105, "lane_pos": {"dist": 0.18705400806479833, "dot_dir": 0.4775308833667947, "angle_deg": 61.475736094199775, "angle_rad": 1.072954004930905}, "wheel_vel": [0.0, 0.96], "action": [0.0, 1.0]}}