{"1": {"time": 2300, "steps": 500, "reward": 362.3598185337974}, "2": {"time": 2305, "steps": 500, "reward": 295.1241784859399}, "3": {"time": 2310, "steps": 500, "reward": 353.48275325880905}, "4": {"time": 2314, "steps": 357, "reward": 236.0128648602844}, "5": {"time": 2319, "steps": 500, "reward": 337.4171188982479}, "6": {"time": 2325, "steps": 500, "reward": 359.4532429887498}, "7": {"time": 2330, "steps": 500, "reward": 361.8660796703412}, "8": {"time": 2335, "steps": 500, "reward": 362.82751195013356}, "9": {"time": 2340, "steps": 500, "reward": 339.99860013737873}, "10": {"time": 2345, "steps": 500, "reward": 345.3020562213961}}