{"0": {"time": 10.351783275604248, "reward": 0.5278455608535254, "lane_pos": {"dist": 0.03151164254699079, "dot_dir": 0.9832337816163984, "angle_deg": -10.506640029805565, "angle_rad": -0.18337546184194226}, "wheel_vel": [0.31646281242370605, 0.8006792449951172], "action": [0.3296487629413605, 0.8340408802032471]}, "1": {"time": 10.361863136291504, "reward": 0.9855085610427441, "lane_pos": {"dist": 0.0261941259176246, "dot_dir": 0.8789687500096737, "angle_deg": -28.481786514263717, "angle_rad": -0.4971009515240208}, "wheel_vel": [1.572840098162942e-09, 0.96], "action": [1.6383751022530646e-09, 1.0]}, "2": {"time": 10.371834754943848, "reward": 0.31470144966018976, "lane_pos": {"dist": 0.0261941259176246, "dot_dir": 0.9915164572803172, "angle_deg": 7.4685065135526605, "angle_rad": 0.13035002886813643}, "wheel_vel": [0.96, -0.96], "action": [1.0, -1.0]}, "3": {"time": 10.381922245025635, "reward": 0.05185851992293464, "lane_pos": {"dist": 0.02995228370945835, "dot_dir": 0.9056274134392551, "angle_deg": 25.092081896761087, "angle_rad": 0.43793944527854484}, "wheel_vel": [0.8743779373168946, -0.0668456768989563], "action": [0.9108103513717651, -0.06963091343641281]}, "4": {"time": 10.391991138458252, "reward": 0.19703899796899016, "lane_pos": {"dist": 0.03437234901656527, "dot_dir": 0.9922953606367063, "angle_deg": 7.11693538292842, "angle_rad": 0.12421395508378437}, "wheel_vel": [4.0307099324898844e-12, 0.96], "action": [4.198656179676963e-12, 1.0]}, "5": {"time": 10.402846097946167, "reward": 0.5351909786733446, "lane_pos": {"dist": 0.03385300293643834, "dot_dir": 0.9821203771505569, "angle_deg": -10.850906562781276, "angle_rad": -0.18938404634679407}, "wheel_vel": [0.00039011562243103983, 0.96], "action": [0.00040637044003233314, 1.0]}, "6": {"time": 10.413018465042114, "reward": 1.117161768285289, "lane_pos": {"dist": 0.028445327746857707, "dot_dir": 0.8760875302960407, "angle_deg": -28.82605307668945, "angle_rad": -0.5031095365428724}, "wheel_vel": [2.910781073535306e-26, 0.96], "action": [3.032063618265943e-26, 1.0]}, "7": {"time": 10.423058271408081, "reward": 0.28412326371430896, "lane_pos": {"dist": 0.028445328453267305, "dot_dir": 0.9922795666562706, "angle_deg": 7.124235665518068, "angle_rad": 0.12434136905129974}, "wheel_vel": [0.9599997711181641, -0.96], "action": [0.9999997615814209, -1.0]}, "8": {"time": 10.433067798614502, "reward": -0.00508504025902351, "lane_pos": {"dist": 0.028445327657396824, "dot_dir": 0.7304659849364261, "angle_deg": 43.07452655052996, "angle_rad": 0.7517923120444634}, "wheel_vel": [0.9599998855590821, -0.96], "action": [0.9999998807907104, -1.0]}, "9": {"time": 10.44362187385559, "reward": 0.0417448499470055, "lane_pos": {"dist": 0.03737584941035266, "dot_dir": 0.905572858431508, "angle_deg": 25.099451696495287, "angle_rad": 0.4380680725491192}, "wheel_vel": [3.827144246315583e-06, 0.96], "action": [3.986608589912066e-06, 1.0]}, "10": {"time": 10.453691244125366, "reward": -0.1276674509594749, "lane_pos": {"dist": 0.03737579687461201, "dot_dir": 0.48405142647229865, "angle_deg": 61.049656869329375, "angle_rad": 1.0655175195825712}, "wheel_vel": [0.9599953079223633, -0.96], "action": [0.9999951124191284, -1.0]}, "11": {"time": 10.463687896728516, "reward": -0.0962595747126177, "lane_pos": {"dist": 0.049942949201371434, "dot_dir": 0.7304661779773979, "angle_deg": 43.07451035542118, "angle_rad": 0.7517920293864925}, "wheel_vel": [3.638285020169467e-19, 0.96], "action": [3.7898802293431943e-19, 1.0]}, "12": {"time": 10.474235773086548, "reward": -0.0117956533598918, "lane_pos": {"dist": 0.058873423076862164, "dot_dir": 0.9055735088655973, "angle_deg": 25.099363841706907, "angle_rad": 0.43806653919379834}, "wheel_vel": [1.0354823665181812e-11, 0.96], "action": [1.0786274651231054e-11, 1.0]}, "13": {"time": 10.484316110610962, "reward": 0.0729102289930495, "lane_pos": {"dist": 0.0632954340485492, "dot_dir": 0.9922796063496534, "angle_deg": 7.124217327798719, "angle_rad": 0.12434104899771979}, "wheel_vel": [7.03874418060864e-16, 0.96], "action": [7.332025188133999e-16, 1.0]}, "14": {"time": 10.494293689727783, "reward": 0.2592389494419066, "lane_pos": {"dist": 0.06277730956847805, "dot_dir": 0.9821203028192402, "angle_deg": -10.85092918576176, "angle_rad": -0.18938444119229011}, "wheel_vel": [1.856791220777865e-11, 0.96], "action": [1.934157521643609e-11, 1.0]}, "15": {"time": 10.504822731018066, "reward": -0.011795671874031688, "lane_pos": {"dist": 0.06277730933578818, "dot_dir": 0.9055735247272776, "angle_deg": 25.099361699250164, "angle_rad": 0.4380665018008741}, "wheel_vel": [0.9599998855590821, -0.96], "action": [0.9999998807907104, -1.0]}, "16": {"time": 10.514893770217896, "reward": -0.3360731691454362, "lane_pos": {"dist": 0.05386627173237368, "dot_dir": 0.7298885597225205, "angle_deg": 43.12294756319822, "angle_rad": 0.7526374181426744}, "wheel_vel": [0.002626486122608185, -0.9599605178833008], "action": [0.002735923044383526, -0.999958872795105]}, "17": {"time": 10.524860620498657, "reward": -0.012083229226256376, "lane_pos": {"dist": 0.06281566206276956, "dot_dir": 0.9051211929816332, "angle_deg": 25.16038933590139, "angle_rad": 0.43913163499514873}, "wheel_vel": [0.000672303568571806, 0.96], "action": [0.0007003162172622979, 1.0]}, "18": {"time": 10.535408735275269, "reward": -0.2513491429090817, "lane_pos": {"dist": 0.05832213127238317, "dot_dir": 0.6014782901851862, "angle_deg": 53.02415409048508, "angle_rad": 0.9254460719637839}, "wheel_vel": [0.5281559371948242, -0.9599662399291993], "action": [0.5501624345779419, -0.9999648332595825]}, "19": {"time": 10.546037912368774, "reward": -0.05868224485484663, "lane_pos": {"dist": 0.06939845660178445, "dot_dir": 0.8186611397812861, "angle_deg": 35.04900757657689, "angle_rad": 0.6117205817677053}, "wheel_vel": [2.030935650889512e-27, 0.96], "action": [2.1155579696765753e-27, 1.0]}, "20": {"time": 10.556029796600342, "reward": 0.026023637498092556, "lane_pos": {"dist": 0.07639901851353459, "dot_dir": 0.9559270596195139, "angle_deg": 17.073861062669128, "angle_rad": 0.2979950915716342}, "wheel_vel": [2.201792784553569e-14, 0.96], "action": [2.2935341505766343e-14, 1.0]}, "21": {"time": 10.566570043563843, "reward": -0.29867587977347804, "lane_pos": {"dist": 0.06939865386484279, "dot_dir": 0.8186537552305925, "angle_deg": 35.0497443286961, "angle_rad": 0.6117334405179565}, "wheel_vel": [3.9347775746136905e-05, -0.96], "action": [4.098726640222594e-05, -1.0]}, "22": {"time": 10.576704502105713, "reward": 0.02602016563552656, "lane_pos": {"dist": 0.07639939984007604, "dot_dir": 0.9559232841567391, "angle_deg": 17.074597814787936, "angle_rad": 0.2980079503218784}, "wheel_vel": [3.6369139092191096e-25, 0.96], "action": [3.7884519887699054e-25, 1.0]}, "23": {"time": 10.586708545684814, "reward": -0.15457912021948622, "lane_pos": {"dist": 0.07575803282552185, "dot_dir": 0.6193687801768822, "angle_deg": 51.72994590309213, "angle_rad": 0.9028578778875092}, "wheel_vel": [0.8908407783508301, -0.96], "action": [0.927959144115448, -1.0]}, "24": {"time": 10.59724736213684, "reward": -0.22992778298857944, "lane_pos": {"dist": 0.09063483203285871, "dot_dir": 0.5487851422299277, "angle_deg": 56.71629148963936, "angle_rad": 0.9898860260150462}, "wheel_vel": [0.6834365272521973, 0.41713039398193363], "action": [0.7119130492210388, 0.43451082706451416]}, "25": {"time": 10.607393503189087, "reward": -0.329798112733255, "lane_pos": {"dist": 0.09155852046707436, "dot_dir": 0.015184652443986556, "angle_deg": 89.12995006430091, "angle_rad": 1.5556110907601826}, "wheel_vel": [0.8949382781982421, -0.8361804199218751], "action": [0.932227373123169, -0.8710212707519531]}, "26": {"time": 10.617397785186768, "reward": -0.22959747536515684, "lane_pos": {"dist": 0.10722178819322448, "dot_dir": 0.3223075490315634, "angle_deg": 71.19746678700794, "angle_rad": 1.242630214512597}, "wheel_vel": [5.630646782162075e-12, 0.9577214813232422], "action": [5.865257064752161e-12, 0.997626543045044]},