{"1": {"time": 5.479144334793091, "steps": 500, "reward": 462.99646356673423}, "2": {"time": 10.983680963516235, "steps": 500, "reward": 456.8824399112432}, "3": {"time": 16.476788997650146, "steps": 500, "reward": 445.7122666845177}, "4": {"time": 22.084104299545288, "steps": 500, "reward": 460.5271745003977}, "5": {"time": 27.626312732696533, "steps": 500, "reward": 450.4214706773378}, "6": {"time": 33.18286490440369, "steps": 500, "reward": 465.1859058372301}, "7": {"time": 38.74513006210327, "steps": 500, "reward": 454.3599926519996}, "8": {"time": 44.332552671432495, "steps": 500, "reward": 459.0667081976798}, "9": {"time": 49.96466279029846, "steps": 500, "reward": 467.95314013030566}, "10": {"time": 55.59425210952759, "steps": 500, "reward": 463.163472899825}}