{"1": {"time": 1116, "steps": 500, "reward": 353.8062475100208}, "2": {"time": 1122, "steps": 500, "reward": 332.6387598491371}, "3": {"time": 1127, "steps": 500, "reward": 330.1967961089243}, "4": {"time": 1133, "steps": 500, "reward": 343.8145208376076}, "5": {"time": 1138, "steps": 500, "reward": 351.94572038597164}, "6": {"time": 1144, "steps": 500, "reward": 358.7624259749307}, "7": {"time": 1149, "steps": 500, "reward": 333.2711142223084}, "8": {"time": 1155, "steps": 500, "reward": 323.52441658431894}, "9": {"time": 1160, "steps": 500, "reward": 339.56426737592096}, "10": {"time": 1166, "steps": 500, "reward": 324.4997226681602}}