{"1": {"time": 5.048694849014282, "steps": 500, "reward": 253.92422721763302}, "2": {"time": 5.30011773109436, "steps": 23, "reward": 2.4030154229449416}, "3": {"time": 6.596181154251099, "steps": 128, "reward": 66.39056966805691}, "4": {"time": 9.783315658569336, "steps": 313, "reward": 145.06659918793937}, "5": {"time": 10.24561595916748, "steps": 41, "reward": 8.763738368963605}, "6": {"time": 11.665842533111572, "steps": 139, "reward": 64.84281522578436}, "7": {"time": 16.66195821762085, "steps": 500, "reward": 241.81126686755547}, "8": {"time": 21.673614978790283, "steps": 500, "reward": 253.30384092283418}, "9": {"time": 23.519485235214233, "steps": 181, "reward": 8.603158242455383}, "10": {"time": 28.55790114402771, "steps": 500, "reward": 263.9484659827607}}