{"0": {"time": 0.010124683380126953, "reward": 0.3548945363735558, "lane_pos": {"dist": 0.07961485042479029, "dot_dir": 0.9608386165896116, "angle_deg": -16.087709943190745, "angle_rad": -0.28078350761450843}, "wheel_vel": [1.2750751576232997e-18, 0.96], "action": [1.3282032891909371e-18, 1.0]}, "1": {"time": 0.02077960968017578, "reward": -0.059534547586994224, "lane_pos": {"dist": 0.08013963008919685, "dot_dir": 0.9881627633846565, "angle_deg": 8.824541122974988, "angle_rad": 0.15401729757355137}, "wheel_vel": [0.46227124214172366, -0.944362907409668], "action": [0.4815325438976288, -0.9837113618850708]}, "2": {"time": 0.03129696846008301, "reward": 0.19437533038508856, "lane_pos": {"dist": 0.08043709852398773, "dot_dir": 0.9930372219489247, "angle_deg": -6.765209026819097, "angle_rad": -0.1180751721036346}, "wheel_vel": [1.2062974825575914e-16, 0.96], "action": [1.2565598776641577e-16, 1.0]}, "3": {"time": 0.04152536392211914, "reward": -0.17510055698250526, "lane_pos": {"dist": 0.08013968165224729, "dot_dir": 0.9881637745835304, "angle_deg": 8.824163448792742, "angle_rad": 0.1540107059155714}, "wheel_vel": [8.556906095691374e-08, -0.9599797439575196], "action": [8.913443849678515e-08, -0.9999788999557495]}, "4": {"time": 0.05166935920715332, "reward": 0.16810524104591287, "lane_pos": {"dist": 0.08070624060278694, "dot_dir": 0.9964009924025068, "angle_deg": -4.86249704515804, "angle_rad": -0.0848665833065032}, "wheel_vel": [0.07576148271560669, 0.9598847007751465], "action": [0.0789182111620903, 0.9998798966407776]}, "5": {"time": 0.06299734115600586, "reward": 0.43902280570704855, "lane_pos": {"dist": 0.0772188566316862, "dot_dir": 0.937258945517613, "angle_deg": -20.403787467035208, "angle_rad": -0.3561132711769183}, "wheel_vel": [3.976863212074022e-09, 0.96], "action": [4.14256584591044e-09, 1.0]}, "6": {"time": 0.07340431213378906, "reward": 0.02560047245793204, "lane_pos": {"dist": 0.07734139416999439, "dot_dir": 0.9968629098834303, "angle_deg": -4.539570111092341, "angle_rad": -0.07923044506368611}, "wheel_vel": [0.4065537357330322, -0.44070771217346194], "action": [0.42349347472190857, -0.4590705335140228]}, "7": {"time": 0.08364152908325195, "reward": -0.05602157416204673, "lane_pos": {"dist": 0.07702075324012256, "dot_dir": 0.8683358862133235, "angle_deg": 29.73416914772055, "angle_rad": 0.5189591519726398}, "wheel_vel": [0.8704603385925294, -0.9599998283386231], "action": [0.906729519367218, -0.9999998211860657]}, "8": {"time": 0.0940086841583252, "reward": -0.07947753641458152, "lane_pos": {"dist": 0.0919500447641937, "dot_dir": 0.7800231229914323, "angle_deg": 38.73730742990685, "angle_rad": 0.6760935580091371}, "wheel_vel": [0.9463416481018067, 0.6499472808837891], "action": [0.9857725501060486, 0.6770284175872803]}, "9": {"time": 0.10443854331970215, "reward": -0.24547480570842276, "lane_pos": {"dist": 0.09195003692230636, "dot_dir": 0.2640819667500486, "angle_deg": 74.687589743701, "angle_rad": 1.30354435140633}, "wheel_vel": [0.9599994277954101, -0.96], "action": [0.9999994039535522, -1.0]}, "10": {"time": 0.11459898948669434, "reward": -0.16546796954870036, "lane_pos": {"dist": 0.10653907249116384, "dot_dir": 0.5342100948922042, "angle_deg": 57.70964215881299, "angle_rad": 1.007223265819015}, "wheel_vel": [0.00023691963404417037, 0.96], "action": [0.0002467912854626775, 1.0]}, "11": {"time": 0.12482190132141113, "reward": -0.30059118876098534, "lane_pos": {"dist": -0.3655915039384857, "dot_dir": 0.06316923234586802, "angle_deg": -86.37825819193169, "angle_rad": -1.5075850075869721}, "wheel_vel": [0.9598978042602538, -0.924887981414795], "action": [0.9998935461044312, -0.9634249806404114]}, "12": {"time": 0.13513708114624023, "reward": -0.24940842973678912, "lane_pos": {"dist": 0.12294819041632726, "dot_dir": 0.2500021422864709, "angle_deg": 75.52236104460337, "angle_rad": 1.3181138591082329}, "wheel_vel": [2.222735277085386e-13, 0.96], "action": [2.3153492469639436e-13, 1.0]}, "13": {"time": 0.1458752155303955, "reward": -0.21585975747308783, "lane_pos": {"dist": -0.3814561425606434, "dot_dir": 0.3680740568858198, "angle_deg": -68.40311167801936, "angle_rad": -1.193859517390821}, "wheel_vel": [0.96, -0.96], "action": [1.0, -1.0]}, "14": {"time": 0.15632939338684082, "reward": -0.04644810889107823, "lane_pos": {"dist": -0.381456138221949, "dot_dir": 0.8438335496589267, "angle_deg": -32.452825078616335, "angle_rad": -0.5664086491956427}, "wheel_vel": [0.9599996566772461, -0.96], "action": [0.9999996423721313, -1.0]}, "15": {"time": 0.16650938987731934, "reward": -0.13747556867098154, "lane_pos": {"dist": -0.3921214308527655, "dot_dir": 0.6188270478723554, "angle_deg": -51.76947020054785, "angle_rad": -0.9035477070126491}, "wheel_vel": [6.274034677206109e-14, 0.96], "action": [6.535452788756363e-14, 1.0]}, "16": {"time": 0.17703485488891602, "reward": -0.22638926545798632, "lane_pos": {"dist": -0.4060671566276825, "dot_dir": 0.33154302038518213, "angle_deg": -70.63754267018224, "angle_rad": -1.232857695112667}, "wheel_vel": [9.224480386691423e-17, 0.96], "action": [9.608833736136899e-17, 1.0]}, "17": {"time": 0.18761682510375977, "reward": -0.31109514260468596, "lane_pos": {"dist": -0.4217411020541121, "dot_dir": 0.02421079490071454, "angle_deg": -88.61268807929169, "angle_rad": -1.54658316602637}, "wheel_vel": [5.900406904402189e-08, 0.96], "action": [6.146257192085613e-08, 1.0]}, "18": {"time": 0.1986522674560547, "reward": -0.4023718780062956, "lane_pos": {"dist": -0.4360151111966548, "dot_dir": 0.08311779441480383, "angle_deg": -85.23220061591829, "angle_rad": -1.4875825294681129}, "wheel_vel": [0.5311723709106445, 0.32681731224060057], "action": [0.5533045530319214, 0.3404347002506256]}, "19": {"time": 0.20868611335754395, "reward": -0.12575359310764972, "lane_pos": {"dist": -0.4360150938932944, "dot_dir": 0.652337485572576, "angle_deg": -49.281929016146364, "angle_rad": -0.8601319230658838}, "wheel_vel": [0.9599988555908203, -0.96], "action": [0.9999988079071045, -1.0]}, "20": {"time": 0.21961474418640137, "reward": -0.2125581768181828, "lane_pos": {"dist": -0.4495992278323767, "dot_dir": 0.37941587804463306, "angle_deg": -67.70249450302639, "angle_rad": -1.1816314408911726}, "wheel_vel": [1.7620982687168194e-21, 0.96], "action": [1.8355190299133536e-21, 1.0]}, "21": {"time": 0.22970008850097656, "reward": -0.29936062732971536, "lane_pos": {"dist": -0.46513035761892263, "dot_dir": 0.06762268429998752, "angle_deg": -86.1225465982264, "angle_rad": -1.503121998341293}, "wheel_vel": [3.1839120776715537e-15, 0.96], "action": [3.3165750809078685e-15, 1.0]}, "22": {"time": 0.23966526985168457, "reward": -0.26660422233435194, "lane_pos": {"dist": -0.4902322218884535, "dot_dir": 0.18887788191202942, "angle_deg": -79.11269408334667, "angle_rad": -1.3807769918774366}, "wheel_vel": [0.9588930130004882, 0.560786418914795], "action": [0.9988468885421753, 0.5841525197029114]}, "23": {"time": 0.24973797798156738, "reward": -0.27696646243442014, "lane_pos": {"dist": 0.24827897490930761, "dot_dir": 0.1500468706078475, "angle_deg": 81.37035721222477, "angle_rad": 1.4201806468772367}, "wheel_vel": [9.221916798196617e-08, 0.96], "action": [9.606163331454809e-08, 1.0]}, "24": {"time": 0.2610146999359131, "reward": -0.1968788072075371, "lane_pos": {"dist": 0.2635050267722512, "dot_dir": 0.4324756036992606, "angle_deg": 64.37522893222756, "angle_rad": 1.1235597015924845}, "wheel_vel": [1.3094394708614086e-22, 0.96], "action": [1.3639994488139675e-22, 1.0]}}