{"1": {"time": 5.10321831703186, "steps": 500, "reward": 204.21186891793846}, "2": {"time": 6.469661235809326, "steps": 133, "reward": 32.3860099779786}, "3": {"time": 9.131791353225708, "steps": 259, "reward": 93.25883778579806}, "4": {"time": 14.228585481643677, "steps": 500, "reward": 152.51351164099546}, "5": {"time": 15.275068044662476, "steps": 101, "reward": 32.78763355582368}, "6": {"time": 16.593087911605835, "steps": 128, "reward": 40.462365519090916}, "7": {"time": 21.788271188735962, "steps": 500, "reward": 182.91074533776083}, "8": {"time": 26.948643684387207, "steps": 500, "reward": 193.75981356782816}, "9": {"time": 29.303080558776855, "steps": 225, "reward": 31.627396454487503}, "10": {"time": 31.0039381980896, "steps": 164, "reward": 49.707475101217085}}