{"0": {"time": 3.765359401702881, "reward": 0.015047078166606664, "lane_pos": {"dist": -0.05598620209941696, "dot_dir": 0.9432043411041587, "angle_deg": -19.40315929699906, "angle_rad": -0.3386490150215819}, "wheel_vel": [4.076360922062952e-21, 0.96], "action": [4.246209293815575e-21, 1.0]}, "1": {"time": 3.775242805480957, "reward": 0.3635137537303429, "lane_pos": {"dist": -0.055986061981513346, "dot_dir": 0.9586176100636821, "angle_deg": 16.54072674552526, "angle_rad": 0.288690142382102}, "wheel_vel": [0.9596578216552735, -0.96], "action": [0.9996435642242432, -1.0]}, "2": {"time": 3.785202980041504, "reward": 0.41383884652202096, "lane_pos": {"dist": -0.04695785684763143, "dot_dir": 0.9593984048748802, "angle_deg": 16.382857770807927, "angle_rad": 0.2859348089865369}, "wheel_vel": [0.9515686798095703, 0.96], "action": [0.9912173748016357, 1.0]}, "3": {"time": 3.7950963973999023, "reward": 0.4250558190000196, "lane_pos": {"dist": -0.05069674776282551, "dot_dir": 0.8557405119656154, "angle_deg": 31.158360115486392, "angle_rad": 0.5438159735373181}, "wheel_vel": [0.11550865173339843, -0.6736077117919922], "action": [0.12032151222229004, -0.7016746997833252]}, "4": {"time": 3.8050780296325684, "reward": 0.7634594636083781, "lane_pos": {"dist": -0.060655319902192195, "dot_dir": 0.6454857717357688, "angle_deg": 49.79789325907851, "angle_rad": 0.8691371979276097}, "wheel_vel": [0.035482946634292606, -0.96], "action": [0.036961402744054794, -1.0]}, "5": {"time": 3.8150875568389893, "reward": 0.6466306992886034, "lane_pos": {"dist": -0.05024074225590125, "dot_dir": 0.8496767633876814, "angle_deg": 31.823470222076747, "angle_rad": 0.5554243347856103}, "wheel_vel": [3.858156502246857e-05, 0.9599999427795409], "action": [4.018913023173809e-05, 0.9999999403953552]}, "6": {"time": 3.825016498565674, "reward": 0.761492245018504, "lane_pos": {"dist": -0.060597462573435124, "dot_dir": 0.646593800180455, "angle_deg": 49.71472142598738, "angle_rad": 0.8676855755952502}, "wheel_vel": [2.356252691242844e-05, -0.9554958343505859], "action": [2.4544298867112957e-05, -0.9953081607818604]}, "7": {"time": 3.8349976539611816, "reward": 0.6453283132170555, "lane_pos": {"dist": -0.05020090059338023, "dot_dir": 0.8504479566521201, "angle_deg": 31.739574912079206, "angle_rad": 0.5539600853991719}, "wheel_vel": [1.1333491261246092e-25, 0.96], "action": [1.1805720063798012e-25, 1.0]}, "8": {"time": 3.8450005054473877, "reward": 0.7614996623238521, "lane_pos": {"dist": -0.06059735344606154, "dot_dir": 0.6465959397831244, "angle_deg": 49.71456072225638, "angle_rad": 0.867682770786024}, "wheel_vel": [3.526154035426998e-10, -0.9599914169311523], "action": [3.6730771202364565e-10, -0.9999910593032837]}, "9": {"time": 3.8548858165740967, "reward": 0.6453258139422726, "lane_pos": {"dist": -0.05020082533563397, "dot_dir": 0.850449432144449, "angle_deg": 31.739414208348197, "angle_rad": 0.5539572805899455}, "wheel_vel": [4.36279330437633e-31, 0.96], "action": [4.544576358725344e-31, 1.0]}, "10": {"time": 3.8648407459259033, "reward": 0.41419932901046863, "lane_pos": {"dist": -0.04405387811655515, "dot_dir": 0.9709778079518001, "angle_deg": 13.837534541077, "angle_rad": 0.24151053810023618}, "wheel_vel": [4.114301219715344e-09, 0.9560870361328125], "action": [4.285730437203483e-09, 0.9959239959716797]}, "11": {"time": 3.8746981620788574, "reward": 0.5525674024528404, "lane_pos": {"dist": -0.0363928216308137, "dot_dir": 0.9699477432140816, "angle_deg": 14.082178524619064, "angle_rad": 0.24578038110824002}, "wheel_vel": [0.9592353630065917, 0.9461696434020996], "action": [0.9992035031318665, 0.9855933785438538]}, "12": {"time": 3.8846960067749023, "reward": 0.666732480674976, "lane_pos": {"dist": -0.028666261170845697, "dot_dir": 0.9704645406173746, "angle_deg": 13.959962601668073, "angle_rad": 0.24364731085438152}, "wheel_vel": [0.9534728050231933, 0.96], "action": [0.9932008385658264, 1.0]}, "13": {"time": 3.894648313522339, "reward": 0.6411123851065705, "lane_pos": {"dist": -0.023673107623550238, "dot_dir": 0.9908050108857409, "angle_deg": 7.775826829167426, "angle_rad": 0.13571378023388223}, "wheel_vel": [0.6297233963012696, 0.96], "action": [0.6559618711471558, 1.0]}, "14": {"time": 3.9054665565490723, "reward": 0.3009708667115994, "lane_pos": {"dist": -0.024008138318728167, "dot_dir": 0.9842475719583063, "angle_deg": -10.1831733152919, "angle_rad": -0.1777299026530703}, "wheel_vel": [0.000862273145467043, 0.9599999427795409], "action": [0.0008982011931948364, 0.9999999403953552]}, "15": {"time": 3.9154231548309326, "reward": 0.6550831493993654, "lane_pos": {"dist": -0.024065221954117755, "dot_dir": 0.9857651176226656, "angle_deg": 9.6790135768985, "angle_rad": 0.16893065526211218}, "wheel_vel": [0.9215876770019532, -0.13919363021850586], "action": [0.9599871635437012, -0.1449933648109436]}, "16": {"time": 3.925239086151123, "reward": 0.7619547866898633, "lane_pos": {"dist": -0.018919658935613093, "dot_dir": 0.9873539627946168, "angle_deg": 9.12165406959214, "angle_rad": 0.1592028967423228}, "wheel_vel": [0.9302330589294434, 0.96], "action": [0.9689927697181702, 1.0]}, "17": {"time": 3.935300588607788, "reward": 1.0623923346310429, "lane_pos": {"dist": -0.014033945957868887, "dot_dir": 0.9885763641596249, "angle_deg": 8.668702708892434, "angle_rad": 0.1512974041467245}, "wheel_vel": [0.935808506011963, 0.9599993133544922], "action": [0.9748005270957947, 0.9999992847442627]}, "18": {"time": 3.9452507495880127, "reward": 1.2384668732414077, "lane_pos": {"dist": -0.00922078480568933, "dot_dir": 0.9886398256544672, "angle_deg": 8.64454473157397, "angle_rad": 0.1508757679018952}, "wheel_vel": [0.9587097930908203, 0.96], "action": [0.9986560344696045, 1.0]}, "19": {"time": 3.955209732055664, "reward": 1.181590665498421, "lane_pos": {"dist": -0.005141238723914809, "dot_dir": 0.9929630382429652, "angle_deg": 6.801195064533126, "angle_rad": 0.11870324694649127}, "wheel_vel": [0.8615520858764649, 0.96], "action": [0.8974500894546509, 1.0]}, "20": {"time": 3.965129852294922, "reward": 0.29698237496598523, "lane_pos": {"dist": -0.002520676290615365, "dot_dir": 0.8263152504965046, "angle_deg": 34.27793505138941, "angle_rad": 0.5982628274315169}, "wheel_vel": [0.9599606323242187, -0.5074916839599609], "action": [0.9999589920043945, -0.528637170791626]}, "21": {"time": 3.974992036819458, "reward": 0.1654909994050994, "lane_pos": {"dist": 0.01210008966994014, "dot_dir": 0.8707747185361555, "angle_deg": 29.451208039389268, "angle_rad": 0.5140205489771665}, "wheel_vel": [0.7022168540954591, 0.9599982261657715], "action": [0.7314758896827698, 0.999998152256012]}, "22": {"time": 3.984985113143921, "reward": 0.3845041769304998, "lane_pos": {"dist": 0.01767098274311385, "dot_dir": 0.9800079160493652, "angle_deg": 11.476061525481052, "angle_rad": 0.2002950587810875}, "wheel_vel": [0.0, 0.96], "action": [0.0, 1.0]}, "23": {"time": 3.994988441467285, "reward": -0.07450338506344176, "lane_pos": {"dist": 0.012100380753435669, "dot_dir": 0.8707803703891163, "angle_deg": 29.450549421658515, "angle_rad": 0.5140090539292529}, "wheel_vel": [2.446174949000124e-07, -0.9599645805358887], "action": [2.5480989052084624e-07, -0.999963104724884]}, "24": {"time": 4.004841327667236, "reward": 0.3845149009866937, "lane_pos": {"dist": 0.017671102217717838, "dot_dir": 0.9800102030221012, "angle_deg": 11.47540290775033, "angle_rad": 0.20028356373317438}, "wheel_vel": [2.893779474670479e-16, 0.96], "action": [3.0143536194484157e-16, 1.0]}, "25": {"time": 4.014671802520752, "reward": 0.6449124952350399, "lane_pos": {"dist": 0.018913494494924524, "dot_dir": 0.9978760138858566, "angle_deg": -3.7349979380250535, "angle_rad": -0.0651880115737363}, "wheel_vel": [0.14765697956085205, 0.96], "action": [0.1538093537092209, 1.0]}, "26": {"time": 4.024646759033203, "reward": 0.6730317525284096, "lane_pos": {"dist": 0.01682734955496068, "dot_dir": 0.9978677311472399, "angle_deg": -3.742275973324156, "angle_rad": -0.06531503725278201},