{"0": {"time": 4655, "reward": -0.08416626353454909, "lane_pos": {"dist": 0.1358871814157374, "dot_dir": 0.7608944670041676, "angle_deg": 40.45688430020467, "angle_rad": 0.7061058361369735}, "wheel_vel": [0.96, -1.2], "action": [1.0, -1.0]}}