{"1": {"time": 1708, "steps": 500, "reward": 318.2989422809692}, "2": {"time": 1713, "steps": 500, "reward": 319.78939422785515}, "3": {"time": 1719, "steps": 500, "reward": 305.27414065291686}, "4": {"time": 1724, "steps": 500, "reward": 300.5979000688314}, "5": {"time": 1729, "steps": 500, "reward": 278.91154704045687}, "6": {"time": 1734, "steps": 500, "reward": 309.9448795936153}, "7": {"time": 1740, "steps": 500, "reward": 298.56457309039826}, "8": {"time": 1745, "steps": 500, "reward": 303.5928522585472}, "9": {"time": 1750, "steps": 500, "reward": 315.54678028508033}, "10": {"time": 1755, "steps": 500, "reward": 301.9274234431682}}