{"1": {"time": 23681, "steps": 500, "reward": 391.6286090971855}, "2": {"time": 23686, "steps": 500, "reward": 374.8931171948959}, "3": {"time": 23691, "steps": 500, "reward": 389.33198737575856}, "4": {"time": 23697, "steps": 500, "reward": 331.33995720965896}, "5": {"time": 23702, "steps": 500, "reward": 267.1567410310044}, "6": {"time": 23707, "steps": 500, "reward": 314.9142829046336}, "7": {"time": 23712, "steps": 500, "reward": 461.94892048394576}, "8": {"time": 23717, "steps": 500, "reward": 367.15109611734283}, "9": {"time": 23723, "steps": 500, "reward": 252.90549033138697}, "10": {"time": 23728, "steps": 500, "reward": 254.62261234598498}}