{"0": {"time": 0.009901046752929688, "reward": 0.5247251125202727, "lane_pos": {"dist": 0.026745377804014314, "dot_dir": 0.9976862696330719, "angle_deg": -3.8983226008647605, "angle_rad": -0.06803856468999882}, "wheel_vel": [0.6738231468200684, 0.96], "action": [0.7018991112709045, 1.0]}, "1": {"time": 0.02001047134399414, "reward": -0.02395267365723387, "lane_pos": {"dist": 0.02533692710291247, "dot_dir": 0.9684270213452217, "angle_deg": 14.435929244617476, "angle_rad": 0.2519544959035129}, "wheel_vel": [0.027484772801399233, -0.9516939926147461], "action": [0.0286299716681242, -0.9913479089736938]}, "2": {"time": 0.03017449378967285, "reward": 0.5161229721225291, "lane_pos": {"dist": 0.02684988072746708, "dot_dir": 0.9980927786894312, "angle_deg": -3.539217269290635, "angle_rad": -0.06177099429256437}, "wheel_vel": [4.255301802049252e-21, 0.96], "action": [4.432606043801304e-21, 1.0]}, "3": {"time": 0.04022717475891113, "reward": 0.5930450632370269, "lane_pos": {"dist": 0.02445042940836961, "dot_dir": 0.9952604464674262, "angle_deg": -5.5805631384974, "angle_rad": -0.09739920088220795}, "wheel_vel": [0.8509774017333984, 0.9599997138977051], "action": [0.88643479347229, 0.9999997019767761]}, "4": {"time": 0.05028367042541504, "reward": 0.04226601110013755, "lane_pos": {"dist": 0.023659802365562754, "dot_dir": 0.9796618506313505, "angle_deg": 11.575297685415453, "angle_rad": 0.20202705650897845}, "wheel_vel": [0.002822545096278191, -0.9134218025207519], "action": [0.0029401511419564486, -0.95148104429245]}, "5": {"time": 0.06032395362854004, "reward": 0.555244674133301, "lane_pos": {"dist": 0.02488430479113779, "dot_dir": 0.9977306313060486, "angle_deg": -3.8607557359521256, "angle_rad": -0.0673828992076214}, "wheel_vel": [0.1355317211151123, 0.9599261856079102], "action": [0.14117887616157532, 0.9999231100082397]}, "6": {"time": 0.07038640975952148, "reward": 0.0011021777031712766, "lane_pos": {"dist": 0.02346060816803197, "dot_dir": 0.9698150020200865, "angle_deg": 14.113402700790513, "angle_rad": 0.24632534578865456}, "wheel_vel": [1.586131656949874e-07, -0.9599470710754394], "action": [1.652220475989452e-07, -0.9999448657035828]}, "7": {"time": 0.08042001724243164, "reward": -0.016879740251666497, "lane_pos": {"dist": 0.02346061016143164, "dot_dir": 0.6419356582625846, "angle_deg": 50.06369144299797, "angle_rad": 0.8737762513828257}, "wheel_vel": [0.96, -0.9599997711181641], "action": [1.0, -0.9999997615814209]}, "8": {"time": 0.09048318862915039, "reward": -0.18629249716534146, "lane_pos": {"dist": 0.02346084768058687, "dot_dir": 0.06953017172955761, "angle_deg": 86.01299770936718, "angle_rad": 1.5012100095387981}, "wheel_vel": [0.9599814605712891, -0.9599658393859863], "action": [0.9999806880950928, -0.9999644160270691]}, "9": {"time": 0.10056042671203613, "reward": -0.1674370936914068, "lane_pos": {"dist": 0.0389885023161316, "dot_dir": 0.37399398811278756, "angle_deg": 68.03785119545901, "angle_rad": 1.1874845193427197}, "wheel_vel": [1.9755547148000565e-24, 0.96], "action": [2.057869494583392e-24, 1.0]}, "10": {"time": 0.11066293716430664, "reward": -0.12943262564715935, "lane_pos": {"dist": 0.05265420095901885, "dot_dir": 0.6419488634635161, "angle_deg": 50.062704681550834, "angle_rad": 0.8737590291466414}, "wheel_vel": [6.801890898666761e-16, 0.96], "action": [7.085303019444542e-16, 1.0]}, "11": {"time": 0.12073230743408203, "reward": -0.0447267432942246, "lane_pos": {"dist": 0.063123910972953, "dot_dir": 0.8472372951092528, "angle_deg": 32.08755816764402, "angle_rad": 0.5600335389505867}, "wheel_vel": [7.307955672899991e-14, 0.96], "action": [7.61245382593749e-14, 1.0]}, "12": {"time": 0.13074588775634766, "reward": -0.20295502005185767, "lane_pos": {"dist": 0.06469302334444471, "dot_dir": 0.41212085224703243, "angle_deg": 65.66186677020751, "angle_rad": 1.146015768145976}, "wheel_vel": [0.9599477005004884, -0.8331579208374024], "action": [0.9999455213546753, -0.8678728342056274]}, "13": {"time": 0.14085698127746582, "reward": -0.11823606282403853, "lane_pos": {"dist": 0.07800723998416936, "dot_dir": 0.6731839236141811, "angle_deg": 47.686720256299324, "angle_rad": 0.8322902779498974}, "wheel_vel": [8.324096118263206e-31, 0.96], "action": [8.670933456524173e-31, 1.0]}, "14": {"time": 0.1509082317352295, "reward": -0.3181657652462367, "lane_pos": {"dist": 0.07715183398379888, "dot_dir": 0.3106207402592074, "angle_deg": 71.90335684649631, "angle_rad": 1.2549503202077674}, "wheel_vel": [0.616754035949707, -0.6765856933593749], "action": [0.6424521207809448, -0.7047767639160156]}, "15": {"time": 0.16094398498535156, "reward": -0.4915801791709872, "lane_pos": {"dist": -0.3038063009504909, "dot_dir": 0.0019217899618041792, "angle_deg": -89.88988947829984, "angle_rad": -1.5688745356501401}, "wheel_vel": [0.26213453292846683, -0.7102349281311034], "action": [0.2730568051338196, -0.7398280501365662]}, "16": {"time": 0.17101573944091797, "reward": -0.31752027793349946, "lane_pos": {"dist": -0.32988257838148893, "dot_dir": 0.06908676654230032, "angle_deg": -86.03846419527527, "angle_rad": -1.5016544835668069}, "wheel_vel": [0.885776481628418, 0.680083122253418], "action": [0.922683835029602, 0.708419919013977]}, "17": {"time": 0.18109679222106934, "reward": -0.2515951114617843, "lane_pos": {"dist": 0.11175577509238455, "dot_dir": 0.24215238368939548, "angle_deg": 75.98638931860565, "angle_rad": 1.326212680311919}, "wheel_vel": [1.4841332429682554e-09, 0.96], "action": [1.5459721280919325e-09, 1.0]}}