{"0": {"time": 7.59517502784729, "reward": 0.03026422839729051, "lane_pos": {"dist": -0.30881905777585006, "dot_dir": 0.9604203465525263, "angle_deg": -16.173967582460136, "angle_rad": -0.28228898742475683}, "wheel_vel": [1.578238676302135e-05, 0.9599997711181641], "action": [1.6439986211480573e-05, 0.9999997615814209]}, "1": {"time": 7.6051025390625, "reward": -0.054161866810095605, "lane_pos": {"dist": -0.31560900391125835, "dot_dir": 0.8281605827331546, "angle_deg": -34.08975356262194, "angle_rad": -0.5949784408612198}, "wheel_vel": [0.00317027248442173, 0.96], "action": [0.0033023671712726355, 1.0]}, "2": {"time": 7.615000009536743, "reward": -0.13886774916303674, "lane_pos": {"dist": -0.3264920008958462, "dot_dir": 0.6147684849961378, "angle_deg": -52.0649000765301, "angle_rad": -0.908703931057298}, "wheel_vel": [1.391632861981428e-30, 0.96], "action": [1.4496175645639875e-30, 1.0]}, "3": {"time": 7.625217437744141, "reward": -0.22357363151597787, "lane_pos": {"dist": -0.34043566703854466, "dot_dir": 0.34136326651185533, "angle_deg": -70.04004659043827, "angle_rad": -1.2224294212533762}, "wheel_vel": [5.175954211561684e-21, 0.96], "action": [5.391618970376754e-21, 1.0]}, "4": {"time": 7.635197877883911, "reward": -0.37886774916298743, "lane_pos": {"dist": -0.3264920008958485, "dot_dir": 0.6147684849961755, "angle_deg": -52.064900076527366, "angle_rad": -0.9087039310572501}, "wheel_vel": [1.4495097830358184e-13, -0.96], "action": [1.509906023995644e-13, -1.0]}, "5": {"time": 7.64497447013855, "reward": -0.22357358007110953, "lane_pos": {"dist": -0.34043580428537856, "dot_dir": 0.341376144407877, "angle_deg": -70.03926158539225, "angle_rad": -1.2224157203306785}, "wheel_vel": [2.7333606267347933e-05, 0.959985408782959], "action": [2.847250652848743e-05, 0.9999848008155823]}, "6": {"time": 7.655038118362427, "reward": -0.37886404991390826, "lane_pos": {"dist": -0.32649224381119124, "dot_dir": 0.6147792909605695, "angle_deg": -52.06411507148409, "angle_rad": -0.9086902301346003}, "wheel_vel": [5.930761907530061e-18, -0.96], "action": [6.17787698701048e-18, -1.0]}, "7": {"time": 7.665048837661743, "reward": -0.2235699322668493, "lane_pos": {"dist": -0.34043580428537856, "dot_dir": 0.341376144407877, "angle_deg": -70.03926158539225, "angle_rad": -1.2224157203306785}, "wheel_vel": [2.330755137789062e-34, 0.96], "action": [2.4278699351969393e-34, 1.0]}, "8": {"time": 7.674978256225586, "reward": -0.37886864942892035, "lane_pos": {"dist": -0.3264929290354808, "dot_dir": 0.6147658551903837, "angle_deg": -52.06509111890249, "angle_rad": -0.9087072653757069}, "wheel_vel": [3.467748744406807e-13, -0.9599478721618652], "action": [3.612238275423757e-13, -0.9999457001686096]}, "9": {"time": 7.685214281082153, "reward": -0.2235745317819482, "lane_pos": {"dist": -0.34043662089374915, "dot_dir": 0.3413601324792394, "angle_deg": -70.04023763281066, "angle_rad": -1.222432755571785}, "wheel_vel": [0.0, 0.96], "action": [0.0, 1.0]}, "10": {"time": 7.695294141769409, "reward": -0.37938224303752116, "lane_pos": {"dist": -0.32656951340202245, "dot_dir": 0.6132643150519187, "angle_deg": -52.174089689381894, "angle_rad": -0.9106096493105396}, "wheel_vel": [2.0021556338178925e-07, -0.9541785049438476], "action": [2.0855787852269714e-07, -0.9939359426498413]}, "11": {"time": 7.705171823501587, "reward": -0.2240881753931223, "lane_pos": {"dist": -0.34052785191370705, "dot_dir": 0.3395714033891657, "angle_deg": -70.14923619241857, "angle_rad": -1.2243351393168744}, "wheel_vel": [5.80615449052857e-10, 0.96], "action": [6.048077594300594e-10, 1.0]}, "12": {"time": 7.7150585651397705, "reward": -0.37938229303814763, "lane_pos": {"dist": -0.32656951341135876, "dot_dir": 0.6132643152033446, "angle_deg": -52.174089678397834, "angle_rad": -0.9106096491188316}, "wheel_vel": [6.012468023453011e-12, -0.96], "action": [6.262987524430219e-12, -1.0]}, "13": {"time": 7.7257983684539795, "reward": -0.22408817539259196, "lane_pos": {"dist": -0.34052785191378765, "dot_dir": 0.3395714033910136, "angle_deg": -70.149236192306, "angle_rad": -1.2243351393149098}, "wheel_vel": [9.042597924901945e-35, 0.96], "action": [9.419372838439525e-35, 1.0]}, "14": {"time": 7.735643148422241, "reward": -0.3793938608298509, "lane_pos": {"dist": -0.32657124908772595, "dot_dir": 0.6132303660270786, "angle_deg": -52.17655222660111, "angle_rad": -0.9106526286929678}, "wheel_vel": [1.4677926628792194e-07, -0.9598683357238769], "action": [1.5289506904991867e-07, -0.9998628497123718]}, "15": {"time": 7.745379209518433, "reward": -0.2240997798776086, "lane_pos": {"dist": -0.3405299179108924, "dot_dir": 0.33953097733754095, "angle_deg": -70.15169874050927, "angle_rad": -1.224378118889046}, "wheel_vel": [1.3138410101178217e-17, 0.96], "action": [1.3685843855393977e-17, 1.0]}, "16": {"time": 7.756037950515747, "reward": -0.37939439731407926, "lane_pos": {"dist": -0.3265713236678599, "dot_dir": 0.6132289037526435, "angle_deg": -52.176658292756905, "angle_rad": -0.9106544798966114}, "wheel_vel": [1.4228838107754883e-10, -0.9599943351745606], "action": [1.482170636224467e-10, -0.9999940991401672]}, "17": {"time": 7.7659876346588135, "reward": -0.2241002797025924, "lane_pos": {"dist": -0.3405300067179252, "dot_dir": 0.33952923610430275, "angle_deg": -70.15180480666507, "angle_rad": -1.2243799700926896}, "wheel_vel": [1.0627946606844497e-20, 0.96], "action": [1.1070777715463017e-20, 1.0]}, "18": {"time": 7.775943279266357, "reward": -0.37939443708745957, "lane_pos": {"dist": -0.3265713386430501, "dot_dir": 0.6132286878262884, "angle_deg": -52.17667395497392, "angle_rad": -0.9106547532538665}, "wheel_vel": [1.3627460248244462e-07, -0.9599990272521973], "action": [1.4195271091921313e-07, -0.9999989867210388]}, "19": {"time": 7.786255836486816, "reward": -0.22410035350905133, "lane_pos": {"dist": -0.34053002379392094, "dot_dir": 0.33952897898568557, "angle_deg": -70.1518204688821, "angle_rad": -1.2243802434499447}, "wheel_vel": [1.9413548303901136e-23, 0.96], "action": [2.0222446149897017e-23, 1.0]}, "20": {"time": 7.796213388442993, "reward": -0.37940526256009555, "lane_pos": {"dist": -0.32657295038543543, "dot_dir": 0.6131970987170812, "angle_deg": -52.178965235031455, "angle_rad": -0.9106947436349557}, "wheel_vel": [2.399563470589783e-08, -0.9598776054382325], "action": [2.499545281864357e-08, -0.9998725056648254]}, "21": {"time": 7.806084871292114, "reward": -0.2241111509119454, "lane_pos": {"dist": -0.3405319428591722, "dot_dir": 0.33949136393792734, "angle_deg": -70.15411174893963, "angle_rad": -1.224420233831034}, "wheel_vel": [2.7468361891851103e-33, 0.96], "action": [2.861287697067823e-33, 1.0]}, "22": {"time": 7.816371202468872, "reward": -0.3794050686616784, "lane_pos": {"dist": -0.32657295979164713, "dot_dir": 0.6131972512821748, "angle_deg": -52.1789541690671, "angle_rad": -0.9106945504974427}, "wheel_vel": [5.910007894271986e-07, -0.96], "action": [6.156258223199984e-07, -1.0]}, "23": {"time": 7.826374053955078, "reward": -0.22411109876481689, "lane_pos": {"dist": -0.34053195078119136, "dot_dir": 0.33949154560483724, "angle_deg": -70.15410068297525, "angle_rad": -1.2244200406935208}, "wheel_vel": [0.0, 0.96], "action": [0.0, 1.0]}, "24": {"time": 7.836249351501465, "reward": -0.3795066478137953, "lane_pos": {"dist": -0.3265880965270517, "dot_dir": 0.6129004530147851, "angle_deg": -52.20047862442087, "angle_rad": -0.9110702231130646}, "wheel_vel": [8.17193566149399e-10, -0.958850440979004], "action": [8.512432980722906e-10, -0.9988025426864624]}, "25": {"time": 7.846497297286987, "reward": -0.2242125303710346, "lane_pos": {"dist": -0.3405499734415429, "dot_dir": 0.33913816057377955, "angle_deg": -70.17562513832902, "angle_rad": -1.2247957133091427}, "wheel_vel": [1.428877118958401e-26, 0.96], "action": [1.4884136655816676e-26, 1.0]}, "26": {"time": 7.856376647949219, "reward": -0.3795071680510884, "lane_pos": {"dist": -0.3265881741433183, "dot_dir": 0.612898931127204, "angle_deg": -52.200588978849794,