{"0": {"time": 12.626466751098633, "reward": 0.3511793034991058, "lane_pos": {"dist": 0.06003253966820399, "dot_dir": 0.9615975217546947, "angle_deg": -15.93004410096246, "angle_rad": -0.2780317195496949}, "wheel_vel": [0.013056447207927705, 0.9572122192382813], "action": [0.013600465841591358, 0.997096061706543]}, "1": {"time": 12.636308431625366, "reward": 0.6773763005286249, "lane_pos": {"dist": 0.053319115497845626, "dot_dir": 0.8299617537084527, "angle_deg": -33.90519061487063, "angle_rad": -0.5917572097457732}, "wheel_vel": [4.17839159065213e-16, 0.96], "action": [4.352491240262635e-16, 1.0]}, "2": {"time": 12.646267652511597, "reward": 0.09882064308861926, "lane_pos": {"dist": 0.053319115497845626, "dot_dir": 0.9993630449986216, "angle_deg": 2.0451024129458206, "angle_rad": 0.03569377064638528}, "wheel_vel": [0.96, -0.96], "action": [1.0, -1.0]}, "3": {"time": 12.656171083450317, "reward": 0.3500686199508947, "lane_pos": {"dist": 0.051395982944680174, "dot_dir": 0.9620492467611654, "angle_deg": -15.835470489283592, "angle_rad": -0.2763810986403961}, "wheel_vel": [0.005050442218780518, 0.9599995422363281], "action": [0.005260877311229706, 0.9999995231628418]}, "4": {"time": 12.66605544090271, "reward": 0.8616733546839976, "lane_pos": {"dist": 0.04470642135761427, "dot_dir": 0.8308813725078997, "angle_deg": -33.81061700299106, "angle_rad": -0.5901065888329714}, "wheel_vel": [1.071848526601471e-11, 0.96], "action": [1.1165088818765323e-11, 1.0]}, "5": {"time": 12.675895690917969, "reward": 0.14272517730723974, "lane_pos": {"dist": 0.04467632896076568, "dot_dir": 0.999382978834675, "angle_deg": 2.0128434296964253, "angle_rad": 0.035130745175337624}, "wheel_vel": [0.9599629211425781, -0.9532633209228516], "action": [0.9999613761901855, -0.9929826259613037]}, "6": {"time": 12.685957670211792, "reward": 0.022729390141719708, "lane_pos": {"dist": 0.0477194170047992, "dot_dir": 0.9409200007010043, "angle_deg": 19.79336308380077, "angle_rad": 0.34545935585502174}, "wheel_vel": [0.9593952369689942, 0.009789688289165497], "action": [0.9993700385093689, 0.010197591967880726]}, "7": {"time": 12.696139812469482, "reward": 0.10039445295338481, "lane_pos": {"dist": 0.05070681964913715, "dot_dir": 0.9994965231390015, "angle_deg": 1.8182165698925976, "angle_rad": 0.03173386565894343}, "wheel_vel": [2.8949734861942466e-15, 0.96], "action": [3.0155973814523403e-15, 1.0]}, "8": {"time": 12.707191467285156, "reward": -0.08050350657989039, "lane_pos": {"dist": 0.0504402463557474, "dot_dir": 0.8054712281522148, "angle_deg": 36.34421105363795, "angle_rad": 0.6343261469256997}, "wheel_vel": [0.897128963470459, -0.9468034172058106], "action": [0.9345093369483948, -0.986253559589386]}, "9": {"time": 12.717081308364868, "reward": -0.23419751215338724, "lane_pos": {"dist": 0.0504402463557474, "dot_dir": 0.30412444060125676, "angle_deg": 72.29450408145428, "angle_rad": 1.261777127317856}, "wheel_vel": [0.96, -0.96], "action": [1.0, -1.0]}, "10": {"time": 12.726975202560425, "reward": -0.23166891403541812, "lane_pos": {"dist": -0.2844426244371079, "dot_dir": 0.31303254481974996, "angle_deg": -71.75791889536404, "angle_rad": -1.252411949103155}, "wheel_vel": [0.96, -0.9598549461364746], "action": [1.0, -0.9998489022254944]}, "11": {"time": 12.736870288848877, "reward": -0.23166791436034073, "lane_pos": {"dist": -0.3148341833474223, "dot_dir": 0.3130360612391119, "angle_deg": -71.75770675772397, "angle_rad": -1.252408246602868}, "wheel_vel": [0.96, 0.959988670349121], "action": [1.0, 0.9999881982803345]}, "12": {"time": 12.746653318405151, "reward": -0.06227587556621583, "lane_pos": {"dist": -0.31483714043725397, "dot_dir": 0.8109453759737774, "angle_deg": -35.81159969839188, "angle_rad": -0.6250303251431466}, "wheel_vel": [0.96, -0.9597764396667481], "action": [1.0, -0.9997671246528625]}, "13": {"time": 12.756547451019287, "reward": 0.11601808034340713, "lane_pos": {"dist": -0.31483714043725397, "dot_dir": 0.9999970702155133, "angle_deg": 0.13869332942470283, "angle_rad": 0.002420655249014197}, "wheel_vel": [0.96, -0.96], "action": [1.0, -1.0]}, "14": {"time": 12.766448736190796, "reward": 0.022430007710535382, "lane_pos": {"dist": -0.31728832090464076, "dot_dir": 0.9519347091582351, "angle_deg": -17.83645298844512, "angle_rad": -0.31130483152554944}, "wheel_vel": [1.0469847495642169e-08, 0.96], "action": [1.0906091141293928e-08, 1.0]}, "15": {"time": 12.776319742202759, "reward": 0.39412977762374135, "lane_pos": {"dist": -0.31728832090464076, "dot_dir": 0.9504406586842474, "angle_deg": 18.11384003937124, "angle_rad": 0.3161461488666074}, "wheel_vel": [0.96, -0.96], "action": [1.0, -1.0]}, "16": {"time": 12.786333560943604, "reward": 0.892532554474826, "lane_pos": {"dist": -0.3111609280809585, "dot_dir": 0.7769870213742522, "angle_deg": 39.0144682684776, "angle_rad": 0.6809309271997851}, "wheel_vel": [0.9447104072570801, -0.17153101444244384], "action": [0.9840733408927917, -0.17867814004421234]}, "17": {"time": 12.796526193618774, "reward": 0.3348709427256767, "lane_pos": {"dist": -0.3111609280809585, "dot_dir": 0.25941307083106824, "angle_deg": 74.96476129629396, "angle_rad": 1.308381907591942}, "wheel_vel": [0.96, -0.96], "action": [1.0, -1.0]}, "18": {"time": 12.806907892227173, "reward": 0.3348709427256767, "lane_pos": {"dist": -0.2802564013042813, "dot_dir": 0.25941307083106824, "angle_deg": 74.96476129629396, "angle_rad": 1.308381907591942}, "wheel_vel": [0.96, 0.96], "action": [1.0, 1.0]}, "19": {"time": 12.817871332168579, "reward": 0.40362462411042543, "lane_pos": {"dist": -0.25266635123961767, "dot_dir": 0.31895091992083896, "angle_deg": 71.40050716523896, "angle_rad": 1.2461739376272227}, "wheel_vel": [0.769643611907959, 0.96], "action": [0.8017120957374573, 1.0]}, "20": {"time": 12.827822923660278, "reward": 0.7357505835775655, "lane_pos": {"dist": -0.23854350344206587, "dot_dir": 0.5958694377784961, "angle_deg": 53.42536280664807, "angle_rad": 0.9324484850485274}, "wheel_vel": [1.1510919193824521e-07, 0.96], "action": [1.1990540826900542e-07, 1.0]}, "21": {"time": 12.837737560272217, "reward": 0.7258701614465203, "lane_pos": {"dist": -0.21297188878081819, "dot_dir": 0.5926272686673992, "angle_deg": 53.65633034081677, "angle_rad": 0.9364796289849838}, "wheel_vel": [0.96, 0.9476646995544433], "action": [1.0, 0.9871507287025452]}, "22": {"time": 12.847515106201172, "reward": 0.7257331318939403, "lane_pos": {"dist": -0.18719876962141102, "dot_dir": 0.59258040974827, "angle_deg": 53.65966347313174, "angle_rad": 0.9365378031182846}, "wheel_vel": [0.959988784790039, 0.9598107719421387], "action": [0.999988317489624, 0.9998028874397278]}, "23": {"time": 12.857305765151978, "reward": 0.793809801739315, "lane_pos": {"dist": -0.16254887011323949, "dot_dir": 0.6104638412384695, "angle_deg": 52.376950732796686, "angle_rad": 0.9141502424421589}, "wheel_vel": [0.8914940643310547, 0.96], "action": [0.9286396503448486, 1.0]}, "24": {"time": 12.867248773574829, "reward": 1.0860457677690427, "lane_pos": {"dist": -0.1409518748851386, "dot_dir": 0.661432813015746, "angle_deg": 48.59076098831073, "angle_rad": 0.8480687652956361}, "wheel_vel": [0.7389130783081056, 0.9411223983764648], "action": [0.7697011232376099, 0.9803358316421509]}, "25": {"time": 12.877144575119019, "reward": 0.7218712343384583, "lane_pos": {"dist": -0.12680943766541097, "dot_dir": 0.8065301746337071, "angle_deg": 36.24170772067986, "angle_rad": 0.632537126271313}, "wheel_vel": [0.3004636287689209, 0.9599904441833497], "action": [0.3129829466342926, 0.9999900460243225]}, "26": {"time": 12.887248754501343, "reward": 0.3881640560179404, "lane_pos": {"dist": -0.12680943766541097, "dot_dir": 0.3058282318874996, "angle_deg": 72.19200074849623, "angle_rad": 1.25998810666347}, "wheel_vel": [0.96, -0.96], "action": [1.0, -1.0]}, "27": {"time": 12.898475408554077, "reward": -0.2321391507417912, "lane_pos": {"dist": -0.10719056233458901, "dot_dir": 0.3113779829876463, "angle_deg": -71.85770622368743,