{"0": {"time": 4.612509727478027, "reward": 0.0431646717674653, "lane_pos": {"dist": -0.050637939333921814, "dot_dir": 0.9726283688860407, "angle_deg": -13.436420617764785, "angle_rad": -0.23450977946284599}, "wheel_vel": [5.581718762323259e-15, 0.96], "action": [5.814290377420062e-15, 1.0]}, "1": {"time": 4.622782945632935, "reward": -0.022071369075632896, "lane_pos": {"dist": -0.05702783729502201, "dot_dir": 0.8887777698480961, "angle_deg": -27.27993844166326, "angle_rad": -0.4761247455483949}, "wheel_vel": [0.14598203659057618, 0.96], "action": [0.15206462144851685, 1.0]}, "2": {"time": 4.634545087814331, "reward": 0.22328017825546195, "lane_pos": {"dist": -0.05702777783545444, "dot_dir": 0.9885731233585023, "angle_deg": 8.669934596481804, "angle_rad": 0.15131890464117345}, "wheel_vel": [0.9599775695800782, -0.96], "action": [0.999976634979248, -1.0]}, "3": {"time": 4.644773483276367, "reward": 1.2246058023667539, "lane_pos": {"dist": -0.057144923383443055, "dot_dir": 0.7179549215269505, "angle_deg": 44.1141079282947, "angle_rad": 0.7699364299288771}, "wheel_vel": [0.9384511756896973, -0.9545184516906738], "action": [0.9775533080101013, -0.9942900538444519]}, "4": {"time": 4.654955625534058, "reward": 0.6110610413937578, "lane_pos": {"dist": -0.04783162674699742, "dot_dir": 0.8855239314567733, "angle_deg": 27.683934411277118, "angle_rad": 0.4831758053829437}, "wheel_vel": [0.0021612415462732315, 0.9594070816040039], "action": [0.0022512932773679495, 0.9993823766708374]}, "5": {"time": 4.6658408641815186, "reward": -0.4194898972248958, "lane_pos": {"dist": -0.19038474024744553, "dot_dir": -0.3682791956217018, "angle_deg": -111.6095299026743, "angle_rad": -1.9479537734047327}, "wheel_vel": [0.9599012374877929, -0.9544933319091796], "action": [0.9998971223831177, -0.9942638874053955]}, "6": {"time": 4.6763832569122314, "reward": 0.6208071316928551, "lane_pos": {"dist": -0.034760971323822665, "dot_dir": 0.6937293851339589, "angle_deg": 46.07394808953868, "angle_rad": 0.8041420935554011}, "wheel_vel": [5.56057333511717e-11, 0.96], "action": [5.7922638907470514e-11, 1.0]}, "7": {"time": 4.6865174770355225, "reward": 0.8235110681666371, "lane_pos": {"dist": -0.025009379884836067, "dot_dir": 0.8707999840621525, "angle_deg": 29.44826371097561, "angle_rad": 0.5139691607520882}, "wheel_vel": [6.478150405578237e-28, 0.96], "action": [6.748073339143997e-28, 1.0]}, "8": {"time": 4.69737696647644, "reward": 0.37397418879427036, "lane_pos": {"dist": -0.034233607321298924, "dot_dir": 0.6860149987806365, "angle_deg": 46.684516578470706, "angle_rad": 0.8147985239961916}, "wheel_vel": [0.045689502954483034, -0.946919174194336], "action": [0.04759323224425316, -0.9863741397857666]}, "9": {"time": 4.7078328132629395, "reward": 0.7483881640356024, "lane_pos": {"dist": -0.0243301766922028, "dot_dir": 0.8655115395303503, "angle_deg": 30.058832199907645, "angle_rad": 0.5246255911928788}, "wheel_vel": [2.827742394373217e-35, 0.96], "action": [2.9455649941387674e-35, 1.0]}, "10": {"time": 4.718149900436401, "reward": 0.3095847824337748, "lane_pos": {"dist": -0.030721243131971776, "dot_dir": 0.6461011494884059, "angle_deg": 49.75171383555105, "angle_rad": 0.8683312149403825}, "wheel_vel": [0.2474008369445801, -0.848042507171631], "action": [0.25770920515060425, -0.8833776116371155]}, "11": {"time": 4.728844404220581, "reward": 0.6174498054717195, "lane_pos": {"dist": -0.02018157626825962, "dot_dir": 0.8371932052925621, "angle_deg": 33.155094831092, "angle_rad": 0.5786655686135086}, "wheel_vel": [8.786623964840011e-33, 0.96], "action": [9.152733296708346e-33, 1.0]}, "12": {"time": 4.73918890953064, "reward": -0.39935390463368403, "lane_pos": {"dist": -0.2219095474320622, "dot_dir": -0.29786661524793134, "angle_deg": -107.32951205699078, "angle_rad": -1.8732533699534408}, "wheel_vel": [0.9597687721252441, -0.8470335960388183], "action": [0.9997591376304626, -0.8823266625404358]}, "13": {"time": 4.749800443649292, "reward": 0.1129886113646647, "lane_pos": {"dist": -0.005184270233002714, "dot_dir": 0.6444782646588831, "angle_deg": 49.87343118979365, "angle_rad": 0.8704555835287321}, "wheel_vel": [1.1643751796075465e-11, 0.96], "action": [1.2128908120911941e-11, 1.0]}, "14": {"time": 4.7615320682525635, "reward": 0.1987479615281881, "lane_pos": {"dist": 0.005382722337813329, "dot_dir": 0.8378024059026912, "angle_deg": 33.091218477916414, "angle_rad": 0.5775507159364279}, "wheel_vel": [2.265586545036058e-08, 0.96], "action": [2.3599859844125604e-08, 1.0]}, "15": {"time": 4.7716944217681885, "reward": 0.3741306517667495, "lane_pos": {"dist": 0.012127805039924524, "dot_dir": 0.9563090513173012, "angle_deg": 16.999158223657187, "angle_rad": 0.2966912810702885}, "wheel_vel": [3.912629660367262e-14, 0.96], "action": [4.0756558962158976e-14, 1.0]}, "16": {"time": 4.782118082046509, "reward": 0.017585438839403583, "lane_pos": {"dist": 0.01212779536076063, "dot_dir": 0.602519647348752, "angle_deg": 52.94943196623354, "angle_rad": 0.9241419248715103}, "wheel_vel": [0.9599989700317383, -0.96], "action": [0.999998927116394, -1.0]}, "17": {"time": 4.793119668960571, "reward": -0.09774564467921276, "lane_pos": {"dist": 0.026670645615130002, "dot_dir": 0.6271190528380122, "angle_deg": 51.16211012981234, "angle_rad": 0.8929472740331689}, "wheel_vel": [0.434890251159668, 0.711698055267334], "action": [0.4530106782913208, 0.7413521409034729]}, "18": {"time": 4.80360221862793, "reward": 0.0036627930193511293, "lane_pos": {"dist": 0.037368906684668794, "dot_dir": 0.8368888776244009, "angle_deg": 33.1869636204683, "angle_rad": 0.5792217839167496}, "wheel_vel": [2.437557888868014e-10, 0.96], "action": [2.539122800904181e-10, 1.0]}, "19": {"time": 4.813880920410156, "reward": 0.053363679903236094, "lane_pos": {"dist": 0.04401160256665382, "dot_dir": 0.9580144624327358, "angle_deg": 16.661681561853182, "angle_rad": 0.2908012021731693}, "wheel_vel": [3.1271747518843814e-19, 0.96], "action": [3.2574736998795636e-19, 1.0]}, "20": {"time": 4.825595140457153, "reward": 0.14158804546588244, "lane_pos": {"dist": 0.046389642040921206, "dot_dir": 0.9999500462454672, "angle_deg": 0.5726951508650379, "angle_rad": 0.009995415992800563}, "wheel_vel": [7.610647479649481e-29, 0.96], "action": [7.927757791301542e-29, 1.0]}, "21": {"time": 4.83608865737915, "reward": -0.05031614484605479, "lane_pos": {"dist": 0.046389642040921206, "dot_dir": 0.8036181414766046, "angle_deg": 36.52298817868063, "angle_rad": 0.6374463963849439}, "wheel_vel": [0.96, -0.96], "action": [1.0, -1.0]}, "22": {"time": 4.848115921020508, "reward": -0.3714353066862761, "lane_pos": {"dist": -0.2960874444107911, "dot_dir": -0.19795277894885033, "angle_deg": -101.41726858670648, "angle_rad": -1.7700652552174443}, "wheel_vel": [0.96, -0.96], "action": [1.0, -1.0]}, "23": {"time": 4.8583080768585205, "reward": -0.15585131888793707, "lane_pos": {"dist": 0.060720134974713805, "dot_dir": 0.563974002272952, "angle_deg": 55.66892550728177, "angle_rad": 0.9716060411495214}, "wheel_vel": [1.1441223684352374e-17, 0.96], "action": [1.1917941337867055e-17, 1.0]}, "24": {"time": 4.86919093132019, "reward": -0.07871349542396594, "lane_pos": {"dist": 0.0724346244175496, "dot_dir": 0.773842741561176, "angle_deg": 39.299770969093785, "angle_rad": 0.6859103986903692}, "wheel_vel": [2.7304308787279296e-07, 0.96], "action": [2.84419883200826e-07, 1.0]}, "25": {"time": 4.879915952682495, "reward": -0.0018123860750238197, "lane_pos": {"dist": 0.08066037162907666, "dot_dir": 0.9206354049954156, "angle_deg": 22.980848726247796, "angle_rad": 0.40109147517576904}, "wheel_vel": [1.6159139093474551e-09, 0.96], "action": [1.6832436555702657e-09, 1.0]}, "26": {"time": 4.8900980949401855, "reward": 0.07281676792639935, "lane_pos": {"dist": 0.08482889491227286, "dot_dir": 0.9922366168087254, "angle_deg": 7.144050382124055, "angle_rad": 0.12468720109642381}, "wheel_vel": [2.161209101488019e-21, 0.96], "action": [2.2512594807166868e-21, 1.0]}, "27": {"time": 4.900322675704956,