{"0": {"time": 6.395220756530762, "reward": 0.3110242716586702, "lane_pos": {"dist": 0.04963565674597259, "dot_dir": 0.9726548771536635, "angle_deg": -13.429882771102463, "angle_rad": -0.23439567251259796}, "wheel_vel": [0.06868321895599365, 0.96], "action": [0.07154501974582672, 1.0]}, "1": {"time": 6.40530252456665, "reward": 0.7680545462702429, "lane_pos": {"dist": 0.04355901612321711, "dot_dir": 0.8535050610212039, "angle_deg": -31.405029285010535, "angle_rad": -0.5481211627086745}, "wheel_vel": [6.8671500777495175e-15, 0.96], "action": [7.153281330989081e-15, 1.0]}, "2": {"time": 6.415255546569824, "reward": 0.12883899041290003, "lane_pos": {"dist": 0.043736542597425765, "dot_dir": 0.9991971401277232, "angle_deg": 2.2960776278106283, "angle_rad": 0.04007411448667638}, "wheel_vel": [0.8784372138977051, -0.9214403343200684], "action": [0.9150387644767761, -0.9598336815834045]}, "3": {"time": 6.4253175258636475, "reward": 0.1686095323103731, "lane_pos": {"dist": 0.043413458871181865, "dot_dir": 0.9956357243106233, "angle_deg": -5.354905285233096, "angle_rad": -0.09346072835976361}, "wheel_vel": [0.15911121368408201, 0.5677278327941895], "action": [0.16574084758758545, 0.591383159160614]}, "4": {"time": 6.43527889251709, "reward": -0.009599800198571873, "lane_pos": {"dist": 0.04342457892953755, "dot_dir": 0.8616030812084506, "angle_deg": 30.50294394459798, "angle_rad": 0.5323768033845016}, "wheel_vel": [0.9590891075134278, -0.9559737396240235], "action": [0.9990511536598206, -0.9958059787750244]}, "5": {"time": 6.445386171340942, "reward": -0.03842898310427015, "lane_pos": {"dist": 0.05514653663556923, "dot_dir": 0.8997303007264801, "angle_deg": 25.87736091449414, "angle_rad": 0.45164514968481356}, "wheel_vel": [0.6210927200317382, 0.8681315803527833], "action": [0.646971583366394, 0.9043037295341492]}, "6": {"time": 6.456090927124023, "reward": 0.06924328502769694, "lane_pos": {"dist": 0.059776041974742844, "dot_dir": 0.9905038716897493, "angle_deg": 7.902330577625615, "angle_rad": 0.13792168716059233}, "wheel_vel": [5.518030375242234e-06, 0.9599993133544922], "action": [5.747948307543993e-06, 0.9999992847442627]}, "7": {"time": 6.466266870498657, "reward": 0.005312989251778644, "lane_pos": {"dist": 0.06309156043694863, "dot_dir": 0.9891875063231502, "angle_deg": 8.433205021985655, "angle_rad": 0.14718719412937045}, "wheel_vel": [0.7142848777770996, 0.6859324264526367], "action": [0.7440467476844788, 0.7145129442214966]}, "8": {"time": 6.476370096206665, "reward": 0.23732077235599458, "lane_pos": {"dist": 0.0629373881152725, "dot_dir": 0.9861645196236188, "angle_deg": -9.541941491922481, "angle_rad": -0.1665382960667072}, "wheel_vel": [1.9195860873744532e-16, 0.96], "action": [1.9995688410150554e-16, 1.0]}, "9": {"time": 6.486364126205444, "reward": -0.01796411254543756, "lane_pos": {"dist": 0.0629373881152725, "dot_dir": 0.8956469399006787, "angle_deg": 26.408351535893864, "angle_rad": 0.4609126843254494}, "wheel_vel": [0.96, -0.96], "action": [1.0, -1.0]}, "10": {"time": 6.496558904647827, "reward": -0.08219942534388164, "lane_pos": {"dist": 0.0737802962521722, "dot_dir": 0.7989805241452739, "angle_deg": 36.96714043811547, "angle_rad": 0.645198315692254}, "wheel_vel": [0.9020872306823731, 0.33817319869995116], "action": [0.9396741986274719, 0.35226374864578247]}, "11": {"time": 6.506546497344971, "reward": 0.016889383384829093, "lane_pos": {"dist": 0.08126701355229804, "dot_dir": 0.9454492086168675, "angle_deg": 19.012203916167678, "angle_rad": 0.33182555639768596}, "wheel_vel": [0.0010792421177029609, 0.9599998855590821], "action": [0.0011242105392739177, 0.9999998807907104]}, "12": {"time": 6.516602039337158, "reward": -0.12251861865513636, "lane_pos": {"dist": 0.08545156874113191, "dot_dir": 0.8208975834136394, "angle_deg": 34.825253512607205, "angle_rad": 0.6078153366367163}, "wheel_vel": [0.7004368400573731, -0.14409188747406007], "action": [0.7296217083930969, -0.15009571611881256]}, "13": {"time": 6.526632070541382, "reward": -0.3054052432105139, "lane_pos": {"dist": 0.08452668809028685, "dot_dir": 0.799735205850385, "angle_deg": 36.89517619019354, "angle_rad": 0.6439423026222948}, "wheel_vel": [0.007907465100288391, -0.10264105081558228], "action": [0.008236942812800407, -0.10691776126623154]}, "14": {"time": 6.536667823791504, "reward": 0.017310535436970226, "lane_pos": {"dist": 0.09198627809291215, "dot_dir": 0.9459562352463031, "angle_deg": 18.922826603699693, "angle_rad": 0.3302656280185359}, "wheel_vel": [0.00014914683066308499, 0.9599997711181641], "action": [0.00015536128194071352, 0.9999997615814209]}, "15": {"time": 6.546733617782593, "reward": 1.0711395491191933e-05, "lane_pos": {"dist": 0.10170216220187145, "dot_dir": 0.9428299770255604, "angle_deg": 19.46762177713995, "angle_rad": 0.33977409754404186}, "wheel_vel": [0.9010696220397949, 0.871973705291748], "action": [0.9386141896247864, 0.9083059430122375]}, "16": {"time": 6.556789398193359, "reward": -0.15466845882033992, "lane_pos": {"dist": 0.10170216220187145, "dot_dir": 0.5675863453326007, "angle_deg": 55.41791480495629, "angle_rad": 0.9672250779361984}, "wheel_vel": [0.96, -0.96], "action": [1.0, -1.0]}, "17": {"time": 6.566818475723267, "reward": -0.3111889147552631, "lane_pos": {"dist": -0.3357028292417259, "dot_dir": 0.023863590989445002, "angle_deg": -88.63258714767662, "angle_rad": -1.5469304702877666}, "wheel_vel": [0.96, -0.9599575424194337], "action": [1.0, -0.9999557733535767]}, "18": {"time": 6.576847314834595, "reward": -0.4882940200766862, "lane_pos": {"dist": -0.32396954750030027, "dot_dir": 0.253956611454079, "angle_deg": -75.28823171777282, "angle_rad": -1.3140275314795618}, "wheel_vel": [4.440480144694448e-05, -0.7126385879516601], "action": [4.625500150723383e-05, -0.742331862449646]}, "19": {"time": 6.5866968631744385, "reward": -0.30225438861854603, "lane_pos": {"dist": 0.10582455586433037, "dot_dir": 0.056925903842302415, "angle_deg": 86.73662181588692, "angle_rad": 1.5138396327443697}, "wheel_vel": [2.5404636261328053e-09, 0.96], "action": [2.646316277221672e-09, 1.0]}, "20": {"time": 6.596614122390747, "reward": -0.3678077798340883, "lane_pos": {"dist": 0.11432519210309455, "dot_dir": 0.22359359889226857, "angle_deg": 77.07980950189132, "angle_rad": 1.345296462618014}, "wheel_vel": [1.7710814718157055e-05, 0.5157598114013672], "action": [1.8448765331413597e-05, 0.5372498035430908]}}